[Test-1] [0m[INFO] [1780635586.945191907] [test_node_cpp]: [YAW_OPT] init=-23.353 best=-27.000 best_err=12.448 curve=-70.000000,106.415887 -69.000000,103.149339 -68.000000,99.913346 -67.000000,96.709083 -66.000000,93.537495 -65.000000,90.399948 -64.000000,87.297123 -63.000000,84.230401 -62.000000,81.200772 -61.000000,78.209124 -60.000000,75.256717 -59.000000,72.344649 -58.000000,69.473980 -57.000000,66.645815 -56.000000,63.861393 -55.000000,61.121729 -54.000000,58.427987 -53.000000,55.781498 -52.000000,53.183534 -51.000000,50.635355 -50.000000,48.138525 -49.000000,45.694089 -48.000000,43.303909 -47.000000,40.969490 -46.000000,38.692817 -45.000000,36.475669 -44.000000,34.320401 -43.000000,32.229354 -42.000000,30.205384 -41.000000,28.251676 -40.000000,26.371923 -39.000000,24.570747 -38.000000,22.853192 -37.000000,21.225804 -36.000000,19.696595 -35.000000,18.274930 -34.000000,16.972769 -33.000000,15.804339 -32.000000,14.786069 -31.000000,13.935836 -30.000000,13.270442 -29.000000,12.801361 -28.000000,12.530710 -27.000000,12.447689 -26.000000,12.529750 -25.000000,12.747556 -24.000000,13.071122 -23.000000,13.473390 -22.000000,13.932033 -21.000000,14.428744 -20.000000,14.949190 -19.000000,15.481825 -18.000000,16.017542 -17.000000,16.549060 -16.000000,17.070719 -15.000000,17.577957 -14.000000,18.067621 -13.000000,18.537048 -12.000000,18.984751 -11.000000,19.409647 -10.000000,19.811239 -9.000000,20.189915 -8.000000,20.546285 -7.000000,20.881459 -6.000000,21.196883 -5.000000,21.494505 -4.000000,21.776206 -3.000000,22.044416 -2.000000,22.301835 -1.000000,22.550809 0.000000,22.793983 1.000000,23.034405 2.000000,23.274253 3.000000,23.516418 4.000000,23.763109 5.000000,24.016885 6.000000,24.279738 7.000000,24.553787 8.000000,24.841005 9.000000,25.143155 10.000000,25.462064 11.000000,25.799601 12.000000,26.157426 13.000000,26.537714 14.000000,26.942512 15.000000,27.374269 16.000000,27.835622 17.000000,28.330011 18.000000,28.860844 19.000000,29.432688 20.000000,30.050212 21.000000,30.719072 22.000000,31.445752 23.000000,32.237194 24.000000,33.100910 25.000000,34.044889 26.000000,35.077185 27.000000,36.205543 28.000000,37.436771 29.000000,38.776203 30.000000,40.227258 31.000000,41.790772 32.000000,43.465718 33.000000,45.248909 34.000000,47.135617 35.000000,49.120518 36.000000,51.197596 37.000000,53.361388 38.000000,55.606209 39.000000,57.927252 40.000000,60.319917 41.000000,62.779920 42.000000,65.303854 43.000000,67.888192 44.000000,70.530180 45.000000,73.226925 46.000000,75.976104 47.000000,78.775396 48.000000,81.622707 49.000000,84.516294 50.000000,87.454225 51.000000,90.434652 52.000000,93.456203 53.000000,96.517191 54.000000,99.616141 55.000000,102.751531 56.000000,105.922162 57.000000,109.126581 58.000000,112.363348 59.000000,115.631315 60.000000,118.929078 61.000000,122.255514 62.000000,125.609180 63.000000,128.988968 64.000000,132.393702 65.000000,135.822105 66.000000,139.272891 67.000000,142.744990 68.000000,146.237129 69.000000,149.748084 [0m
[Test-1] [0m[INFO] [1780635586.975968812] [test_node_cpp]: [YAW_OPT] init=-13.404 best=-19.000 best_err=8.464 curve=-70.000000,115.439115 -69.000000,112.084810 -68.000000,108.762805 -67.000000,105.473732 -66.000000,102.218777 -65.000000,98.999080 -64.000000,95.815523 -63.000000,92.668942 -62.000000,89.560721 -61.000000,86.491705 -60.000000,83.462807 -59.000000,80.474877 -58.000000,77.529263 -57.000000,74.626786 -56.000000,71.768374 -55.000000,68.954801 -54.000000,66.187455 -53.000000,63.467005 -52.000000,60.794573 -51.000000,58.170979 -50.000000,55.597388 -49.000000,53.074463 -48.000000,50.603719 -47.000000,48.185658 -46.000000,45.821488 -45.000000,43.512497 -44.000000,41.259260 -43.000000,39.063449 -42.000000,36.925823 -41.000000,34.847760 -40.000000,32.830415 -39.000000,30.875281 -38.000000,28.983608 -37.000000,27.156914 -36.000000,25.396802 -35.000000,23.704885 -34.000000,22.082765 -33.000000,20.532846 -32.000000,19.056673 -31.000000,17.656454 -30.000000,16.334675 -29.000000,15.093755 -28.000000,13.936721 -27.000000,12.867226 -26.000000,11.889672 -25.000000,11.010272 -24.000000,10.237730 -23.000000,9.584501 -22.000000,9.066614 -21.000000,8.701073 -20.000000,8.500245 -19.000000,8.463651 -18.000000,8.573235 -17.000000,8.797152 -16.000000,9.100942 -15.000000,9.454812 -14.000000,9.837166 -13.000000,10.233276 -12.000000,10.633447 -11.000000,11.031534 -10.000000,11.423985 -9.000000,11.808809 -8.000000,12.185319 -7.000000,12.553594 -6.000000,12.914715 -5.000000,13.269790 -4.000000,13.620701 -3.000000,13.969352 -2.000000,14.317948 -1.000000,14.668436 0.000000,15.023533 1.000000,15.385277 2.000000,15.756368 3.000000,16.139151 4.000000,16.536145 5.000000,16.950239 6.000000,17.384780 7.000000,17.842882 8.000000,18.328686 9.000000,18.846543 10.000000,19.401546 11.000000,19.999516 12.000000,20.647232 13.000000,21.351675 14.000000,22.120858 15.000000,22.962658 16.000000,23.885428 17.000000,24.896223 18.000000,26.001715 19.000000,27.206223 20.000000,28.511780 21.000000,29.918428 22.000000,31.423927 23.000000,33.024867 24.000000,34.716720 25.000000,36.495173 26.000000,38.355530 27.000000,40.293638 28.000000,42.306080 29.000000,44.389013 30.000000,46.539984 31.000000,48.756143 32.000000,51.034890 33.000000,53.374664 34.000000,55.773167 35.000000,58.228722 36.000000,60.739751 37.000000,63.304797 38.000000,65.922337 39.000000,68.591094 40.000000,71.309673 41.000000,74.076937 42.000000,76.891508 43.000000,79.752338 44.000000,82.658362 45.000000,85.608164 46.000000,88.600883 47.000000,91.635257 48.000000,94.710018 49.000000,97.824297 50.000000,100.977033 51.000000,104.167045 52.000000,107.393384 53.000000,110.654524 54.000000,113.949736 55.000000,117.277736 56.000000,120.637710 57.000000,124.028286 58.000000,127.448383 59.000000,130.897116 60.000000,134.373000 61.000000,137.875205 62.000000,141.402393 63.000000,144.953549 64.000000,148.527721 65.000000,152.123653 66.000000,155.739961 67.000000,159.375762 68.000000,163.029927 69.000000,166.701196 [0m
[Test-1] [0m[INFO] [1780635587.092509586] [test_node_cpp]: [YAW_OPT] init=-9.367 best=-15.000 best_err=5.707 curve=-70.000000,116.119858 -69.000000,112.745685 -68.000000,109.404593 -67.000000,106.097079 -66.000000,102.824747 -65.000000,99.588157 -64.000000,96.388487 -63.000000,93.226671 -62.000000,90.103947 -61.000000,87.020895 -60.000000,83.978816 -59.000000,80.978297 -58.000000,78.020831 -57.000000,75.106770 -56.000000,72.237440 -55.000000,69.413623 -54.000000,66.636297 -53.000000,63.906205 -52.000000,61.224581 -51.000000,58.592120 -50.000000,56.009616 -49.000000,53.478332 -48.000000,50.998844 -47.000000,48.572165 -46.000000,46.199336 -45.000000,43.881001 -44.000000,41.618464 -43.000000,39.412551 -42.000000,37.264277 -41.000000,35.174784 -40.000000,33.145087 -39.000000,31.176472 -38.000000,29.270039 -37.000000,27.427140 -36.000000,25.649230 -35.000000,23.937620 -34.000000,22.294366 -33.000000,20.720598 -32.000000,19.218636 -31.000000,17.789781 -30.000000,16.435955 -29.000000,15.158677 -28.000000,13.959276 -27.000000,12.838558 -26.000000,11.796606 -25.000000,10.833358 -24.000000,9.948054 -23.000000,9.139102 -22.000000,8.405262 -21.000000,7.745683 -20.000000,7.160541 -19.000000,6.653342 -18.000000,6.232883 -17.000000,5.916720 -16.000000,5.732726 -15.000000,5.707093 -14.000000,5.833534 -13.000000,6.071048 -12.000000,6.373174 -11.000000,6.707187 -10.000000,7.054210 -9.000000,7.404126 -8.000000,7.752443 -7.000000,8.097941 -6.000000,8.440741 -5.000000,8.782678 -4.000000,9.125858 -3.000000,9.472897 -2.000000,9.827005 -1.000000,10.191002 0.000000,10.568253 1.000000,10.962093 2.000000,11.376478 3.000000,11.815610 4.000000,12.284134 5.000000,12.787485 6.000000,13.331627 7.000000,13.923236 8.000000,14.569411 9.000000,15.277378 10.000000,16.054602 11.000000,16.907940 12.000000,17.843619 13.000000,18.866664 14.000000,19.980661 15.000000,21.186873 16.000000,22.484984 17.000000,23.872421 18.000000,25.346409 19.000000,26.903203 20.000000,28.539200 21.000000,30.251309 22.000000,32.036029 23.000000,33.890937 24.000000,35.813726 25.000000,37.802158 26.000000,39.854571 27.000000,41.968983 28.000000,44.144101 29.000000,46.378453 30.000000,48.670694 31.000000,51.019706 32.000000,53.424420 33.000000,55.883475 34.000000,58.395814 35.000000,60.960603 36.000000,63.576501 37.000000,66.242688 38.000000,68.958236 39.000000,71.721984 40.000000,74.532840 41.000000,77.390036 42.000000,80.292450 43.000000,83.239092 44.000000,86.229224 45.000000,89.261330 46.000000,92.334924 47.000000,95.448508 48.000000,98.601588 49.000000,101.792647 50.000000,105.021160 51.000000,108.285561 52.000000,111.585133 53.000000,114.918674 54.000000,118.285296 55.000000,121.683993 56.000000,125.113373 57.000000,128.572570 58.000000,132.060456 59.000000,135.575965 60.000000,139.117863 61.000000,142.685257 62.000000,146.276923 63.000000,149.891855 64.000000,153.528758 65.000000,157.186521 66.000000,160.864280 67.000000,164.560476 68.000000,168.274267 69.000000,172.004404 [0m
[Test-1] [0m[INFO] [1780635587.118715586] [test_node_cpp]: [YAW_OPT] init=-1.472 best=-5.000 best_err=3.828 curve=-70.000000,111.736651 -69.000000,108.398449 -68.000000,105.093552 -67.000000,101.823557 -66.000000,98.588818 -65.000000,95.390574 -64.000000,92.229787 -63.000000,89.107205 -62.000000,86.024411 -61.000000,82.981779 -60.000000,79.980408 -59.000000,77.021286 -58.000000,74.105145 -57.000000,71.233107 -56.000000,68.405768 -55.000000,65.624381 -54.000000,62.889324 -53.000000,60.201826 -52.000000,57.562886 -51.000000,54.972910 -50.000000,52.432762 -49.000000,49.943348 -48.000000,47.505696 -47.000000,45.120211 -46.000000,42.787952 -45.000000,40.509483 -44.000000,38.286030 -43.000000,36.117972 -42.000000,34.006363 -41.000000,31.952125 -40.000000,29.956108 -39.000000,28.019414 -38.000000,26.143221 -37.000000,24.329156 -36.000000,22.579166 -35.000000,20.895866 -34.000000,19.283250 -33.000000,17.747417 -32.000000,16.298308 -31.000000,14.951087 -30.000000,13.723875 -29.000000,12.626080 -28.000000,11.648618 -27.000000,10.772549 -26.000000,9.985458 -25.000000,9.285574 -24.000000,8.673063 -23.000000,8.138742 -22.000000,7.662086 -21.000000,7.224298 -20.000000,6.812458 -19.000000,6.419524 -18.000000,6.042532 -17.000000,5.680703 -16.000000,5.334972 -15.000000,5.007707 -14.000000,4.703715 -13.000000,4.430361 -12.000000,4.203456 -11.000000,4.049646 -10.000000,3.970713 -9.000000,3.928320 -8.000000,3.895768 -7.000000,3.865510 -6.000000,3.839316 -5.000000,3.827503 -4.000000,3.849165 -3.000000,3.929231 -2.000000,4.087397 -1.000000,4.328147 0.000000,4.646493 1.000000,5.038033 2.000000,5.503502 3.000000,6.046481 4.000000,6.670298 5.000000,7.376034 6.000000,8.162550 7.000000,9.027947 8.000000,9.970239 9.000000,10.988271 10.000000,12.081110 11.000000,13.247708 12.000000,14.487179 13.000000,15.798652 14.000000,17.180967 15.000000,18.632696 16.000000,20.152990 17.000000,21.740180 18.000000,23.393535 19.000000,25.111660 20.000000,26.893362 21.000000,28.737559 22.000000,30.643342 23.000000,32.609634 24.000000,34.635583 25.000000,36.719904 26.000000,38.862155 27.000000,41.060970 28.000000,43.315846 29.000000,45.625849 30.000000,47.989973 31.000000,50.407432 32.000000,52.877186 33.000000,55.398721 34.000000,57.970950 35.000000,60.592853 36.000000,63.263938 37.000000,65.982964 38.000000,68.749366 39.000000,71.561855 40.000000,74.419790 41.000000,77.322369 42.000000,80.268365 43.000000,83.256863 44.000000,86.287222 45.000000,89.358339 46.000000,92.469058 47.000000,95.618755 48.000000,98.806328 49.000000,102.030394 50.000000,105.290566 51.000000,108.585243 52.000000,111.913935 53.000000,115.275157 54.000000,118.668280 55.000000,122.092081 56.000000,125.545442 57.000000,129.027379 58.000000,132.536666 59.000000,136.072553 60.000000,139.633696 61.000000,143.218745 62.000000,146.827205 63.000000,150.457730 64.000000,154.108970 65.000000,157.780064 66.000000,161.469786 67.000000,165.177025 68.000000,168.900581 69.000000,172.639441 [0m
[Test-1] [0m[INFO] [1780635587.144707231] [test_node_cpp]: [YAW_OPT] init=4.435 best=4.000 best_err=2.022 curve=-70.000000,104.565682 -69.000000,101.279638 -68.000000,98.027447 -67.000000,94.810228 -66.000000,91.628979 -65.000000,88.484438 -64.000000,85.378095 -63.000000,82.310595 -62.000000,79.282826 -61.000000,76.295768 -60.000000,73.350815 -59.000000,70.448372 -58.000000,67.589358 -57.000000,64.775148 -56.000000,62.006197 -55.000000,59.283810 -54.000000,56.608765 -53.000000,53.982078 -52.000000,51.404468 -51.000000,48.876990 -50.000000,46.400786 -49.000000,43.976611 -48.000000,41.605763 -47.000000,39.289173 -46.000000,37.028209 -45.000000,34.824149 -44.000000,32.679081 -43.000000,30.594925 -42.000000,28.574669 -41.000000,26.623229 -40.000000,24.748342 -39.000000,22.968349 -38.000000,21.329592 -37.000000,19.929313 -36.000000,18.794352 -35.000000,17.825099 -34.000000,16.962837 -33.000000,16.190465 -32.000000,15.499864 -31.000000,14.880939 -30.000000,14.320728 -29.000000,13.805267 -28.000000,13.322738 -27.000000,12.864851 -26.000000,12.424589 -25.000000,11.998084 -24.000000,11.582276 -23.000000,11.175584 -22.000000,10.777305 -21.000000,10.387426 -20.000000,10.006302 -19.000000,9.635499 -18.000000,9.277306 -17.000000,8.933895 -16.000000,8.608458 -15.000000,8.301938 -14.000000,8.014138 -13.000000,7.740778 -12.000000,7.476544 -11.000000,7.217790 -10.000000,6.970859 -9.000000,6.760005 -8.000000,6.585970 -7.000000,6.401197 -6.000000,6.176622 -5.000000,5.902380 -4.000000,5.575998 -3.000000,5.197075 -2.000000,4.768226 -1.000000,4.293919 0.000000,3.782642 1.000000,3.249813 2.000000,2.725507 3.000000,2.270744 4.000000,2.022323 5.000000,2.207264 6.000000,2.834219 7.000000,3.688038 8.000000,4.673195 9.000000,5.758626 10.000000,6.930174 11.000000,8.180135 12.000000,9.503128 13.000000,10.895820 14.000000,12.355710 15.000000,13.880911 16.000000,15.470042 17.000000,17.121692 18.000000,18.834827 19.000000,20.608665 20.000000,22.441897 21.000000,24.334135 22.000000,26.284535 23.000000,28.292375 24.000000,30.356542 25.000000,32.476884 26.000000,34.652264 27.000000,36.881871 28.000000,39.165248 29.000000,41.501636 30.000000,43.890021 31.000000,46.329858 32.000000,48.820531 33.000000,51.360895 34.000000,53.950199 35.000000,56.587946 36.000000,59.273006 37.000000,62.004645 38.000000,64.782245 39.000000,67.604671 40.000000,70.470966 41.000000,73.380617 42.000000,76.332275 43.000000,79.325565 44.000000,82.359520 45.000000,85.432656 46.000000,88.544366 47.000000,91.693661 48.000000,94.879805 49.000000,98.101594 50.000000,101.358149 51.000000,104.648375 52.000000,107.971302 53.000000,111.325821 54.000000,114.711200 55.000000,118.126095 56.000000,121.569652 57.000000,125.040777 58.000000,128.538482 59.000000,132.061552 60.000000,135.608884 61.000000,139.179508 62.000000,142.772319 63.000000,146.386344 64.000000,150.020236 65.000000,153.672907 66.000000,157.343610 67.000000,161.030771 68.000000,164.733527 69.000000,168.450540 [0m
[Test-1] [0m[INFO] [1780635587.173211178] [test_node_cpp]: [YAW_OPT] init=11.701 best=12.000 best_err=2.024 curve=-70.000000,92.598450 -69.000000,89.402097 -68.000000,86.241023 -67.000000,83.115863 -66.000000,80.028122 -65.000000,76.978633 -64.000000,73.968823 -63.000000,70.999841 -62.000000,68.072639 -61.000000,65.188928 -60.000000,62.349925 -59.000000,59.556934 -58.000000,56.811628 -57.000000,54.115892 -56.000000,51.471564 -55.000000,48.880661 -54.000000,46.346236 -53.000000,43.871710 -52.000000,41.460759 -51.000000,39.119494 -50.000000,36.856098 -49.000000,34.682284 -48.000000,32.616620 -47.000000,30.687324 -46.000000,28.933197 -45.000000,27.389614 -44.000000,26.061269 -43.000000,24.918486 -42.000000,23.922884 -41.000000,23.045342 -40.000000,22.264761 -39.000000,21.564907 -38.000000,20.932159 -37.000000,20.354513 -36.000000,19.822214 -35.000000,19.327011 -34.000000,18.862862 -33.000000,18.424946 -32.000000,18.010258 -31.000000,17.617199 -30.000000,17.245202 -29.000000,16.894907 -28.000000,16.567571 -27.000000,16.265441 -26.000000,15.991610 -25.000000,15.748373 -24.000000,15.537849 -23.000000,15.359896 -22.000000,15.212138 -21.000000,15.091059 -20.000000,14.993230 -19.000000,14.920975 -18.000000,14.895082 -17.000000,14.966789 -16.000000,15.141475 -15.000000,15.343870 -14.000000,15.524014 -13.000000,15.662666 -12.000000,15.751577 -11.000000,15.786557 -10.000000,15.764660 -9.000000,15.684623 -8.000000,15.544928 -7.000000,15.345114 -6.000000,15.084134 -5.000000,14.762118 -4.000000,14.378402 -3.000000,13.933046 -2.000000,13.425826 -1.000000,12.857032 0.000000,12.226905 1.000000,11.535664 2.000000,10.783869 3.000000,9.972276 4.000000,9.101974 5.000000,8.174981 6.000000,7.193767 7.000000,6.163332 8.000000,5.093143 9.000000,4.002602 10.000000,2.947501 11.000000,2.134281 12.000000,2.023572 13.000000,2.671164 14.000000,3.849764 15.000000,5.264051 16.000000,6.798946 17.000000,8.420964 18.000000,10.116347 19.000000,11.878509 20.000000,13.703751 21.000000,15.589537 22.000000,17.533772 23.000000,19.535407 24.000000,21.593206 25.000000,23.706172 26.000000,25.873165 27.000000,28.093756 28.000000,30.366810 29.000000,32.691478 30.000000,35.067334 31.000000,37.493055 32.000000,39.968371 33.000000,42.492240 34.000000,45.063802 35.000000,47.682388 36.000000,50.347134 37.000000,53.057294 38.000000,55.811755 39.000000,58.609892 40.000000,61.450962 41.000000,64.333989 42.000000,67.257727 43.000000,70.221942 44.000000,73.225285 45.000000,76.266769 46.000000,79.345792 47.000000,82.461363 48.000000,85.612271 49.000000,88.797780 50.000000,92.016903 51.000000,95.268554 52.000000,98.551870 53.000000,101.865633 54.000000,105.209232 55.000000,108.581207 56.000000,111.980946 57.000000,115.407101 58.000000,118.858583 59.000000,122.334533 60.000000,125.833979 61.000000,129.355695 62.000000,132.898715 63.000000,136.461688 64.000000,140.043885 65.000000,143.643971 66.000000,147.261086 67.000000,150.893771 68.000000,154.541047 69.000000,158.202185 [0m
[Test-1] [0m[INFO] [1780635587.202710680] [test_node_cpp]: [YAW_OPT] init=20.389 best=20.000 best_err=2.719 curve=-70.000000,76.289505 -69.000000,73.159179 -68.000000,70.068511 -67.000000,67.019276 -66.000000,64.013762 -65.000000,61.054599 -64.000000,58.144609 -63.000000,55.287412 -62.000000,52.487721 -61.000000,49.751821 -60.000000,47.087848 -59.000000,44.508738 -58.000000,42.034119 -57.000000,39.697313 -56.000000,37.549590 -55.000000,35.655775 -54.000000,34.049961 -53.000000,32.701145 -52.000000,31.551327 -51.000000,30.554756 -50.000000,29.682580 -49.000000,28.913941 -48.000000,28.232004 -47.000000,27.622053 -46.000000,27.071246 -45.000000,26.569381 -44.000000,26.107763 -43.000000,25.680529 -42.000000,25.283117 -41.000000,24.913316 -40.000000,24.569861 -39.000000,24.252872 -38.000000,23.963814 -37.000000,23.706061 -36.000000,23.483337 -35.000000,23.300622 -34.000000,23.163099 -33.000000,23.075269 -32.000000,23.040774 -31.000000,23.061144 -30.000000,23.138767 -29.000000,23.281087 -28.000000,23.513138 -27.000000,23.886362 -26.000000,24.426159 -25.000000,25.071765 -24.000000,25.748801 -23.000000,26.416111 -22.000000,27.054073 -21.000000,27.651836 -20.000000,28.202537 -19.000000,28.702800 -18.000000,29.149568 -17.000000,29.540295 -16.000000,29.874030 -15.000000,30.149308 -14.000000,30.364840 -13.000000,30.520070 -12.000000,30.614423 -11.000000,30.647442 -10.000000,30.618618 -9.000000,30.527663 -8.000000,30.374521 -7.000000,30.158753 -6.000000,29.880027 -5.000000,29.538947 -4.000000,29.134878 -3.000000,28.667980 -2.000000,28.138383 -1.000000,27.546272 0.000000,26.891502 1.000000,26.174550 2.000000,25.395621 3.000000,24.554504 4.000000,23.652097 5.000000,22.688359 6.000000,21.663913 7.000000,20.578904 8.000000,19.434449 9.000000,18.230649 10.000000,16.968738 11.000000,15.649784 12.000000,14.275316 13.000000,12.847203 14.000000,11.368320 15.000000,9.843990 16.000000,8.282123 17.000000,6.699767 18.000000,5.135212 19.000000,3.694000 20.000000,2.719081 21.000000,2.875526 22.000000,4.091197 23.000000,5.788862 24.000000,7.697548 25.000000,9.727419 26.000000,11.844582 27.000000,14.033108 28.000000,16.285420 29.000000,18.596259 30.000000,20.962809 31.000000,23.382515 32.000000,25.853648 33.000000,28.374871 34.000000,30.944696 35.000000,33.562297 36.000000,36.226174 37.000000,38.935754 38.000000,41.689788 39.000000,44.487417 40.000000,47.327802 41.000000,50.209788 42.000000,53.132680 43.000000,56.094973 44.000000,59.096623 45.000000,62.135778 46.000000,65.212142 47.000000,68.324484 48.000000,71.471809 49.000000,74.653239 50.000000,77.867783 51.000000,81.114458 52.000000,84.392151 53.000000,87.699877 54.000000,91.036779 55.000000,94.401624 56.000000,97.793676 57.000000,101.211590 58.000000,104.654386 59.000000,108.121077 60.000000,111.610696 61.000000,115.122253 62.000000,118.654167 63.000000,122.205697 64.000000,125.776116 65.000000,129.363709 66.000000,132.967625 67.000000,136.586764 68.000000,140.220147 69.000000,143.866677 [0m
[Test-1] [0m[INFO] [1780635587.231839527] [test_node_cpp]: [YAW_OPT] init=29.404 best=29.000 best_err=2.084 curve=-70.000000,57.344425 -69.000000,54.460134 -68.000000,51.689177 -67.000000,49.060932 -66.000000,46.612859 -65.000000,44.387657 -64.000000,42.419183 -63.000000,40.718576 -62.000000,39.268735 -61.000000,38.038033 -60.000000,36.991601 -59.000000,36.097536 -58.000000,35.328283 -57.000000,34.660000 -56.000000,34.073465 -55.000000,33.552931 -54.000000,33.086796 -53.000000,32.666313 -52.000000,32.286108 -51.000000,31.942314 -50.000000,31.634076 -49.000000,31.361940 -48.000000,31.128714 -47.000000,30.939504 -46.000000,30.801699 -45.000000,30.724313 -44.000000,30.718740 -43.000000,30.796583 -42.000000,30.968545 -41.000000,31.243567 -40.000000,31.629326 -39.000000,32.133544 -38.000000,32.766113 -37.000000,33.535003 -36.000000,34.435380 -35.000000,35.443229 -34.000000,36.522486 -33.000000,37.638229 -32.000000,38.762727 -31.000000,39.876189 -30.000000,40.965180 -29.000000,42.020090 -28.000000,43.034075 -27.000000,44.002304 -26.000000,44.921278 -25.000000,45.787957 -24.000000,46.600481 -23.000000,47.356681 -22.000000,48.055395 -21.000000,48.695343 -20.000000,49.275910 -19.000000,49.795590 -18.000000,50.254437 -17.000000,50.651286 -16.000000,50.985919 -15.000000,51.257889 -14.000000,51.466799 -13.000000,51.612421 -12.000000,51.694447 -11.000000,51.712454 -10.000000,51.666893 -9.000000,51.557034 -8.000000,51.382993 -7.000000,51.144703 -6.000000,50.842127 -5.000000,50.475248 -4.000000,50.044444 -3.000000,49.549281 -2.000000,48.989981 -1.000000,48.366687 0.000000,47.679755 1.000000,46.928901 2.000000,46.114795 3.000000,45.237293 4.000000,44.296863 5.000000,43.293591 6.000000,42.227818 7.000000,41.099792 8.000000,39.909846 9.000000,38.658460 10.000000,37.346013 11.000000,35.972608 12.000000,34.539126 13.000000,33.045684 14.000000,31.492672 15.000000,29.880745 16.000000,28.210559 17.000000,26.482557 18.000000,24.697204 19.000000,22.855479 20.000000,20.957865 21.000000,19.005633 22.000000,16.999506 23.000000,14.941081 24.000000,12.832018 25.000000,10.675563 26.000000,8.476900 27.000000,6.248858 28.000000,4.029420 29.000000,2.083992 30.000000,2.194582 31.000000,4.036022 32.000000,6.386530 33.000000,8.892746 34.000000,11.481182 35.000000,14.131228 36.000000,16.835359 37.000000,19.589035 38.000000,22.389669 39.000000,25.235545 40.000000,28.125210 41.000000,31.057427 42.000000,34.030959 43.000000,37.044528 44.000000,40.097517 45.000000,43.188733 46.000000,46.316882 47.000000,49.481428 48.000000,52.680983 49.000000,55.914788 50.000000,59.181712 51.000000,62.480887 52.000000,65.811073 53.000000,69.171405 54.000000,72.560893 55.000000,75.978192 56.000000,79.422557 57.000000,82.892888 58.000000,86.388079 59.000000,89.907153 60.000000,93.448885 61.000000,97.012055 62.000000,100.596048 63.000000,104.199278 64.000000,107.821132 65.000000,111.460023 66.000000,115.115100 67.000000,118.785262 68.000000,122.469286 69.000000,126.166322 [0m
[Test-1] [0m[INFO] [1780635587.261603664] [test_node_cpp]: [YAW_OPT] init=-49.498 best=-50.000 best_err=9.423 curve=-70.000000,58.482466 -69.000000,55.289394 -68.000000,52.127986 -67.000000,49.000037 -66.000000,45.907653 -65.000000,42.853003 -64.000000,39.838905 -63.000000,36.868503 -62.000000,33.945517 -61.000000,31.074797 -60.000000,28.262327 -59.000000,25.516499 -58.000000,22.848252 -57.000000,20.273524 -56.000000,17.815427 -55.000000,15.508821 -54.000000,13.407904 -53.000000,11.598714 -52.000000,10.217969 -51.000000,9.454921 -50.000000,9.423349 -49.000000,10.044465 -48.000000,11.170380 -47.000000,12.653288 -46.000000,14.363851 -45.000000,16.209735 -44.000000,18.131057 -43.000000,20.089695 -42.000000,22.060935 -41.000000,24.027710 -40.000000,25.978500 -39.000000,27.904722 -38.000000,29.800419 -37.000000,31.660599 -36.000000,33.481768 -35.000000,35.260982 -34.000000,36.995801 -33.000000,38.684316 -32.000000,40.324825 -31.000000,41.915971 -30.000000,43.456439 -29.000000,44.945283 -28.000000,46.381389 -27.000000,47.764129 -26.000000,49.092591 -25.000000,50.366086 -24.000000,51.583995 -23.000000,52.745777 -22.000000,53.850916 -21.000000,54.898926 -20.000000,55.889338 -19.000000,56.821914 -18.000000,57.696073 -17.000000,58.511684 -16.000000,59.268445 -15.000000,59.965858 -14.000000,60.604009 -13.000000,61.182542 -12.000000,61.701334 -11.000000,62.160192 -10.000000,62.558991 -9.000000,62.897758 -8.000000,63.176405 -7.000000,63.394893 -6.000000,63.553269 -5.000000,63.651476 -4.000000,63.689686 -3.000000,63.668108 -2.000000,63.586624 -1.000000,63.445755 0.000000,63.245443 1.000000,62.986014 2.000000,62.668029 3.000000,62.291599 4.000000,61.857206 5.000000,61.365456 6.000000,60.816989 7.000000,60.212255 8.000000,59.552207 9.000000,58.837600 10.000000,58.069525 11.000000,57.249288 12.000000,56.378007 13.000000,55.457538 14.000000,54.489963 15.000000,53.477453 16.000000,52.423126 17.000000,51.330415 18.000000,50.204022 19.000000,49.049685 20.000000,47.874969 21.000000,46.689713 22.000000,45.506865 23.000000,44.343470 24.000000,43.220664 25.000000,42.163566 26.000000,41.197792 27.000000,40.343532 28.000000,39.610892 29.000000,38.999659 30.000000,38.502141 31.000000,38.108752 32.000000,37.809698 33.000000,37.595868 34.000000,37.458619 35.000000,37.389866 36.000000,37.382055 37.000000,37.428352 38.000000,37.522585 39.000000,37.660019 40.000000,37.836931 41.000000,38.050836 42.000000,38.300446 43.000000,38.585917 44.000000,38.908523 45.000000,39.271208 46.000000,39.678738 47.000000,40.137513 48.000000,40.656268 49.000000,41.246503 50.000000,41.922621 51.000000,42.702577 52.000000,43.608737 53.000000,44.668918 54.000000,45.917424 55.000000,47.393136 56.000000,49.129694 57.000000,51.138096 58.000000,53.398050 59.000000,55.868627 60.000000,58.506555 61.000000,61.275900 62.000000,64.149634 63.000000,67.108639 64.000000,70.138210 65.000000,73.227869 66.000000,76.369295 67.000000,79.556086 68.000000,82.782846 69.000000,86.045535 [0m
[Test-1] [0m[INFO] [1780635587.263668247] [test_node_cpp]: [YAW_OPT] init=37.916 best=38.000 best_err=2.595 curve=-70.000000,43.388688 -69.000000,42.299446 -68.000000,41.382362 -67.000000,40.605001 -66.000000,39.940628 -65.000000,39.367504 -64.000000,38.868368 -63.000000,38.430451 -62.000000,38.044600 -61.000000,37.704379 -60.000000,37.406410 -59.000000,37.149508 -58.000000,36.934809 -57.000000,36.766131 -56.000000,36.649440 -55.000000,36.593579 -54.000000,36.610263 -53.000000,36.714089 -52.000000,36.920786 -51.000000,37.246733 -50.000000,37.708310 -49.000000,38.319580 -48.000000,39.095128 -47.000000,40.046523 -46.000000,41.176408 -45.000000,42.469020 -44.000000,43.890455 -43.000000,45.399745 -42.000000,46.959875 -41.000000,48.542035 -40.000000,50.125004 -39.000000,51.694288 -38.000000,53.239009 -37.000000,54.751256 -36.000000,56.225500 -35.000000,57.657058 -34.000000,59.042622 -33.000000,60.379292 -32.000000,61.664813 -31.000000,62.897169 -30.000000,64.074986 -29.000000,65.197179 -28.000000,66.262132 -27.000000,67.269164 -26.000000,68.217259 -25.000000,69.105828 -24.000000,69.933991 -23.000000,70.701048 -22.000000,71.406950 -21.000000,72.050582 -20.000000,72.632230 -19.000000,73.150961 -18.000000,73.606600 -17.000000,73.998769 -16.000000,74.327324 -15.000000,74.592019 -14.000000,74.792991 -13.000000,74.929434 -12.000000,75.001493 -11.000000,75.009212 -10.000000,74.952524 -9.000000,74.831014 -8.000000,74.644978 -7.000000,74.394351 -6.000000,74.079229 -5.000000,73.699443 -4.000000,73.255328 -3.000000,72.746716 -2.000000,72.174052 -1.000000,71.537085 0.000000,70.836140 1.000000,70.071562 2.000000,69.243459 3.000000,68.351927 4.000000,67.397434 5.000000,66.379971 6.000000,65.300247 7.000000,64.158018 8.000000,62.954121 9.000000,61.688549 10.000000,60.362009 11.000000,58.974540 12.000000,57.526846 13.000000,56.019171 14.000000,54.452140 15.000000,52.826231 16.000000,51.141712 17.000000,49.399455 18.000000,47.599725 19.000000,45.743153 20.000000,43.830395 21.000000,41.861975 22.000000,39.838702 23.000000,37.761126 24.000000,35.630102 25.000000,33.446363 26.000000,31.210719 27.000000,28.924159 28.000000,26.587633 29.000000,24.202389 30.000000,21.770189 31.000000,19.292566 32.000000,16.772551 33.000000,14.214069 34.000000,11.624509 35.000000,9.018964 36.000000,6.436917 37.000000,4.022683 38.000000,2.594946 39.000000,3.644782 40.000000,6.018580 41.000000,8.762996 42.000000,11.648122 43.000000,14.613829 44.000000,17.638268 45.000000,20.711719 46.000000,23.829098 47.000000,26.986746 48.000000,30.182498 49.000000,33.414342 50.000000,36.680574 51.000000,39.980051 52.000000,43.311257 53.000000,46.673123 54.000000,50.064388 55.000000,53.483957 56.000000,56.930760 57.000000,60.403257 58.000000,63.900658 59.000000,67.421818 60.000000,70.965845 61.000000,74.531245 62.000000,78.117014 63.000000,81.722279 64.000000,85.345555 65.000000,88.985855 66.000000,92.642430 67.000000,96.313566 68.000000,99.998518 69.000000,103.695939 [0m
[Test-1] [0m[INFO] [1780635587.319129019] [test_node_cpp]: [YAW_OPT] init=-36.740 best=-38.000 best_err=8.103 curve=-70.000000,90.131086 -69.000000,86.786247 -68.000000,83.470442 -67.000000,80.184971 -66.000000,76.930682 -65.000000,73.709046 -64.000000,70.520907 -63.000000,67.367485 -62.000000,64.250002 -61.000000,61.169449 -60.000000,58.127310 -59.000000,55.124431 -58.000000,52.162411 -57.000000,49.242490 -56.000000,46.366073 -55.000000,43.534699 -54.000000,40.749871 -53.000000,38.013702 -52.000000,35.328020 -51.000000,32.695194 -50.000000,30.118122 -49.000000,27.600313 -48.000000,25.146052 -47.000000,22.760913 -46.000000,20.452361 -45.000000,18.231089 -44.000000,16.112290 -43.000000,14.118996 -42.000000,12.287288 -41.000000,10.674319 -40.000000,9.368073 -39.000000,8.481870 -38.000000,8.103323 -37.000000,8.227013 -36.000000,8.766830 -35.000000,9.617132 -34.000000,10.683880 -33.000000,11.892020 -32.000000,13.185050 -31.000000,14.522111 -30.000000,15.874911 -29.000000,17.223304 -28.000000,18.553234 -27.000000,19.854919 -26.000000,21.120883 -25.000000,22.345834 -24.000000,23.525610 -23.000000,24.657189 -22.000000,25.738201 -21.000000,26.766604 -20.000000,27.740859 -19.000000,28.659873 -18.000000,29.522368 -17.000000,30.327756 -16.000000,31.075211 -15.000000,31.764315 -14.000000,32.394533 -13.000000,32.965653 -12.000000,33.477419 -11.000000,33.929745 -10.000000,34.322542 -9.000000,34.655726 -8.000000,34.929675 -7.000000,35.144678 -6.000000,35.300705 -5.000000,35.398644 -4.000000,35.438835 -3.000000,35.422191 -2.000000,35.349629 -1.000000,35.222440 0.000000,35.042069 1.000000,34.810249 2.000000,34.529415 3.000000,34.202287 4.000000,33.832491 5.000000,33.424302 6.000000,32.983267 7.000000,32.516254 8.000000,32.031833 9.000000,31.540255 10.000000,31.053686 11.000000,30.585617 12.000000,30.149830 13.000000,29.758943 14.000000,29.423076 15.000000,29.148747 16.000000,28.939210 17.000000,28.794586 18.000000,28.713057 19.000000,28.691183 20.000000,28.724725 21.000000,28.808921 22.000000,28.938947 23.000000,29.110239 24.000000,29.318830 25.000000,29.561339 26.000000,29.835513 27.000000,30.139950 28.000000,30.474125 29.000000,30.838819 30.000000,31.235854 31.000000,31.668322 32.000000,32.141010 33.000000,32.660213 34.000000,33.234348 35.000000,33.873867 36.000000,34.591142 37.000000,35.400748 38.000000,36.318538 39.000000,37.361681 40.000000,38.548586 41.000000,39.898829 42.000000,41.431837 43.000000,43.162940 44.000000,45.096810 45.000000,47.223730 46.000000,49.522557 47.000000,51.968020 48.000000,54.536117 49.000000,57.207263 50.000000,59.965889 51.000000,62.800340 52.000000,65.701724 53.000000,68.662850 54.000000,71.678369 55.000000,74.743678 56.000000,77.855257 57.000000,81.009819 58.000000,84.204745 59.000000,87.437649 60.000000,90.706205 61.000000,94.008635 62.000000,97.343143 63.000000,100.707988 64.000000,104.101610 65.000000,107.522427 66.000000,110.969133 67.000000,114.439986 68.000000,117.934051 69.000000,121.449699 [0m
[Test-1] [0m[INFO] [1780635587.347874987] [test_node_cpp]: [YAW_OPT] init=-28.161 best=-29.000 best_err=8.957 curve=-70.000000,104.332477 -69.000000,101.001344 -68.000000,97.699276 -67.000000,94.427544 -66.000000,91.187054 -65.000000,87.978928 -64.000000,84.804262 -63.000000,81.663958 -62.000000,78.559203 -61.000000,75.491084 -60.000000,72.460587 -59.000000,69.468757 -58.000000,66.516805 -57.000000,63.605654 -56.000000,60.736541 -55.000000,57.910570 -54.000000,55.128841 -53.000000,52.392631 -52.000000,49.703017 -51.000000,47.061411 -50.000000,44.469056 -49.000000,41.927541 -48.000000,39.438311 -47.000000,37.003151 -46.000000,34.623830 -45.000000,32.302542 -44.000000,30.041720 -43.000000,27.844014 -42.000000,25.713118 -41.000000,23.652845 -40.000000,21.668332 -39.000000,19.766006 -38.000000,17.954004 -37.000000,16.243279 -36.000000,14.648003 -35.000000,13.187334 -34.000000,11.886879 -33.000000,10.779505 -32.000000,9.903969 -31.000000,9.297790 -30.000000,8.983984 -29.000000,8.957032 -28.000000,9.182765 -27.000000,9.611238 -26.000000,10.189924 -25.000000,10.872980 -24.000000,11.622880 -23.000000,12.410646 -22.000000,13.214278 -21.000000,14.016990 -20.000000,14.806612 -19.000000,15.573374 -18.000000,16.310598 -17.000000,17.012630 -16.000000,17.675541 -15.000000,18.296259 -14.000000,18.872555 -13.000000,19.402758 -12.000000,19.885982 -11.000000,20.321414 -10.000000,20.708953 -9.000000,21.048806 -8.000000,21.341668 -7.000000,21.588466 -6.000000,21.790736 -5.000000,21.950373 -4.000000,22.069790 -3.000000,22.152123 -2.000000,22.200981 -1.000000,22.220897 0.000000,22.216560 1.000000,22.193782 2.000000,22.158847 3.000000,22.118465 4.000000,22.079378 5.000000,22.048495 6.000000,22.032076 7.000000,22.036046 8.000000,22.064982 9.000000,22.122916 10.000000,22.212109 11.000000,22.334035 12.000000,22.489046 13.000000,22.676875 14.000000,22.896519 15.000000,23.146850 16.000000,23.426882 17.000000,23.735668 18.000000,24.073320 19.000000,24.439684 20.000000,24.836039 21.000000,25.264073 22.000000,25.726800 23.000000,26.228224 24.000000,26.773588 25.000000,27.369662 26.000000,28.024601 27.000000,28.748287 28.000000,29.551382 29.000000,30.445825 30.000000,31.443479 31.000000,32.556146 32.000000,33.794326 33.000000,35.166576 34.000000,36.678795 35.000000,38.332653 36.000000,40.125583 37.000000,42.051299 38.000000,44.100319 39.000000,46.262026 40.000000,48.525892 41.000000,50.881971 42.000000,53.321634 43.000000,55.837621 44.000000,58.423679 45.000000,61.074479 46.000000,63.785640 47.000000,66.553308 48.000000,69.374386 49.000000,72.245887 50.000000,75.165335 51.000000,78.130667 52.000000,81.139519 53.000000,84.190227 54.000000,87.280960 55.000000,90.410216 56.000000,93.576293 57.000000,96.777819 58.000000,100.013365 59.000000,103.281485 60.000000,106.581024 61.000000,109.910486 62.000000,113.268628 63.000000,116.654394 64.000000,120.066163 65.000000,123.503052 66.000000,126.963797 67.000000,130.447042 68.000000,133.951683 69.000000,137.476578 [0m
[Test-1] [0m[INFO] [1780635587.377176845] [test_node_cpp]: [YAW_OPT] init=-17.276 best=-20.000 best_err=6.610 curve=-70.000000,114.439130 -69.000000,111.154614 -68.000000,107.898745 -67.000000,104.672572 -66.000000,101.477032 -65.000000,98.313369 -64.000000,95.182276 -63.000000,92.084882 -62.000000,89.022068 -61.000000,85.994902 -60.000000,83.004348 -59.000000,80.051227 -58.000000,77.136755 -57.000000,74.261527 -56.000000,71.426755 -55.000000,68.633251 -54.000000,65.881932 -53.000000,63.173672 -52.000000,60.509484 -51.000000,57.890332 -50.000000,55.317056 -49.000000,52.790540 -48.000000,50.311782 -47.000000,47.881692 -46.000000,45.501150 -45.000000,43.171306 -44.000000,40.892988 -43.000000,38.667189 -42.000000,36.495112 -41.000000,34.377689 -40.000000,32.316189 -39.000000,30.311792 -38.000000,28.365796 -37.000000,26.479745 -36.000000,24.654987 -35.000000,22.893507 -34.000000,21.197136 -33.000000,19.568135 -32.000000,18.009040 -31.000000,16.522938 -30.000000,15.113127 -29.000000,13.784056 -28.000000,12.540424 -27.000000,11.388499 -26.000000,10.334983 -25.000000,9.387866 -24.000000,8.555468 -23.000000,7.845920 -22.000000,7.267902 -21.000000,6.838645 -20.000000,6.609906 -19.000000,6.655884 -18.000000,6.915859 -17.000000,7.275871 -16.000000,7.680704 -15.000000,8.106035 -14.000000,8.538282 -13.000000,8.968660 -12.000000,9.391729 -11.000000,9.803461 -10.000000,10.201821 -9.000000,10.585740 -8.000000,10.955280 -7.000000,11.311002 -6.000000,11.654013 -5.000000,11.985895 -4.000000,12.308294 -3.000000,12.623101 -2.000000,12.932216 -1.000000,13.237684 0.000000,13.541484 1.000000,13.845367 2.000000,14.151433 3.000000,14.461333 4.000000,14.776988 5.000000,15.099983 6.000000,15.431808 7.000000,15.774096 8.000000,16.128349 9.000000,16.496271 10.000000,16.879553 11.000000,17.280054 12.000000,17.700008 13.000000,18.142178 14.000000,18.609840 15.000000,19.106913 16.000000,19.638262 17.000000,20.209707 18.000000,20.828946 19.000000,21.505434 20.000000,22.252311 21.000000,23.086827 22.000000,24.032226 23.000000,25.113455 24.000000,26.347372 25.000000,27.733659 26.000000,29.257049 27.000000,30.898360 28.000000,32.641503 29.000000,34.474523 30.000000,36.388880 31.000000,38.378032 32.000000,40.437164 33.000000,42.562327 34.000000,44.750387 35.000000,46.998637 36.000000,49.304922 37.000000,51.667063 38.000000,54.083399 39.000000,56.552115 40.000000,59.071809 41.000000,61.640964 42.000000,64.258401 43.000000,66.922691 44.000000,69.632734 45.000000,72.387251 46.000000,75.185292 47.000000,78.025570 48.000000,80.906840 49.000000,83.828284 50.000000,86.788680 51.000000,89.787014 52.000000,92.822218 53.000000,95.893226 54.000000,98.998975 55.000000,102.138410 56.000000,105.310471 57.000000,108.514119 58.000000,111.748326 59.000000,115.012063 60.000000,118.304112 61.000000,121.623461 62.000000,124.969127 63.000000,128.339998 64.000000,131.735072 65.000000,135.153140 66.000000,138.593180 67.000000,142.054027 68.000000,145.534772 69.000000,149.034116 [0m
[Test-1] [0m[INFO] [1780635587.406186514] [test_node_cpp]: [YAW_OPT] init=-10.626 best=-15.000 best_err=5.690 curve=-70.000000,118.615066 -69.000000,115.300844 -68.000000,112.015952 -67.000000,108.761379 -66.000000,105.537870 -65.000000,102.346774 -64.000000,99.188902 -63.000000,96.065246 -62.000000,92.976674 -61.000000,89.924426 -60.000000,86.909134 -59.000000,83.931918 -58.000000,80.993659 -57.000000,78.095360 -56.000000,75.237786 -55.000000,72.422073 -54.000000,69.648807 -53.000000,66.919074 -52.000000,64.233777 -51.000000,61.593833 -50.000000,58.999847 -49.000000,56.452939 -48.000000,53.953863 -47.000000,51.503503 -46.000000,49.102758 -45.000000,46.752318 -44.000000,44.453281 -43.000000,42.206380 -42.000000,40.012450 -41.000000,37.872463 -40.000000,35.787262 -39.000000,33.757837 -38.000000,31.785111 -37.000000,29.870031 -36.000000,28.013717 -35.000000,26.217206 -34.000000,24.481800 -33.000000,22.808617 -32.000000,21.199081 -31.000000,19.654740 -30.000000,18.177114 -29.000000,16.768097 -28.000000,15.429571 -27.000000,14.163777 -26.000000,12.972951 -25.000000,11.859594 -24.000000,10.826688 -23.000000,9.876988 -22.000000,9.013501 -21.000000,8.239105 -20.000000,7.556870 -19.000000,6.969786 -18.000000,6.480819 -17.000000,6.095592 -16.000000,5.824814 -15.000000,5.690290 -14.000000,5.712478 -13.000000,5.871309 -12.000000,6.115070 -11.000000,6.403460 -10.000000,6.714067 -9.000000,7.035412 -8.000000,7.361508 -7.000000,7.689379 -6.000000,8.018072 -5.000000,8.347765 -4.000000,8.678967 -3.000000,9.012875 -2.000000,9.350746 -1.000000,9.694100 0.000000,10.044238 1.000000,10.402899 2.000000,10.771533 3.000000,11.151947 4.000000,11.546008 5.000000,11.955529 6.000000,12.382925 7.000000,12.830449 8.000000,13.301291 9.000000,13.798744 10.000000,14.326727 11.000000,14.890108 12.000000,15.494798 13.000000,16.147812 14.000000,16.858410 15.000000,17.638137 16.000000,18.501012 17.000000,19.461983 18.000000,20.533253 19.000000,21.719293 20.000000,23.016436 21.000000,24.416808 22.000000,25.910806 23.000000,27.490579 24.000000,29.149821 25.000000,30.883444 26.000000,32.687652 27.000000,34.559182 28.000000,36.495468 29.000000,38.494384 30.000000,40.553934 31.000000,42.672484 32.000000,44.848573 33.000000,47.080811 34.000000,49.367616 35.000000,51.708157 36.000000,54.101050 37.000000,56.545235 38.000000,59.039555 39.000000,61.583122 40.000000,64.174749 41.000000,66.813562 42.000000,69.498456 43.000000,72.228401 44.000000,75.002529 45.000000,77.819901 46.000000,80.679376 47.000000,83.580038 48.000000,86.520814 49.000000,89.500905 50.000000,92.519177 51.000000,95.574728 52.000000,98.666492 53.000000,101.793439 54.000000,104.954619 55.000000,108.149000 56.000000,111.375615 57.000000,114.633324 58.000000,117.921198 59.000000,121.238200 60.000000,124.583084 61.000000,127.955099 62.000000,131.352921 63.000000,134.775620 64.000000,138.222203 65.000000,141.691479 66.000000,145.182332 67.000000,148.693706 68.000000,152.224555 69.000000,155.773806 [0m
[Test-1] [0m[INFO] [1780635587.435262639] [test_node_cpp]: [YAW_OPT] init=-5.107 best=-11.000 best_err=4.056 curve=-70.000000,118.990606 -69.000000,115.668828 -68.000000,112.376834 -67.000000,109.115359 -66.000000,105.885567 -65.000000,102.688437 -64.000000,99.524949 -63.000000,96.396023 -62.000000,93.302640 -61.000000,90.245662 -60.000000,87.226254 -59.000000,84.245158 -58.000000,81.303297 -57.000000,78.401657 -56.000000,75.541046 -55.000000,72.722451 -54.000000,69.946684 -53.000000,67.214492 -52.000000,64.526997 -51.000000,61.884833 -50.000000,59.288883 -49.000000,56.740035 -48.000000,54.238995 -47.000000,51.786540 -46.000000,49.383581 -45.000000,47.030908 -44.000000,44.729205 -43.000000,42.479347 -42.000000,40.282174 -41.000000,38.138293 -40.000000,36.048644 -39.000000,34.014007 -38.000000,32.035207 -37.000000,30.113052 -36.000000,28.248468 -35.000000,26.442519 -34.000000,24.696060 -33.000000,23.010337 -32.000000,21.386622 -31.000000,19.826389 -30.000000,18.331133 -29.000000,16.903136 -28.000000,15.544314 -27.000000,14.257677 -26.000000,13.046177 -25.000000,11.913189 -24.000000,10.861844 -23.000000,9.894511 -22.000000,9.011739 -21.000000,8.212076 -20.000000,7.491825 -19.000000,6.845839 -18.000000,6.268826 -17.000000,5.756110 -16.000000,5.305134 -15.000000,4.914860 -14.000000,4.587919 -13.000000,4.329798 -12.000000,4.149312 -11.000000,4.056366 -10.000000,4.057385 -9.000000,4.145588 -8.000000,4.299855 -7.000000,4.497709 -6.000000,4.723645 -5.000000,4.969399 -4.000000,5.232109 -3.000000,5.511370 -2.000000,5.808022 -1.000000,6.123364 0.000000,6.458859 1.000000,6.815929 2.000000,7.196449 3.000000,7.602622 4.000000,8.036872 5.000000,8.502729 6.000000,9.004215 7.000000,9.546355 8.000000,10.135163 9.000000,10.777789 10.000000,11.482404 11.000000,12.258151 12.000000,13.113779 13.000000,14.056273 14.000000,15.089426 15.000000,16.213228 16.000000,17.424585 17.000000,18.719173 18.000000,20.092815 19.000000,21.541418 20.000000,23.061665 21.000000,24.650834 22.000000,26.306350 23.000000,28.026457 24.000000,29.809238 25.000000,31.653448 26.000000,33.557669 27.000000,35.520594 28.000000,37.541253 29.000000,39.618345 30.000000,41.751179 31.000000,43.938733 32.000000,46.179925 33.000000,48.473956 34.000000,50.819945 35.000000,53.216950 36.000000,55.664148 37.000000,58.160619 38.000000,60.705539 39.000000,63.297975 40.000000,65.937098 41.000000,68.622013 42.000000,71.351799 43.000000,74.125667 44.000000,76.942592 45.000000,79.801724 46.000000,82.702094 47.000000,85.642877 48.000000,88.623080 49.000000,91.641786 50.000000,94.698012 51.000000,97.790734 52.000000,100.919143 53.000000,104.082182 54.000000,107.278782 55.000000,110.508143 56.000000,113.769017 57.000000,117.060604 58.000000,120.381661 59.000000,123.731445 60.000000,127.108718 61.000000,130.512556 62.000000,133.941732 63.000000,137.395369 64.000000,140.872313 65.000000,144.371503 66.000000,147.891904 67.000000,151.432403 68.000000,154.991841 69.000000,158.569347 [0m
[Test-1] [0m[INFO] [1780635587.464465918] [test_node_cpp]: [YAW_OPT] init=-1.253 best=-4.000 best_err=3.223 curve=-70.000000,116.547591 -69.000000,113.253013 -68.000000,109.988399 -67.000000,106.754543 -66.000000,103.552551 -65.000000,100.383392 -64.000000,97.247934 -63.000000,94.147208 -62.000000,91.082260 -61.000000,88.053769 -60.000000,85.063015 -59.000000,82.110616 -58.000000,79.197562 -57.000000,76.324829 -56.000000,73.493284 -55.000000,70.703731 -54.000000,67.957098 -53.000000,65.254075 -52.000000,62.595778 -51.000000,59.982772 -50.000000,57.416004 -49.000000,54.896291 -48.000000,52.424404 -47.000000,50.001183 -46.000000,47.627347 -45.000000,45.303697 -44.000000,43.031025 -43.000000,40.810244 -42.000000,38.641938 -41.000000,36.526940 -40.000000,34.466213 -39.000000,32.460501 -38.000000,30.510756 -37.000000,28.618004 -36.000000,26.783319 -35.000000,25.007950 -34.000000,23.293459 -33.000000,21.641869 -32.000000,20.055412 -31.000000,18.537799 -30.000000,17.093711 -29.000000,15.730470 -28.000000,14.458150 -27.000000,13.289759 -26.000000,12.237197 -25.000000,11.304862 -24.000000,10.485555 -23.000000,9.765864 -22.000000,9.130818 -21.000000,8.564801 -20.000000,8.052607 -19.000000,7.580905 -18.000000,7.139137 -17.000000,6.719991 -16.000000,6.318590 -15.000000,5.931789 -14.000000,5.558094 -13.000000,5.196685 -12.000000,4.848315 -11.000000,4.514538 -10.000000,4.198330 -9.000000,3.906084 -8.000000,3.650454 -7.000000,3.454810 -6.000000,3.330127 -5.000000,3.256931 -4.000000,3.222892 -3.000000,3.229889 -2.000000,3.282620 -1.000000,3.383950 0.000000,3.534664 1.000000,3.735926 2.000000,3.989722 3.000000,4.300362 4.000000,4.679642 5.000000,5.161440 6.000000,5.760816 7.000000,6.455740 8.000000,7.234724 9.000000,8.092599 10.000000,9.026075 11.000000,10.032447 12.000000,11.109528 13.000000,12.255497 14.000000,13.468737 15.000000,14.747818 16.000000,16.091612 17.000000,17.498957 18.000000,18.968811 19.000000,20.500294 20.000000,22.092559 21.000000,23.744909 22.000000,25.456357 23.000000,27.226268 24.000000,29.053780 25.000000,30.938408 26.000000,32.879221 27.000000,34.875504 28.000000,36.926539 29.000000,39.031746 30.000000,41.190164 31.000000,43.401316 32.000000,45.664264 33.000000,47.978331 34.000000,50.342811 35.000000,52.756855 36.000000,55.219637 37.000000,57.730682 38.000000,60.288735 39.000000,62.893222 40.000000,65.543447 41.000000,68.238331 42.000000,70.977144 43.000000,73.758992 44.000000,76.583132 45.000000,79.448573 46.000000,82.354497 47.000000,85.299852 48.000000,88.283967 49.000000,91.305729 50.000000,94.364263 51.000000,97.458647 52.000000,100.587955 53.000000,103.751083 54.000000,106.947293 55.000000,110.175349 56.000000,113.434458 57.000000,116.723577 58.000000,120.041595 59.000000,123.387591 60.000000,126.760470 61.000000,130.159240 62.000000,133.582992 63.000000,137.030370 64.000000,140.500589 65.000000,143.992528 66.000000,147.504983 67.000000,151.037025 68.000000,154.587555 69.000000,158.155467 [0m
[Test-1] [0m[INFO] [1780635587.493459510] [test_node_cpp]: [YAW_OPT] init=6.226 best=6.000 best_err=2.262 curve=-70.000000,110.125408 -69.000000,106.868811 -68.000000,103.641984 -67.000000,100.446148 -66.000000,97.281976 -65.000000,94.150690 -64.000000,91.053203 -63.000000,87.990427 -62.000000,84.963281 -61.000000,81.972556 -60.000000,79.019476 -59.000000,76.104648 -58.000000,73.229168 -57.000000,70.393772 -56.000000,67.599433 -55.000000,64.846829 -54.000000,62.136927 -53.000000,59.470469 -52.000000,56.848422 -51.000000,54.271468 -50.000000,51.740461 -49.000000,49.256128 -48.000000,46.819091 -47.000000,44.430261 -46.000000,42.090437 -45.000000,39.800243 -44.000000,37.560229 -43.000000,35.371324 -42.000000,33.234050 -41.000000,31.149333 -40.000000,29.117429 -39.000000,27.139535 -38.000000,25.216194 -37.000000,23.348667 -36.000000,21.539884 -35.000000,19.820201 -34.000000,18.588555 -33.000000,17.557222 -32.000000,16.561160 -31.000000,15.597002 -30.000000,14.680026 -29.000000,14.006090 -28.000000,13.612941 -27.000000,13.246817 -26.000000,12.883333 -25.000000,12.519684 -24.000000,12.155148 -23.000000,11.789423 -22.000000,11.422471 -21.000000,11.054664 -20.000000,10.685845 -19.000000,10.316372 -18.000000,9.946527 -17.000000,9.576504 -16.000000,9.206823 -15.000000,8.837694 -14.000000,8.470007 -13.000000,8.104555 -12.000000,7.742583 -11.000000,7.386225 -10.000000,7.039023 -9.000000,6.708763 -8.000000,6.409460 -7.000000,6.154615 -6.000000,5.931092 -5.000000,5.712597 -4.000000,5.481453 -3.000000,5.225717 -2.000000,4.936949 -1.000000,4.609849 0.000000,4.244626 1.000000,3.846080 2.000000,3.426427 3.000000,3.010971 4.000000,2.639683 5.000000,2.365326 6.000000,2.261968 7.000000,2.430172 8.000000,2.903599 9.000000,3.609277 10.000000,4.471668 11.000000,5.448745 12.000000,6.518706 13.000000,7.669691 14.000000,8.894299 15.000000,10.188369 16.000000,11.548714 17.000000,12.973040 18.000000,14.459765 19.000000,16.007695 20.000000,17.615370 21.000000,19.282067 22.000000,21.006913 23.000000,22.789122 24.000000,24.627931 25.000000,26.522554 26.000000,28.472130 27.000000,30.476356 28.000000,32.534170 29.000000,34.644949 30.000000,36.808070 31.000000,39.022882 32.000000,41.288418 33.000000,43.604267 34.000000,45.969376 35.000000,48.383280 36.000000,50.844976 37.000000,53.353902 38.000000,55.909121 39.000000,58.509943 40.000000,61.155563 41.000000,63.845115 42.000000,66.577730 43.000000,69.352665 44.000000,72.169060 45.000000,75.025999 46.000000,77.922665 47.000000,80.858032 48.000000,83.831291 49.000000,86.841637 50.000000,89.887988 51.000000,92.969525 52.000000,96.085162 53.000000,99.234146 54.000000,102.415334 55.000000,105.627852 56.000000,108.870737 57.000000,112.142931 58.000000,115.443477 59.000000,118.771372 60.000000,122.125593 61.000000,125.505039 62.000000,128.908790 63.000000,132.335685 64.000000,135.784873 65.000000,139.255123 66.000000,142.745403 67.000000,146.254675 68.000000,149.781964 69.000000,153.326041 [0m
[Test-1] [0m[INFO] [1780635587.522388154] [test_node_cpp]: [YAW_OPT] init=11.773 best=12.000 best_err=1.770 curve=-70.000000,101.764160 -69.000000,98.572330 -68.000000,95.410443 -67.000000,92.279613 -66.000000,89.180550 -65.000000,86.114696 -64.000000,83.082503 -63.000000,80.085248 -62.000000,77.123774 -61.000000,74.199173 -60.000000,71.312246 -59.000000,68.464086 -58.000000,65.655615 -57.000000,62.887814 -56.000000,60.161718 -55.000000,57.478327 -54.000000,54.838834 -53.000000,52.243949 -52.000000,49.695334 -51.000000,47.193999 -50.000000,44.741348 -49.000000,42.339524 -48.000000,39.990467 -47.000000,37.697065 -46.000000,35.463778 -45.000000,33.297879 -44.000000,31.212265 -43.000000,29.232920 -42.000000,27.412950 -41.000000,25.826098 -40.000000,24.487216 -39.000000,23.333527 -38.000000,22.317471 -37.000000,21.426722 -36.000000,20.661104 -35.000000,20.011072 -34.000000,19.453899 -33.000000,18.962693 -32.000000,18.515891 -31.000000,18.098124 -30.000000,17.700188 -29.000000,17.316032 -28.000000,16.941866 -27.000000,16.575788 -26.000000,16.216464 -25.000000,15.863167 -24.000000,15.516208 -23.000000,15.175948 -22.000000,14.843387 -21.000000,14.519940 -20.000000,14.207904 -19.000000,13.909973 -18.000000,13.629371 -17.000000,13.370005 -16.000000,13.135891 -15.000000,12.930079 -14.000000,12.754386 -13.000000,12.608392 -12.000000,12.489264 -11.000000,12.391837 -10.000000,12.308214 -9.000000,12.226992 -8.000000,12.135651 -7.000000,12.022144 -6.000000,11.876295 -5.000000,11.690568 -4.000000,11.459352 -3.000000,11.178851 -2.000000,10.846197 -1.000000,10.459741 0.000000,10.018110 1.000000,9.520475 2.000000,8.967195 3.000000,8.358172 4.000000,7.694412 5.000000,6.977727 6.000000,6.211854 7.000000,5.403372 8.000000,4.566078 9.000000,3.729538 10.000000,2.949128 11.000000,2.283974 12.000000,1.769899 13.000000,1.775716 14.000000,2.879813 15.000000,4.146859 16.000000,5.495478 17.000000,6.914079 18.000000,8.397528 19.000000,9.942555 20.000000,11.547374 21.000000,13.210470 22.000000,14.930490 23.000000,16.706577 24.000000,18.538198 25.000000,20.424269 26.000000,22.364224 27.000000,24.357266 28.000000,26.402704 29.000000,28.500042 30.000000,30.648309 31.000000,32.846739 32.000000,35.095118 33.000000,37.392377 34.000000,39.737951 35.000000,42.130845 36.000000,44.570622 37.000000,47.056358 38.000000,49.587495 39.000000,52.163043 40.000000,54.782337 41.000000,57.444447 42.000000,60.148824 43.000000,62.894310 44.000000,65.680167 45.000000,68.505779 46.000000,71.369993 47.000000,74.272071 48.000000,77.211160 49.000000,80.186405 50.000000,83.196644 51.000000,86.241207 52.000000,89.319178 53.000000,92.429466 54.000000,95.571205 55.000000,98.743365 56.000000,101.945150 57.000000,105.175463 58.000000,108.433330 59.000000,111.717712 60.000000,115.027756 61.000000,118.362363 62.000000,121.720437 63.000000,125.101001 64.000000,128.503202 65.000000,131.925937 66.000000,135.367873 67.000000,138.828335 68.000000,142.306039 69.000000,145.799954 [0m
[Test-1] [0m[INFO] [1780635587.550931969] [test_node_cpp]: [YAW_OPT] init=20.549 best=21.000 best_err=1.948 curve=-70.000000,87.562614 -69.000000,84.415337 -68.000000,81.299293 -67.000000,78.215689 -66.000000,75.165640 -65.000000,72.150510 -64.000000,69.171817 -63.000000,66.230656 -62.000000,63.328699 -61.000000,60.467765 -60.000000,57.649536 -59.000000,54.876610 -58.000000,52.151628 -57.000000,49.477923 -56.000000,46.860725 -55.000000,44.306436 -54.000000,41.825020 -53.000000,39.432087 -52.000000,37.153342 -51.000000,35.029563 -50.000000,33.116443 -49.000000,31.458556 -48.000000,30.055566 -47.000000,28.872782 -46.000000,27.875593 -45.000000,27.036249 -44.000000,26.327038 -43.000000,25.719757 -42.000000,25.188102 -41.000000,24.711308 -40.000000,24.274472 -39.000000,23.866631 -38.000000,23.481023 -37.000000,23.112898 -36.000000,22.759497 -35.000000,22.419206 -34.000000,22.091726 -33.000000,21.777712 -32.000000,21.479049 -31.000000,21.198728 -30.000000,20.941192 -29.000000,20.713124 -28.000000,20.522419 -27.000000,20.379550 -26.000000,20.294243 -25.000000,20.274283 -24.000000,20.322623 -23.000000,20.438375 -22.000000,20.619456 -21.000000,20.865289 -20.000000,21.174400 -19.000000,21.538365 -18.000000,21.938350 -17.000000,22.351255 -16.000000,22.755609 -15.000000,23.135701 -14.000000,23.480384 -13.000000,23.782366 -12.000000,24.036472 -11.000000,24.239354 -10.000000,24.388338 -9.000000,24.481668 -8.000000,24.517907 -7.000000,24.496459 -6.000000,24.416299 -5.000000,24.277067 -4.000000,24.077993 -3.000000,23.819031 -2.000000,23.500012 -1.000000,23.120766 0.000000,22.680925 1.000000,22.181115 2.000000,21.620640 3.000000,21.000122 4.000000,20.319411 5.000000,19.578973 6.000000,18.778737 7.000000,17.919165 8.000000,17.000605 9.000000,16.023560 10.000000,14.988539 11.000000,13.896226 12.000000,12.747511 13.000000,11.543939 14.000000,10.287576 15.000000,8.981041 16.000000,7.630720 17.000000,6.247419 18.000000,4.856605 19.000000,3.524479 20.000000,2.423750 21.000000,1.947513 22.000000,2.749347 23.000000,4.299794 24.000000,6.036855 25.000000,7.870363 26.000000,9.776356 27.000000,11.745271 28.000000,13.772356 29.000000,15.854711 30.000000,17.990357 31.000000,20.177678 32.000000,22.415630 33.000000,24.702969 34.000000,27.039009 35.000000,29.422575 36.000000,31.852916 37.000000,34.329073 38.000000,36.850286 39.000000,39.415881 40.000000,42.024771 41.000000,44.676305 42.000000,47.369350 43.000000,50.103576 44.000000,52.877800 45.000000,55.691031 46.000000,58.542642 47.000000,61.431828 48.000000,64.357480 49.000000,67.318733 50.000000,70.314606 51.000000,73.344606 52.000000,76.407260 53.000000,79.501954 54.000000,82.627589 55.000000,85.783425 56.000000,88.968242 57.000000,92.181184 58.000000,95.421270 59.000000,98.687463 60.000000,101.978907 61.000000,105.294501 62.000000,108.633210 63.000000,111.994115 64.000000,115.375995 65.000000,118.777998 66.000000,122.199021 67.000000,125.638091 68.000000,129.093986 69.000000,132.565974 [0m
[Test-1] [0m[INFO] [1780635587.578675260] [test_node_cpp]: [YAW_OPT] init=26.283 best=27.000 best_err=2.835 curve=-70.000000,73.557968 -69.000000,70.553829 -68.000000,67.583525 -67.000000,64.649216 -66.000000,61.753244 -65.000000,58.897898 -64.000000,56.086725 -63.000000,53.323903 -62.000000,50.614770 -61.000000,47.966696 -60.000000,45.391236 -59.000000,42.905490 -58.000000,40.537601 -57.000000,38.332531 -56.000000,36.353715 -55.000000,34.656279 -54.000000,33.241511 -53.000000,32.065334 -52.000000,31.079853 -51.000000,30.249139 -50.000000,29.543240 -49.000000,28.936280 -48.000000,28.405390 -47.000000,27.932670 -46.000000,27.504186 -45.000000,27.109671 -44.000000,26.742228 -43.000000,26.397201 -42.000000,26.071721 -41.000000,25.764132 -40.000000,25.474398 -39.000000,25.203439 -38.000000,24.954051 -37.000000,24.729804 -36.000000,24.536392 -35.000000,24.381035 -34.000000,24.272968 -33.000000,24.222019 -32.000000,24.238093 -31.000000,24.329162 -30.000000,24.500263 -29.000000,24.756879 -28.000000,25.107720 -27.000000,25.563669 -26.000000,26.127719 -25.000000,26.780976 -24.000000,27.487895 -23.000000,28.214365 -22.000000,28.935022 -21.000000,29.633051 -20.000000,30.298231 -19.000000,30.923085 -18.000000,31.503327 -17.000000,32.035048 -16.000000,32.516187 -15.000000,32.944931 -14.000000,33.319602 -13.000000,33.639362 -12.000000,33.903168 -11.000000,34.110560 -10.000000,34.260816 -9.000000,34.353540 -8.000000,34.388284 -7.000000,34.365117 -6.000000,34.283241 -5.000000,34.143095 -4.000000,33.944293 -3.000000,33.686575 -2.000000,33.370200 -1.000000,32.995134 0.000000,32.561269 1.000000,32.068569 2.000000,31.517680 3.000000,30.908254 4.000000,30.240350 5.000000,29.514545 6.000000,28.730831 7.000000,27.889637 8.000000,26.990957 9.000000,26.035226 10.000000,25.023066 11.000000,23.954780 12.000000,22.830549 13.000000,21.651133 14.000000,20.417121 15.000000,19.129230 16.000000,17.788539 17.000000,16.396063 18.000000,14.953162 19.000000,13.462243 20.000000,11.926097 21.000000,10.349771 22.000000,8.741392 23.000000,7.117629 24.000000,5.515035 25.000000,4.031555 26.000000,2.951702 27.000000,2.834898 28.000000,3.923303 29.000000,5.578326 30.000000,7.468692 31.000000,9.485739 32.000000,11.588821 33.000000,13.760291 34.000000,15.990976 35.000000,18.275496 36.000000,20.610572 37.000000,22.993699 38.000000,25.423004 39.000000,27.896872 40.000000,30.414141 41.000000,32.973567 42.000000,35.574242 43.000000,38.215027 44.000000,40.894899 45.000000,43.613054 46.000000,46.368285 47.000000,49.159959 48.000000,51.987092 49.000000,54.848527 50.000000,57.743791 51.000000,60.671624 52.000000,63.631082 53.000000,66.621462 54.000000,69.641645 55.000000,72.690878 56.000000,75.767924 57.000000,78.872219 58.000000,82.002470 59.000000,85.157932 60.000000,88.337439 61.000000,91.540065 62.000000,94.765010 63.000000,98.011170 64.000000,101.277441 65.000000,104.562964 66.000000,107.866635 67.000000,111.187476 68.000000,114.524444 69.000000,117.876623 [0m
[Test-1] [0m[INFO] [1780635587.607814518] [test_node_cpp]: [YAW_OPT] init=-49.792 best=-51.000 best_err=8.008 curve=-70.000000,57.954136 -69.000000,54.774325 -68.000000,51.621174 -67.000000,48.496323 -66.000000,45.401611 -65.000000,42.338797 -64.000000,39.310490 -63.000000,36.319267 -62.000000,33.368197 -61.000000,30.461592 -60.000000,27.604415 -59.000000,24.803827 -58.000000,22.069344 -57.000000,19.415060 -56.000000,16.862219 -55.000000,14.444270 -54.000000,12.216166 -53.000000,10.271031 -52.000000,8.775070 -51.000000,8.007828 -50.000000,8.135572 -49.000000,9.001843 -48.000000,10.407303 -47.000000,12.155364 -46.000000,14.095800 -45.000000,16.138565 -44.000000,18.231925 -43.000000,20.344959 -42.000000,22.457754 -41.000000,24.557647 -40.000000,26.635714 -39.000000,28.685379 -38.000000,30.702001 -37.000000,32.682096 -36.000000,34.622615 -35.000000,36.521457 -34.000000,38.376638 -33.000000,40.186574 -32.000000,41.949841 -31.000000,43.665520 -30.000000,45.332312 -29.000000,46.949320 -28.000000,48.515810 -27.000000,50.030821 -26.000000,51.493913 -25.000000,52.904403 -24.000000,54.261447 -23.000000,55.564770 -22.000000,56.813697 -21.000000,58.007859 -20.000000,59.146791 -19.000000,60.230119 -18.000000,61.257262 -17.000000,62.228074 -16.000000,63.142306 -15.000000,63.999484 -14.000000,64.799439 -13.000000,65.541835 -12.000000,66.226461 -11.000000,66.853281 -10.000000,67.422076 -9.000000,67.932541 -8.000000,68.384778 -7.000000,68.778484 -6.000000,69.113797 -5.000000,69.390424 -4.000000,69.608523 -3.000000,69.768228 -2.000000,69.869418 -1.000000,69.912128 0.000000,69.896593 1.000000,69.822790 2.000000,69.691009 3.000000,69.501381 4.000000,69.254234 5.000000,68.949737 6.000000,68.588319 7.000000,68.170155 8.000000,67.695870 9.000000,67.165895 10.000000,66.580652 11.000000,65.940863 12.000000,65.247086 13.000000,64.500291 14.000000,63.701239 15.000000,62.850911 16.000000,61.950520 17.000000,61.001281 18.000000,60.004986 19.000000,58.963252 20.000000,57.878308 21.000000,56.752707 22.000000,55.589493 23.000000,54.392454 24.000000,53.166379 25.000000,51.917052 26.000000,50.651773 27.000000,49.380156 28.000000,48.113907 29.000000,46.868543 30.000000,45.662406 31.000000,44.517494 32.000000,43.456253 33.000000,42.498858 34.000000,41.658669 35.000000,40.940395 36.000000,40.341040 37.000000,39.853531 38.000000,39.468508 39.000000,39.176621 40.000000,38.968867 41.000000,38.836316 42.000000,38.771013 43.000000,38.765520 44.000000,38.813338 45.000000,38.909649 46.000000,39.050144 47.000000,39.232094 48.000000,39.454108 49.000000,39.715950 50.000000,40.018925 51.000000,40.365854 52.000000,40.761185 53.000000,41.211178 54.000000,41.724592 55.000000,42.312324 56.000000,42.988555 57.000000,43.770769 58.000000,44.680353 59.000000,45.743079 60.000000,46.988574 61.000000,48.447010 62.000000,50.141969 63.000000,52.080230 64.000000,54.247587 65.000000,56.614527 66.000000,59.146887 67.000000,61.813605 68.000000,64.589560 69.000000,67.454836 [0m
[Test-1] [0m[INFO] [1780635587.609943196] [test_node_cpp]: [YAW_OPT] init=34.560 best=35.000 best_err=3.020 curve=-70.000000,55.275149 -69.000000,52.446118 -68.000000,49.691412 -67.000000,47.033582 -66.000000,44.511762 -65.000000,42.192349 -64.000000,40.166480 -63.000000,38.494373 -62.000000,37.142852 -61.000000,36.038124 -60.000000,35.123007 -59.000000,34.357896 -58.000000,33.711974 -57.000000,33.159233 -56.000000,32.678099 -55.000000,32.251802 -54.000000,31.867865 -53.000000,31.517269 -52.000000,31.193898 -51.000000,30.893802 -50.000000,30.614532 -49.000000,30.355554 -48.000000,30.117616 -47.000000,29.902628 -46.000000,29.714613 -45.000000,29.558965 -44.000000,29.443646 -43.000000,29.378770 -42.000000,29.376621 -41.000000,29.450981 -40.000000,29.615664 -39.000000,29.883097 -38.000000,30.267509 -37.000000,30.790192 -36.000000,31.480948 -35.000000,32.356983 -34.000000,33.388711 -33.000000,34.515784 -32.000000,35.685091 -31.000000,36.862317 -30.000000,38.026480 -29.000000,39.164941 -28.000000,40.269509 -27.000000,41.334719 -26.000000,42.356486 -25.000000,43.331805 -24.000000,44.258719 -23.000000,45.135281 -22.000000,45.960264 -21.000000,46.732210 -20.000000,47.450463 -19.000000,48.114181 -18.000000,48.722624 -17.000000,49.275184 -16.000000,49.771626 -15.000000,50.211147 -14.000000,50.593667 -13.000000,50.918788 -12.000000,51.186291 -11.000000,51.395663 -10.000000,51.547176 -9.000000,51.640255 -8.000000,51.675199 -7.000000,51.651377 -6.000000,51.569311 -5.000000,51.428465 -4.000000,51.229041 -3.000000,50.971092 -2.000000,50.654523 -1.000000,50.279601 0.000000,49.845989 1.000000,49.354150 2.000000,48.804313 3.000000,48.196221 4.000000,47.530435 5.000000,46.806799 6.000000,46.025788 7.000000,45.187440 8.000000,44.292277 9.000000,43.340224 10.000000,42.331905 11.000000,41.267414 12.000000,40.147116 13.000000,38.971495 14.000000,37.740911 15.000000,36.455806 16.000000,35.116653 17.000000,33.723891 18.000000,32.278064 19.000000,30.779843 20.000000,29.229560 21.000000,27.628496 22.000000,25.976765 23.000000,24.275827 24.000000,22.526564 25.000000,20.730285 26.000000,18.888731 27.000000,17.004118 28.000000,15.079906 29.000000,13.120909 30.000000,11.135052 31.000000,9.137060 32.000000,7.156141 33.000000,5.259930 34.000000,3.647834 35.000000,3.019794 36.000000,4.109627 37.000000,5.985759 38.000000,8.147735 39.000000,10.457612 40.000000,12.861141 41.000000,15.334492 42.000000,17.865271 43.000000,20.446214 44.000000,23.073213 45.000000,25.742853 46.000000,28.452651 47.000000,31.201090 48.000000,33.986340 49.000000,36.807275 50.000000,39.662588 51.000000,42.551005 52.000000,45.471339 53.000000,48.422667 54.000000,51.404063 55.000000,54.414318 56.000000,57.452610 57.000000,60.517574 58.000000,63.608548 59.000000,66.724441 60.000000,69.864354 61.000000,73.027096 62.000000,76.211778 63.000000,79.417458 64.000000,82.642953 65.000000,85.887457 66.000000,89.149848 67.000000,92.429382 68.000000,95.724579 69.000000,99.034761 [0m
[Test-1] [0m[INFO] [1780635587.639416307] [test_node_cpp]: [YAW_OPT] init=-42.920 best=-44.000 best_err=7.322 curve=-70.000000,75.872007 -69.000000,72.631408 -68.000000,69.415489 -67.000000,66.225258 -66.000000,63.062016 -65.000000,59.926918 -64.000000,56.821275 -63.000000,53.746214 -62.000000,50.703290 -61.000000,47.693678 -60.000000,44.719208 -59.000000,41.781377 -58.000000,38.882008 -57.000000,36.023310 -56.000000,33.207849 -55.000000,30.438619 -54.000000,27.719261 -53.000000,25.054670 -52.000000,22.451486 -51.000000,19.918671 -50.000000,17.469605 -49.000000,15.124892 -48.000000,12.917181 -47.000000,10.901984 -46.000000,9.175840 -45.000000,7.906268 -44.000000,7.322375 -43.000000,7.512199 -42.000000,8.332982 -41.000000,9.597101 -40.000000,11.138923 -39.000000,12.838330 -38.000000,14.619948 -37.000000,16.438533 -36.000000,18.265854 -35.000000,20.084325 -34.000000,21.881980 -33.000000,23.650814 -32.000000,25.384847 -31.000000,27.079844 -30.000000,28.732707 -29.000000,30.340711 -28.000000,31.901896 -27.000000,33.414594 -26.000000,34.877430 -25.000000,36.289221 -24.000000,37.648976 -23.000000,38.955953 -22.000000,40.209127 -21.000000,41.408050 -20.000000,42.551995 -19.000000,43.640414 -18.000000,44.672849 -17.000000,45.649032 -16.000000,46.568202 -15.000000,47.430506 -14.000000,48.235227 -13.000000,48.982189 -12.000000,49.671308 -11.000000,50.302288 -10.000000,50.874873 -9.000000,51.389121 -8.000000,51.844827 -7.000000,52.241855 -6.000000,52.580241 -5.000000,52.860147 -4.000000,53.081322 -3.000000,53.244108 -2.000000,53.348507 -1.000000,53.394601 0.000000,53.382740 1.000000,53.313193 2.000000,53.186133 3.000000,53.002021 4.000000,52.761318 5.000000,52.464650 6.000000,52.112494 7.000000,51.705443 8.000000,51.244697 9.000000,50.730981 10.000000,50.165554 11.000000,49.549746 12.000000,48.885086 13.000000,48.173692 14.000000,47.417763 15.000000,46.620187 16.000000,45.784489 17.000000,44.914912 18.000000,44.016935 19.000000,43.097237 20.000000,42.164516 21.000000,41.229474 22.000000,40.305474 23.000000,39.408266 24.000000,38.555839 25.000000,37.766137 26.000000,37.055059 27.000000,36.433233 28.000000,35.905449 29.000000,35.471466 30.000000,35.127415 31.000000,34.868223 32.000000,34.687170 33.000000,34.577877 34.000000,34.533764 35.000000,34.548483 36.000000,34.616223 37.000000,34.731765 38.000000,34.890870 39.000000,35.090585 40.000000,35.328746 41.000000,35.604573 42.000000,35.918407 43.000000,36.272057 44.000000,36.668623 45.000000,37.112963 46.000000,37.611763 47.000000,38.173551 48.000000,38.809486 49.000000,39.533047 50.000000,40.360330 51.000000,41.310444 52.000000,42.405309 53.000000,43.668904 54.000000,45.124951 55.000000,46.792386 56.000000,48.677285 57.000000,50.770440 58.000000,53.049771 59.000000,55.487865 60.000000,58.058031 61.000000,60.737847 62.000000,63.509251 63.000000,66.358454 64.000000,69.274307 65.000000,72.248328 66.000000,75.273592 67.000000,78.344755 68.000000,81.457106 69.000000,84.606690 [0m
[Test-1] [0m[INFO] [1780635587.641583449] [test_node_cpp]: [YAW_OPT] init=41.190 best=41.000 best_err=4.827 curve=-70.000000,41.028651 -69.000000,39.666605 -68.000000,38.616378 -67.000000,37.767506 -66.000000,37.060393 -65.000000,36.461140 -64.000000,35.946525 -63.000000,35.499209 -62.000000,35.105503 -61.000000,34.755418 -60.000000,34.441241 -59.000000,34.158090 -58.000000,33.902411 -57.000000,33.672333 -56.000000,33.467548 -55.000000,33.289300 -54.000000,33.139623 -53.000000,33.022675 -52.000000,32.943797 -51.000000,32.909957 -50.000000,32.929369 -49.000000,33.011520 -48.000000,33.165380 -47.000000,33.400272 -46.000000,33.724045 -45.000000,34.148615 -44.000000,34.698910 -43.000000,35.429980 -42.000000,36.412508 -41.000000,37.636043 -40.000000,39.002978 -39.000000,40.431158 -38.000000,41.876705 -37.000000,43.316412 -36.000000,44.737406 -35.000000,46.131134 -34.000000,47.492178 -33.000000,48.816549 -32.000000,50.100757 -31.000000,51.342541 -30.000000,52.540151 -29.000000,53.691656 -28.000000,54.795853 -27.000000,55.851650 -26.000000,56.857928 -25.000000,57.813772 -24.000000,58.718785 -23.000000,59.571923 -22.000000,60.372580 -21.000000,61.120469 -20.000000,61.814901 -19.000000,62.455745 -18.000000,63.042302 -17.000000,63.574377 -16.000000,64.051564 -15.000000,64.473822 -14.000000,64.840493 -13.000000,65.151850 -12.000000,65.407331 -11.000000,65.607094 -10.000000,65.750615 -9.000000,65.838263 -8.000000,65.869647 -7.000000,65.844903 -6.000000,65.763509 -5.000000,65.626036 -4.000000,65.432281 -3.000000,65.182263 -2.000000,64.875959 -1.000000,64.513588 0.000000,64.095046 1.000000,63.620644 2.000000,63.090320 3.000000,62.504394 4.000000,61.862948 5.000000,61.166195 6.000000,60.414302 7.000000,59.607658 8.000000,58.746368 9.000000,57.830638 10.000000,56.861055 11.000000,55.837551 12.000000,54.760726 13.000000,53.631080 14.000000,52.448540 15.000000,51.213757 16.000000,49.927190 17.000000,48.589355 18.000000,47.200570 19.000000,45.761526 20.000000,44.272550 21.000000,42.734528 22.000000,41.147718 23.000000,39.513329 24.000000,37.831615 25.000000,36.103712 26.000000,34.330190 27.000000,32.512430 28.000000,30.651436 29.000000,28.748579 30.000000,26.805485 31.000000,24.823941 32.000000,22.806674 33.000000,20.756799 34.000000,18.678483 35.000000,16.577980 36.000000,14.463853 37.000000,12.349454 38.000000,10.255918 39.000000,8.217230 40.000000,6.288755 41.000000,4.827459 42.000000,5.015874 43.000000,6.432474 44.000000,8.225850 45.000000,10.306921 46.000000,12.585807 47.000000,15.001123 48.000000,17.514805 49.000000,20.103756 50.000000,22.753859 51.000000,25.455295 52.000000,28.201809 53.000000,30.988786 54.000000,33.812457 55.000000,36.670033 56.000000,39.559326 57.000000,42.478424 58.000000,45.425741 59.000000,48.399534 60.000000,51.398424 61.000000,54.421268 62.000000,57.466534 63.000000,60.533183 64.000000,63.620199 65.000000,66.726372 66.000000,69.850710 67.000000,72.991802 68.000000,76.148870 69.000000,79.320611 [0m
[Test-1] [0m[INFO] [1780635587.669928352] [test_node_cpp]: [YAW_OPT] init=-36.015 best=-37.000 best_err=5.059 curve=-70.000000,92.067753 -69.000000,88.783224 -68.000000,85.522787 -67.000000,82.287323 -66.000000,79.078090 -65.000000,75.895972 -64.000000,72.741931 -63.000000,69.616998 -62.000000,66.522263 -61.000000,63.458654 -60.000000,60.427281 -59.000000,57.429042 -58.000000,54.465016 -57.000000,51.536328 -56.000000,48.643982 -55.000000,45.788916 -54.000000,42.972464 -53.000000,40.195615 -52.000000,37.459817 -51.000000,34.766056 -50.000000,32.116048 -49.000000,29.511241 -48.000000,26.953643 -47.000000,24.445364 -46.000000,21.989349 -45.000000,19.589117 -44.000000,17.249778 -43.000000,14.978834 -42.000000,12.787925 -41.000000,10.697102 -40.000000,8.744201 -39.000000,7.009306 -38.000000,5.678391 -37.000000,5.059161 -36.000000,5.243602 -35.000000,6.039735 -34.000000,7.223077 -33.000000,8.623647 -32.000000,10.133514 -31.000000,11.688831 -30.000000,13.252437 -29.000000,14.802577 -28.000000,16.325736 -27.000000,17.813303 -26.000000,19.259740 -25.000000,20.660818 -24.000000,22.013939 -23.000000,23.316843 -22.000000,24.567840 -21.000000,25.765711 -20.000000,26.909455 -19.000000,27.998017 -18.000000,29.030884 -17.000000,30.007358 -16.000000,30.926914 -15.000000,31.789180 -14.000000,32.593738 -13.000000,33.340238 -12.000000,34.028574 -11.000000,34.658442 -10.000000,35.229707 -9.000000,35.742213 -8.000000,36.195968 -7.000000,36.590966 -6.000000,36.927242 -5.000000,37.204969 -4.000000,37.424061 -3.000000,37.584907 -2.000000,37.687860 -1.000000,37.733186 0.000000,37.721269 1.000000,37.652735 2.000000,37.528293 3.000000,37.348828 4.000000,37.115180 5.000000,36.828650 6.000000,36.490633 7.000000,36.102964 8.000000,35.667936 9.000000,35.188274 10.000000,34.667518 11.000000,34.110013 12.000000,33.521429 13.000000,32.908926 14.000000,32.281818 15.000000,31.651622 16.000000,31.032860 17.000000,30.442293 18.000000,29.897823 19.000000,29.416102 20.000000,29.009504 21.000000,28.684789 22.000000,28.442556 23.000000,28.279657 24.000000,28.190409 25.000000,28.168136 26.000000,28.205534 27.000000,28.295872 28.000000,28.432801 29.000000,28.610742 30.000000,28.825596 31.000000,29.073856 32.000000,29.353390 33.000000,29.663160 34.000000,30.003617 35.000000,30.375873 36.000000,30.783010 37.000000,31.229086 38.000000,31.720461 39.000000,32.264706 40.000000,32.871935 41.000000,33.554080 42.000000,34.324920 43.000000,35.199648 44.000000,36.194653 45.000000,37.327569 46.000000,38.617423 47.000000,40.083986 48.000000,41.744428 49.000000,43.605839 50.000000,45.661053 51.000000,47.889842 52.000000,50.265837 53.000000,52.764339 54.000000,55.364425 55.000000,58.049954 56.000000,60.808774 57.000000,63.631482 58.000000,66.511106 59.000000,69.442004 60.000000,72.419526 61.000000,75.440121 62.000000,78.500554 63.000000,81.598131 64.000000,84.730654 65.000000,87.895886 66.000000,91.091959 67.000000,94.316969 68.000000,97.569434 69.000000,100.847610 [0m
[Test-1] [0m[INFO] [1780635587.700238633] [test_node_cpp]: [YAW_OPT] init=-29.342 best=-30.000 best_err=4.820 curve=-70.000000,104.862282 -69.000000,101.557067 -68.000000,98.276158 -67.000000,95.020665 -66.000000,91.791646 -65.000000,88.589917 -64.000000,85.416719 -63.000000,82.272813 -62.000000,79.159330 -61.000000,76.077215 -60.000000,73.027553 -59.000000,70.011053 -58.000000,67.028932 -57.000000,64.082109 -56.000000,61.171502 -55.000000,58.298109 -54.000000,55.462890 -53.000000,52.666873 -52.000000,49.910978 -51.000000,47.196167 -50.000000,44.523671 -49.000000,41.894276 -48.000000,39.309354 -47.000000,36.769762 -46.000000,34.276848 -45.000000,31.831938 -44.000000,29.436468 -43.000000,27.091930 -42.000000,24.800414 -41.000000,22.564124 -40.000000,20.385719 -39.000000,18.268916 -38.000000,16.218325 -37.000000,14.240629 -36.000000,12.345541 -35.000000,10.547349 -34.000000,8.869284 -33.000000,7.350640 -32.000000,6.062114 -31.000000,5.143052 -30.000000,4.820007 -29.000000,5.154391 -28.000000,5.932328 -27.000000,6.947961 -26.000000,8.080739 -25.000000,9.264663 -24.000000,10.461491 -23.000000,11.648587 -22.000000,12.811345 -21.000000,13.940391 -20.000000,15.029194 -19.000000,16.073429 -18.000000,17.069602 -17.000000,18.015616 -16.000000,18.909416 -15.000000,19.749860 -14.000000,20.535901 -13.000000,21.266608 -12.000000,21.941460 -11.000000,22.560028 -10.000000,23.121991 -9.000000,23.627060 -8.000000,24.075430 -7.000000,24.466879 -6.000000,24.801777 -5.000000,25.080324 -4.000000,25.302848 -3.000000,25.470106 -2.000000,25.582766 -1.000000,25.641784 0.000000,25.648455 1.000000,25.604435 2.000000,25.511496 3.000000,25.372564 4.000000,25.190729 5.000000,24.970307 6.000000,24.716915 7.000000,24.438007 8.000000,24.143087 9.000000,23.844054 10.000000,23.555302 11.000000,23.291994 12.000000,23.067927 13.000000,22.892879 14.000000,22.771084 15.000000,22.702571 16.000000,22.685163 17.000000,22.715852 18.000000,22.791506 19.000000,22.909115 20.000000,23.066011 21.000000,23.259322 22.000000,23.486592 23.000000,23.745779 24.000000,24.035151 25.000000,24.353873 26.000000,24.701706 27.000000,25.079297 28.000000,25.488192 29.000000,25.931038 30.000000,26.411714 31.000000,26.935367 32.000000,27.508609 33.000000,28.139168 34.000000,28.836882 35.000000,29.612571 36.000000,30.478785 37.000000,31.450096 38.000000,32.543013 39.000000,33.776444 40.000000,35.169540 41.000000,36.737251 42.000000,38.483459 43.000000,40.399012 44.000000,42.465406 45.000000,44.661036 46.000000,46.966496 47.000000,49.365965 48.000000,51.847191 49.000000,54.400660 50.000000,57.019296 51.000000,59.697157 52.000000,62.429893 53.000000,65.213665 54.000000,68.045447 55.000000,70.922283 56.000000,73.842014 57.000000,76.802544 58.000000,79.801893 59.000000,82.838289 60.000000,85.910219 61.000000,89.016023 62.000000,92.154354 63.000000,95.323856 64.000000,98.522982 65.000000,101.750634 66.000000,105.005461 67.000000,108.286219 68.000000,111.591747 69.000000,114.920621 [0m
[Test-1] [0m[INFO] [1780635587.726732788] [test_node_cpp]: [YAW_OPT] init=-24.479 best=-25.000 best_err=3.365 curve=-70.000000,113.724148 -69.000000,110.374559 -68.000000,107.049795 -67.000000,103.750958 -66.000000,100.478964 -65.000000,97.234792 -64.000000,94.019489 -63.000000,90.834027 -62.000000,87.679333 -61.000000,84.556569 -60.000000,81.466415 -59.000000,78.410038 -58.000000,75.388243 -57.000000,72.402078 -56.000000,69.452349 -55.000000,66.540050 -54.000000,63.666051 -53.000000,60.831228 -52.000000,58.036525 -51.000000,55.282821 -50.000000,52.570888 -49.000000,49.901681 -48.000000,47.276043 -47.000000,44.694950 -46.000000,42.158967 -45.000000,39.669154 -44.000000,37.226477 -43.000000,34.831619 -42.000000,32.485540 -41.000000,30.189119 -40.000000,27.943420 -39.000000,25.749447 -38.000000,23.608284 -37.000000,21.521255 -36.000000,19.489589 -35.000000,17.515288 -34.000000,15.600534 -33.000000,13.748237 -32.000000,11.962630 -31.000000,10.250104 -30.000000,8.621382 -29.000000,7.095101 -28.000000,5.707523 -27.000000,4.532213 -26.000000,3.701249 -25.000000,3.365441 -24.000000,3.576543 -23.000000,4.212353 -22.000000,5.083632 -21.000000,6.055677 -20.000000,7.055804 -19.000000,8.047169 -18.000000,9.010230 -17.000000,9.934080 -16.000000,10.812099 -15.000000,11.640526 -14.000000,12.416268 -13.000000,13.137888 -12.000000,13.803911 -11.000000,14.413665 -10.000000,14.966741 -9.000000,15.462616 -8.000000,15.901536 -7.000000,16.283456 -6.000000,16.608752 -5.000000,16.878124 -4.000000,17.092343 -3.000000,17.252627 -2.000000,17.360455 -1.000000,17.417890 0.000000,17.427875 1.000000,17.394023 2.000000,17.321282 3.000000,17.216209 4.000000,17.087681 5.000000,16.946760 6.000000,16.806992 7.000000,16.683521 8.000000,16.590523 9.000000,16.539142 10.000000,16.536099 11.000000,16.583617 12.000000,16.681257 13.000000,16.826380 14.000000,17.015702 15.000000,17.244894 16.000000,17.509899 17.000000,17.807197 18.000000,18.133765 19.000000,18.487766 20.000000,18.868384 21.000000,19.275727 22.000000,19.711452 23.000000,20.178164 24.000000,20.679653 25.000000,21.221642 26.000000,21.810990 27.000000,22.456209 28.000000,23.166964 29.000000,23.954044 30.000000,24.828657 31.000000,25.802206 32.000000,26.886598 33.000000,28.093796 34.000000,29.435219 35.000000,30.919963 36.000000,32.551598 37.000000,34.326043 38.000000,36.233089 39.000000,38.258832 40.000000,40.389461 41.000000,42.612461 42.000000,44.917529 43.000000,47.296716 44.000000,49.743369 45.000000,52.252332 46.000000,54.819300 47.000000,57.441059 48.000000,60.114641 49.000000,62.837570 50.000000,65.607660 51.000000,68.423040 52.000000,71.281911 53.000000,74.182735 54.000000,77.123945 55.000000,80.104159 56.000000,83.122132 57.000000,86.176377 58.000000,89.265930 59.000000,92.389336 60.000000,95.545406 61.000000,98.733051 62.000000,101.951227 63.000000,105.198463 64.000000,108.473915 65.000000,111.776481 66.000000,115.104851 67.000000,118.458040 68.000000,121.834856 69.000000,125.234299 [0m
[Test-1] [0m[INFO] [1780635587.754607422] [test_node_cpp]: [YAW_OPT] init=-17.553 best=-18.000 best_err=2.686 curve=-70.000000,120.828007 -69.000000,117.501509 -68.000000,114.200073 -67.000000,110.924610 -66.000000,107.676283 -65.000000,104.455761 -64.000000,101.264394 -63.000000,98.102906 -62.000000,94.972346 -61.000000,91.873628 -60.000000,88.807727 -59.000000,85.775563 -58.000000,82.778180 -57.000000,79.816311 -56.000000,76.891060 -55.000000,74.003172 -54.000000,71.153433 -53.000000,68.343025 -52.000000,65.572621 -51.000000,62.843024 -50.000000,60.155231 -49.000000,57.509858 -48.000000,54.908022 -47.000000,52.350363 -46.000000,49.837691 -45.000000,47.370648 -44.000000,44.950311 -43.000000,42.577320 -42.000000,40.252466 -41.000000,37.976416 -40.000000,35.750034 -39.000000,33.574071 -38.000000,31.449329 -37.000000,29.376525 -36.000000,27.356380 -35.000000,25.389893 -34.000000,23.477701 -33.000000,21.620908 -32.000000,19.820435 -31.000000,18.077465 -30.000000,16.393106 -29.000000,14.769101 -28.000000,13.207168 -27.000000,11.709808 -26.000000,10.280365 -25.000000,8.923363 -24.000000,7.645259 -23.000000,6.455534 -22.000000,5.367801 -21.000000,4.400627 -20.000000,3.578917 -19.000000,2.943072 -18.000000,2.685767 -17.000000,2.891817 -16.000000,3.344451 -15.000000,3.910406 -14.000000,4.512120 -13.000000,5.111691 -12.000000,5.688893 -11.000000,6.232739 -10.000000,6.736487 -9.000000,7.196592 -8.000000,7.611218 -7.000000,7.980051 -6.000000,8.303639 -5.000000,8.584069 -4.000000,8.823873 -3.000000,9.027370 -2.000000,9.199974 -1.000000,9.348374 0.000000,9.480957 1.000000,9.606989 2.000000,9.737168 3.000000,9.882484 4.000000,10.053017 5.000000,10.256268 6.000000,10.494828 7.000000,10.767570 8.000000,11.070876 9.000000,11.400487 10.000000,11.753047 11.000000,12.125879 12.000000,12.517839 13.000000,12.928542 14.000000,13.358757 15.000000,13.810423 16.000000,14.286420 17.000000,14.791142 18.000000,15.330437 19.000000,15.911691 20.000000,16.543854 21.000000,17.237125 22.000000,18.002421 23.000000,18.850251 24.000000,19.789784 25.000000,20.828898 26.000000,21.973065 27.000000,23.226223 28.000000,24.590122 29.000000,26.063744 30.000000,27.643504 31.000000,29.323872 32.000000,31.098068 33.000000,32.959460 34.000000,34.901379 35.000000,36.918304 36.000000,39.005191 37.000000,41.157979 38.000000,43.373164 39.000000,45.647641 40.000000,47.978885 41.000000,50.364739 42.000000,52.803237 43.000000,55.292619 44.000000,57.831289 45.000000,60.417914 46.000000,63.050891 47.000000,65.729076 48.000000,68.451404 49.000000,71.216444 50.000000,74.023066 51.000000,76.870316 52.000000,79.757097 53.000000,82.682256 54.000000,85.644669 55.000000,88.643517 56.000000,91.677502 57.000000,94.745700 58.000000,97.847231 59.000000,100.980821 60.000000,104.145440 61.000000,107.340247 62.000000,110.564004 63.000000,113.815826 64.000000,117.094550 65.000000,120.399157 66.000000,123.728577 67.000000,127.081859 68.000000,130.457913 69.000000,133.855447 [0m
[Test-1] [0m[INFO] [1780635587.782684936] [test_node_cpp]: [YAW_OPT] init=-12.843 best=-10.000 best_err=4.106 curve=-70.000000,122.581954 -69.000000,119.308382 -68.000000,116.059867 -67.000000,112.837460 -66.000000,109.642378 -65.000000,106.475178 -64.000000,103.337041 -63.000000,100.229002 -62.000000,97.151988 -61.000000,94.106922 -60.000000,91.094745 -59.000000,88.116313 -58.000000,85.172682 -57.000000,82.264718 -56.000000,79.393230 -55.000000,76.559353 -54.000000,73.763695 -53.000000,71.007274 -52.000000,68.290962 -51.000000,65.615638 -50.000000,62.982023 -49.000000,60.391066 -48.000000,57.843532 -47.000000,55.340370 -46.000000,52.882336 -45.000000,50.470140 -44.000000,48.104694 -43.000000,45.786760 -42.000000,43.517169 -41.000000,41.296593 -40.000000,39.125914 -39.000000,37.005888 -38.000000,34.937432 -37.000000,32.921122 -36.000000,30.958020 -35.000000,29.048725 -34.000000,27.194279 -33.000000,25.395479 -32.000000,23.653161 -31.000000,21.968378 -30.000000,20.342128 -29.000000,18.775388 -28.000000,17.269310 -27.000000,15.825106 -26.000000,14.444116 -25.000000,13.127503 -24.000000,11.876805 -23.000000,10.693286 -22.000000,9.578355 -21.000000,8.533595 -20.000000,7.681215 -19.000000,7.083830 -18.000000,6.529790 -17.000000,6.020667 -16.000000,5.559474 -15.000000,5.151306 -14.000000,4.802968 -13.000000,4.521746 -12.000000,4.312316 -11.000000,4.174442 -10.000000,4.106228 -9.000000,4.108565 -8.000000,4.177272 -7.000000,4.288193 -6.000000,4.409059 -5.000000,4.517336 -4.000000,4.602045 -3.000000,4.660411 -2.000000,4.696002 -1.000000,4.719541 0.000000,4.748393 1.000000,4.803196 2.000000,4.899838 3.000000,5.045478 4.000000,5.241594 5.000000,5.485996 6.000000,5.773247 7.000000,6.096598 8.000000,6.450487 9.000000,6.832093 10.000000,7.242347 11.000000,7.687994 12.000000,8.183042 13.000000,8.748435 14.000000,9.400688 15.000000,10.140201 16.000000,10.957528 17.000000,11.844610 18.000000,12.798715 19.000000,13.820264 20.000000,14.911885 21.000000,16.077195 22.000000,17.318896 23.000000,18.639025 24.000000,20.037902 25.000000,21.514618 26.000000,23.066860 27.000000,24.691761 28.000000,26.386408 29.000000,28.147957 30.000000,29.973705 31.000000,31.861341 32.000000,33.808539 33.000000,35.813580 34.000000,37.874556 35.000000,39.990378 36.000000,42.159358 37.000000,44.380224 38.000000,46.651995 39.000000,48.973357 40.000000,51.343503 41.000000,53.761288 42.000000,56.225867 43.000000,58.735867 44.000000,61.290944 45.000000,63.889787 46.000000,66.531536 47.000000,69.215304 48.000000,71.940244 49.000000,74.705321 50.000000,77.509767 51.000000,80.352502 52.000000,83.232716 53.000000,86.149420 54.000000,89.101682 55.000000,92.088746 56.000000,95.109289 57.000000,98.162622 58.000000,101.247858 59.000000,104.363808 60.000000,107.509730 61.000000,110.684424 62.000000,113.886915 63.000000,117.116328 64.000000,120.371727 65.000000,123.651947 66.000000,126.955999 67.000000,130.282950 68.000000,133.631749 69.000000,137.001309 [0m
[Test-1] [0m[INFO] [1780635587.812494177] [test_node_cpp]: [YAW_OPT] init=-12.106 best=5.000 best_err=4.175 curve=-70.000000,122.299072 -69.000000,119.043352 -68.000000,115.813207 -67.000000,112.609826 -66.000000,109.434219 -65.000000,106.287274 -64.000000,103.170105 -63.000000,100.083618 -62.000000,97.028867 -61.000000,94.006765 -60.000000,91.018398 -59.000000,88.064533 -58.000000,85.146212 -57.000000,82.264592 -56.000000,79.420285 -55.000000,76.614480 -54.000000,73.848034 -53.000000,71.121838 -52.000000,68.436925 -51.000000,65.794176 -50.000000,63.194536 -49.000000,60.639052 -48.000000,58.128533 -47.000000,55.664023 -46.000000,53.246439 -45.000000,50.876692 -44.000000,48.556027 -43.000000,46.285248 -42.000000,44.065457 -41.000000,41.897905 -40.000000,39.783596 -39.000000,37.723793 -38.000000,35.719817 -37.000000,33.773014 -36.000000,31.884857 -35.000000,30.057176 -34.000000,28.291665 -33.000000,26.590446 -32.000000,24.956042 -31.000000,23.390945 -30.000000,21.898611 -29.000000,20.482720 -28.000000,19.147370 -27.000000,17.897626 -26.000000,16.737758 -25.000000,15.670841 -24.000000,14.697063 -23.000000,13.812014 -22.000000,13.007565 -21.000000,12.273133 -20.000000,11.598352 -19.000000,10.973459 -18.000000,10.390601 -17.000000,9.843288 -16.000000,9.326780 -15.000000,8.837188 -14.000000,8.371449 -13.000000,7.927707 -12.000000,7.504978 -11.000000,7.103363 -10.000000,6.725617 -9.000000,6.378796 -8.000000,6.080885 -7.000000,5.858666 -6.000000,5.713409 -5.000000,5.605896 -4.000000,5.502034 -3.000000,5.384908 -2.000000,5.246929 -1.000000,5.085116 0.000000,4.900069 1.000000,4.696843 2.000000,4.487749 3.000000,4.300928 4.000000,4.184477 5.000000,4.175001 6.000000,4.261404 7.000000,4.423615 8.000000,4.656803 9.000000,4.965865 10.000000,5.357391 11.000000,5.836139 12.000000,6.403436 13.000000,7.058733 14.000000,7.801865 15.000000,8.633784 16.000000,9.556269 17.000000,10.569728 18.000000,11.672323 19.000000,12.860078 20.000000,14.128007 21.000000,15.471430 22.000000,16.885885 23.000000,18.367892 24.000000,19.914692 25.000000,21.523665 26.000000,23.193209 27.000000,24.921528 28.000000,26.707364 29.000000,28.549447 30.000000,30.446579 31.000000,32.398069 32.000000,34.402872 33.000000,36.459955 34.000000,38.568603 35.000000,40.727890 36.000000,42.937198 37.000000,45.195530 38.000000,47.502231 39.000000,49.856364 40.000000,52.257303 41.000000,54.704127 42.000000,57.196106 43.000000,59.732467 44.000000,62.312377 45.000000,64.934818 46.000000,67.599268 47.000000,70.304729 48.000000,73.050381 49.000000,75.835284 50.000000,78.658826 51.000000,81.519813 52.000000,84.417574 53.000000,87.351049 54.000000,90.319499 55.000000,93.322001 56.000000,96.357561 57.000000,99.425271 58.000000,102.524134 59.000000,105.653178 60.000000,108.811598 61.000000,111.998291 62.000000,115.212399 63.000000,118.452828 64.000000,121.718649 65.000000,125.008825 66.000000,128.322439 67.000000,131.658333 68.000000,135.015518 69.000000,138.393154 [0m
[Test-1] [0m[INFO] [1780635587.840557122] [test_node_cpp]: [YAW_OPT] init=14.843 best=15.000 best_err=3.580 curve=-70.000000,115.526837 -69.000000,112.236828 -68.000000,108.973910 -67.000000,105.738833 -66.000000,102.532947 -65.000000,99.357296 -64.000000,96.212882 -63.000000,93.100793 -62.000000,90.022183 -61.000000,86.978046 -60.000000,83.969404 -59.000000,80.997539 -58.000000,78.063382 -57.000000,75.168149 -56.000000,72.312985 -55.000000,69.499139 -54.000000,66.727672 -53.000000,63.999816 -52.000000,61.317112 -51.000000,58.680660 -50.000000,56.092155 -49.000000,53.553075 -48.000000,51.065129 -47.000000,48.630165 -46.000000,46.250428 -45.000000,43.928435 -44.000000,41.666981 -43.000000,39.469721 -42.000000,37.341013 -41.000000,35.286376 -40.000000,33.313187 -39.000000,31.430993 -38.000000,29.652547 -37.000000,27.993641 -36.000000,26.471026 -35.000000,25.097191 -34.000000,23.873341 -33.000000,22.787740 -32.000000,21.821135 -31.000000,20.953924 -30.000000,20.169639 -29.000000,19.455191 -28.000000,18.800256 -27.000000,18.196168 -26.000000,17.636421 -25.000000,17.115231 -24.000000,16.628387 -23.000000,16.172368 -22.000000,15.744583 -21.000000,15.343413 -20.000000,14.967636 -19.000000,14.616722 -18.000000,14.289987 -17.000000,13.987164 -16.000000,13.707247 -15.000000,13.449054 -14.000000,13.210328 -13.000000,12.988608 -12.000000,12.781296 -11.000000,12.587496 -10.000000,12.409998 -9.000000,12.265874 -8.000000,12.193631 -7.000000,12.200812 -6.000000,12.229785 -5.000000,12.238120 -4.000000,12.208603 -3.000000,12.133695 -2.000000,12.009725 -1.000000,11.834207 0.000000,11.606102 1.000000,11.324500 2.000000,10.988877 3.000000,10.599432 4.000000,10.156402 5.000000,9.660764 6.000000,9.113632 7.000000,8.517314 8.000000,7.874681 9.000000,7.190372 10.000000,6.471168 11.000000,5.728198 12.000000,4.979159 13.000000,4.260188 14.000000,3.689645 15.000000,3.579637 16.000000,3.844971 17.000000,4.380500 18.000000,5.158343 19.000000,6.138483 20.000000,7.282361 21.000000,8.558248 22.000000,9.942145 23.000000,11.417853 24.000000,12.974264 25.000000,14.604034 26.000000,16.301933 27.000000,18.064309 28.000000,19.888334 29.000000,21.771904 30.000000,23.713034 31.000000,25.710412 32.000000,27.762883 33.000000,29.869103 34.000000,32.028007 35.000000,34.238731 36.000000,36.500279 37.000000,38.811765 38.000000,41.172291 39.000000,43.581045 40.000000,46.037123 41.000000,48.539684 42.000000,51.087982 43.000000,53.681159 44.000000,56.318239 45.000000,58.998503 46.000000,61.720993 47.000000,64.484997 48.000000,67.289453 49.000000,70.133604 50.000000,73.016567 51.000000,75.937414 52.000000,78.895141 53.000000,81.888951 54.000000,84.917908 55.000000,87.981145 56.000000,91.077622 57.000000,94.206410 58.000000,97.366465 59.000000,100.556929 60.000000,103.776876 61.000000,107.025203 62.000000,110.300938 63.000000,113.603088 64.000000,116.930684 65.000000,120.282619 66.000000,123.657976 67.000000,127.055712 68.000000,130.474615 69.000000,133.913879 [0m
[Test-1] [0m[INFO] [1780635587.871767282] [test_node_cpp]: [YAW_OPT] init=21.376 best=22.000 best_err=6.406 curve=-70.000000,106.863995 -69.000000,103.582768 -68.000000,100.331253 -67.000000,97.110858 -66.000000,93.923033 -65.000000,90.769054 -64.000000,87.650474 -63.000000,84.568735 -62.000000,81.525362 -61.000000,78.521972 -60.000000,75.560377 -59.000000,72.642528 -58.000000,69.770201 -57.000000,66.945779 -56.000000,64.171770 -55.000000,61.450817 -54.000000,58.786146 -53.000000,56.181518 -52.000000,53.641055 -51.000000,51.170036 -50.000000,48.774718 -49.000000,46.462820 -48.000000,44.243856 -47.000000,42.129457 -46.000000,40.133411 -45.000000,38.270560 -44.000000,36.555033 -43.000000,34.995948 -42.000000,33.594249 -41.000000,32.341909 -40.000000,31.224577 -39.000000,30.225418 -38.000000,29.328449 -37.000000,28.519628 -36.000000,27.786937 -35.000000,27.120566 -34.000000,26.512350 -33.000000,25.955850 -32.000000,25.445607 -31.000000,24.977512 -30.000000,24.548128 -29.000000,24.155377 -28.000000,23.797511 -27.000000,23.473335 -26.000000,23.182485 -25.000000,22.924421 -24.000000,22.699084 -23.000000,22.506433 -22.000000,22.346362 -21.000000,22.218726 -20.000000,22.123698 -19.000000,22.061851 -18.000000,22.034531 -17.000000,22.043752 -16.000000,22.091809 -15.000000,22.179330 -14.000000,22.303759 -13.000000,22.456957 -12.000000,22.626903 -11.000000,22.799582 -10.000000,22.962101 -9.000000,23.103540 -8.000000,23.215435 -7.000000,23.291102 -6.000000,23.325655 -5.000000,23.315423 -4.000000,23.257596 -3.000000,23.149981 -2.000000,22.990988 -1.000000,22.779363 0.000000,22.514145 1.000000,22.194590 2.000000,21.820620 3.000000,21.391568 4.000000,20.907714 5.000000,20.369121 6.000000,19.776212 7.000000,19.129471 8.000000,18.429812 9.000000,17.678441 10.000000,16.876914 11.000000,16.027133 12.000000,15.131757 13.000000,14.194359 14.000000,13.219657 15.000000,12.214026 16.000000,11.186596 17.000000,10.150387 18.000000,9.125426 19.000000,8.144643 20.000000,7.268631 21.000000,6.620564 22.000000,6.406481 23.000000,6.720538 24.000000,7.435074 25.000000,8.428957 26.000000,9.638954 27.000000,11.026544 28.000000,12.563187 29.000000,14.226697 30.000000,15.999699 31.000000,17.868610 32.000000,19.823279 33.000000,21.855783 34.000000,23.959979 35.000000,26.131076 36.000000,28.365126 37.000000,30.659067 38.000000,33.010198 39.000000,35.416409 40.000000,37.875624 41.000000,40.386202 42.000000,42.946466 43.000000,45.555029 44.000000,48.210695 45.000000,50.912119 46.000000,53.658071 47.000000,56.447451 48.000000,59.279085 49.000000,62.152084 50.000000,65.065090 51.000000,68.017275 52.000000,71.007459 53.000000,74.034615 54.000000,77.097892 55.000000,80.196100 56.000000,83.328257 57.000000,86.493301 58.000000,89.690319 59.000000,92.918158 60.000000,96.175732 61.000000,99.462085 62.000000,102.776320 63.000000,106.117061 64.000000,109.483666 65.000000,112.874764 66.000000,116.289361 67.000000,119.726511 68.000000,123.185035 69.000000,126.663883 [0m
[Test-1] [0m[INFO] [1780635587.901191652] [test_node_cpp]: [YAW_OPT] init=26.294 best=27.000 best_err=12.002 curve=-70.000000,96.026383 -69.000000,92.888864 -68.000000,89.787303 -67.000000,86.723878 -66.000000,83.700721 -65.000000,80.720368 -64.000000,77.785475 -63.000000,74.898831 -62.000000,72.063768 -61.000000,69.284124 -60.000000,66.564015 -59.000000,63.908059 -58.000000,61.322265 -57.000000,58.813142 -56.000000,56.388218 -55.000000,54.056670 -54.000000,51.828945 -53.000000,49.716533 -52.000000,47.731698 -51.000000,45.885815 -50.000000,44.187747 -49.000000,42.641027 -48.000000,41.243677 -47.000000,39.987710 -46.000000,38.861435 -45.000000,37.851268 -44.000000,36.944149 -43.000000,36.127959 -42.000000,35.392044 -41.000000,34.727437 -40.000000,34.126715 -39.000000,33.583631 -38.000000,33.093329 -37.000000,32.651679 -36.000000,32.255672 -35.000000,31.902862 -34.000000,31.591493 -33.000000,31.320508 -32.000000,31.089051 -31.000000,30.896598 -30.000000,30.743065 -29.000000,30.628518 -28.000000,30.552906 -27.000000,30.516499 -26.000000,30.519734 -25.000000,30.563160 -24.000000,30.647086 -23.000000,30.771777 -22.000000,30.937103 -21.000000,31.141501 -20.000000,31.381734 -19.000000,31.652757 -18.000000,31.947375 -17.000000,32.257230 -16.000000,32.573024 -15.000000,32.885672 -14.000000,33.186849 -13.000000,33.469242 -12.000000,33.726638 -11.000000,33.953481 -10.000000,34.145516 -9.000000,34.299088 -8.000000,34.411195 -7.000000,34.479338 -6.000000,34.501476 -5.000000,34.476013 -4.000000,34.401530 -3.000000,34.276959 -2.000000,34.101458 -1.000000,33.874400 0.000000,33.595069 1.000000,33.263267 2.000000,32.878827 3.000000,32.441564 4.000000,31.951752 5.000000,31.409521 6.000000,30.815228 7.000000,30.169457 8.000000,29.473007 9.000000,28.726610 10.000000,27.931463 11.000000,27.088989 12.000000,26.200825 13.000000,25.269032 14.000000,24.296362 15.000000,23.285694 16.000000,22.241197 17.000000,21.167526 18.000000,20.071100 19.000000,18.959862 20.000000,17.844316 21.000000,16.738284 22.000000,15.660784 23.000000,14.637488 24.000000,13.704372 25.000000,12.910555 26.000000,12.319377 27.000000,12.001821 28.000000,12.016172 29.000000,12.380661 30.000000,13.069456 31.000000,14.036667 32.000000,15.237996 33.000000,16.637716 34.000000,18.207684 35.000000,19.924932 36.000000,21.771094 37.000000,23.730928 38.000000,25.792131 39.000000,27.944326 40.000000,30.179406 41.000000,32.490266 42.000000,34.871326 43.000000,37.317685 44.000000,39.825176 45.000000,42.390187 46.000000,45.009985 47.000000,47.681608 48.000000,50.402828 49.000000,53.171365 50.000000,55.985342 51.000000,58.842849 52.000000,61.742310 53.000000,64.682118 54.000000,67.660765 55.000000,70.676912 56.000000,73.729022 57.000000,76.815800 58.000000,79.936112 59.000000,83.088701 60.000000,86.272146 61.000000,89.485367 62.000000,92.727294 63.000000,95.996434 64.000000,99.291938 65.000000,102.612447 66.000000,105.957046 67.000000,109.324331 68.000000,112.713350 69.000000,116.122854 [0m
[Test-1] [0m[INFO] [1780635587.930599553] [test_node_cpp]: [YAW_OPT] init=32.539 best=34.000 best_err=12.045 curve=-70.000000,81.447074 -69.000000,78.438850 -68.000000,75.478957 -67.000000,72.572141 -66.000000,69.723501 -65.000000,66.939362 -64.000000,64.227390 -63.000000,61.596923 -62.000000,59.059417 -61.000000,56.629092 -60.000000,54.323567 -59.000000,52.162516 -58.000000,50.166948 -57.000000,48.353643 -56.000000,46.731018 -55.000000,45.294826 -54.000000,44.030366 -53.000000,42.917315 -52.000000,41.934634 -51.000000,41.063505 -50.000000,40.288228 -49.000000,39.595947 -48.000000,38.976215 -47.000000,38.420668 -46.000000,37.922557 -45.000000,37.476475 -44.000000,37.078416 -43.000000,36.725150 -42.000000,36.414730 -41.000000,36.145639 -40.000000,35.917397 -39.000000,35.729902 -38.000000,35.583640 -37.000000,35.479465 -36.000000,35.418796 -35.000000,35.402983 -34.000000,35.434123 -33.000000,35.514031 -32.000000,35.645326 -31.000000,35.830930 -30.000000,36.073965 -29.000000,36.377701 -28.000000,36.744433 -27.000000,37.174476 -26.000000,37.664710 -25.000000,38.208069 -24.000000,38.793891 -23.000000,39.409390 -22.000000,40.041517 -21.000000,40.677879 -20.000000,41.307783 -19.000000,41.922331 -18.000000,42.514097 -17.000000,43.077113 -16.000000,43.606243 -15.000000,44.097782 -14.000000,44.548270 -13.000000,44.955065 -12.000000,45.316033 -11.000000,45.629029 -10.000000,45.892556 -9.000000,46.105519 -8.000000,46.266549 -7.000000,46.374797 -6.000000,46.429440 -5.000000,46.429834 -4.000000,46.375393 -3.000000,46.265788 -2.000000,46.100568 -1.000000,45.879431 0.000000,45.602322 1.000000,45.268974 2.000000,44.879459 3.000000,44.433670 4.000000,43.931795 5.000000,43.373973 6.000000,42.760307 7.000000,42.091313 8.000000,41.367013 9.000000,40.588334 10.000000,39.755281 11.000000,38.868765 12.000000,37.929549 13.000000,36.938357 14.000000,35.896316 15.000000,34.804428 16.000000,33.664081 17.000000,32.476946 18.000000,31.244834 19.000000,29.970085 20.000000,28.655278 21.000000,27.303895 22.000000,25.919713 23.000000,24.507809 24.000000,23.074586 25.000000,21.627934 26.000000,20.178629 27.000000,18.740893 28.000000,17.333763 29.000000,15.984991 30.000000,14.733561 31.000000,13.634893 32.000000,12.762270 33.000000,12.201515 34.000000,12.044785 35.000000,12.364680 36.000000,13.146317 37.000000,14.298507 38.000000,15.733119 39.000000,17.390146 40.000000,19.228894 41.000000,21.219364 42.000000,23.338571 43.000000,25.568777 44.000000,27.895796 45.000000,30.308455 46.000000,32.797637 47.000000,35.356332 48.000000,37.978509 49.000000,40.659208 50.000000,43.394351 51.000000,46.180451 52.000000,49.014446 53.000000,51.893645 54.000000,54.815704 55.000000,57.778470 56.000000,60.780074 57.000000,63.818606 58.000000,66.892461 59.000000,69.999932 60.000000,73.139699 61.000000,76.310167 62.000000,79.510172 63.000000,82.738117 64.000000,85.992858 65.000000,89.273089 66.000000,92.577663 67.000000,95.905091 68.000000,99.254398 69.000000,102.624365 [0m
[Test-1] [0m[INFO] [1780635587.960108040] [test_node_cpp]: [YAW_OPT] init=-50.143 best=-51.000 best_err=9.524 curve=-70.000000,56.972763 -69.000000,53.863848 -68.000000,50.780975 -67.000000,47.726121 -66.000000,44.701739 -65.000000,41.710455 -64.000000,38.755612 -63.000000,35.840791 -62.000000,32.970924 -61.000000,30.151926 -60.000000,27.391168 -59.000000,24.698849 -58.000000,22.088439 -57.000000,19.578460 -56.000000,17.195357 -55.000000,14.976592 -54.000000,12.978195 -53.000000,11.287112 -52.000000,10.052653 -51.000000,9.523700 -50.000000,9.896598 -49.000000,11.006423 -48.000000,12.553476 -47.000000,14.348715 -46.000000,16.290497 -45.000000,18.319135 -44.000000,20.397248 -43.000000,22.499999 -42.000000,24.610067 -41.000000,26.715182 -40.000000,28.806426 -39.000000,30.876946 -38.000000,32.921647 -37.000000,34.936421 -36.000000,36.917958 -35.000000,38.863621 -34.000000,40.771218 -33.000000,42.638798 -32.000000,44.464719 -31.000000,46.247499 -30.000000,47.986045 -29.000000,49.679114 -28.000000,51.325739 -27.000000,52.924946 -26.000000,54.476001 -25.000000,55.978041 -24.000000,57.430327 -23.000000,58.832298 -22.000000,60.183309 -21.000000,61.482869 -20.000000,62.730231 -19.000000,63.925121 -18.000000,65.066948 -17.000000,66.155342 -16.000000,67.189852 -15.000000,68.170062 -14.000000,69.095695 -13.000000,69.966404 -12.000000,70.781925 -11.000000,71.541948 -10.000000,72.246168 -9.000000,72.894419 -8.000000,73.486470 -7.000000,74.022181 -6.000000,74.501323 -5.000000,74.923795 -4.000000,75.289521 -3.000000,75.598340 -2.000000,75.850133 -1.000000,76.044964 0.000000,76.182836 1.000000,76.263471 2.000000,76.287327 3.000000,76.254162 4.000000,76.164007 5.000000,76.017133 6.000000,75.813546 7.000000,75.553489 8.000000,75.237019 9.000000,74.864510 10.000000,74.435982 11.000000,73.951888 12.000000,73.412423 13.000000,72.817927 14.000000,72.168830 15.000000,71.465608 16.000000,70.708470 17.000000,69.898216 18.000000,69.035260 19.000000,68.120121 20.000000,67.153719 21.000000,66.136839 22.000000,65.070153 23.000000,63.954864 24.000000,62.791867 25.000000,61.582623 26.000000,60.328492 27.000000,59.031178 28.000000,57.692748 29.000000,56.315573 30.000000,54.902419 31.000000,53.456918 32.000000,51.983444 33.000000,50.487651 34.000000,48.977058 35.000000,47.461692 36.000000,45.955400 37.000000,44.477893 38.000000,43.057153 39.000000,41.730675 40.000000,40.541841 41.000000,39.525611 42.000000,38.692427 43.000000,38.027474 44.000000,37.506263 45.000000,37.106282 46.000000,36.809772 47.000000,36.603503 48.000000,36.475953 49.000000,36.417791 50.000000,36.420935 51.000000,36.478576 52.000000,36.585255 53.000000,36.737182 54.000000,36.932150 55.000000,37.169117 56.000000,37.449019 57.000000,37.774248 58.000000,38.149003 59.000000,38.579538 60.000000,39.074262 61.000000,39.644485 62.000000,40.304839 63.000000,41.074016 64.000000,41.977299 65.000000,43.048194 66.000000,44.330105 67.000000,45.868969 68.000000,47.692045 69.000000,49.787313 [0m
[Test-1] [0m[INFO] [1780635587.962256830] [test_node_cpp]: [YAW_OPT] init=39.016 best=40.000 best_err=10.027 curve=-70.000000,64.634713 -69.000000,61.892661 -68.000000,59.239738 -67.000000,56.694035 -66.000000,54.280456 -65.000000,52.033131 -64.000000,49.993653 -63.000000,48.200108 -62.000000,46.665841 -61.000000,45.369286 -60.000000,44.269536 -59.000000,43.325890 -58.000000,42.506490 -57.000000,41.788374 -56.000000,41.155029 -55.000000,40.593951 -54.000000,40.096003 -53.000000,39.653651 -52.000000,39.261675 -51.000000,38.915790 -50.000000,38.613162 -49.000000,38.351992 -48.000000,38.131348 -47.000000,37.951230 -46.000000,37.812330 -45.000000,37.715963 -44.000000,37.663967 -43.000000,37.658691 -42.000000,37.702382 -41.000000,37.798177 -40.000000,37.949458 -39.000000,38.160425 -38.000000,38.436955 -37.000000,38.787165 -36.000000,39.222529 -35.000000,39.757002 -34.000000,40.403298 -33.000000,41.165612 -32.000000,42.032946 -31.000000,42.982095 -30.000000,43.985363 -29.000000,45.018018 -28.000000,46.060143 -27.000000,47.097305 -26.000000,48.118705 -25.000000,49.116143 -24.000000,50.083569 -23.000000,51.016327 -22.000000,51.910587 -21.000000,52.763429 -20.000000,53.572245 -19.000000,54.335166 -18.000000,55.050252 -17.000000,55.716075 -16.000000,56.331313 -15.000000,56.895010 -14.000000,57.406131 -13.000000,57.863886 -12.000000,58.267538 -11.000000,58.616441 -10.000000,58.910014 -9.000000,59.147867 -8.000000,59.329469 -7.000000,59.454637 -6.000000,59.523048 -5.000000,59.534353 -4.000000,59.488293 -3.000000,59.384875 -2.000000,59.223957 -1.000000,59.005392 0.000000,58.729196 1.000000,58.395352 2.000000,58.003845 3.000000,57.554761 4.000000,57.048318 5.000000,56.484280 6.000000,55.863384 7.000000,55.185375 8.000000,54.450772 9.000000,53.659588 10.000000,52.812396 11.000000,51.909410 12.000000,50.950985 13.000000,49.937805 14.000000,48.870064 15.000000,47.748613 16.000000,46.573658 17.000000,45.346320 18.000000,44.067006 19.000000,42.736756 20.000000,41.356390 21.000000,39.927084 22.000000,38.449938 23.000000,36.926363 24.000000,35.357987 25.000000,33.746551 26.000000,32.094281 27.000000,30.403656 28.000000,28.677896 29.000000,26.920742 30.000000,25.136763 31.000000,23.331844 32.000000,21.513308 33.000000,19.691089 34.000000,17.877980 35.000000,16.092107 36.000000,14.361420 37.000000,12.736790 38.000000,11.337880 39.000000,10.392396 40.000000,10.026919 41.000000,10.530693 42.000000,11.735824 43.000000,13.263393 44.000000,15.024236 45.000000,16.979431 46.000000,19.098560 47.000000,21.355793 48.000000,23.729369 49.000000,26.202147 50.000000,28.760443 51.000000,31.393229 52.000000,34.092177 53.000000,36.850285 54.000000,39.662152 55.000000,42.523062 56.000000,45.429192 57.000000,48.377593 58.000000,51.365134 59.000000,54.389534 60.000000,57.448640 61.000000,60.540246 62.000000,63.662770 63.000000,66.814389 64.000000,69.993651 65.000000,73.198868 66.000000,76.428752 67.000000,79.681946 68.000000,82.956964 69.000000,86.252595 [0m
[Test-1] [0m[INFO] [1780635587.991449055] [test_node_cpp]: [YAW_OPT] init=-42.142 best=-43.000 best_err=10.362 curve=-70.000000,76.658580 -69.000000,73.516799 -68.000000,70.397508 -67.000000,67.301946 -66.000000,64.231354 -65.000000,61.187413 -64.000000,58.171199 -63.000000,55.184671 -62.000000,52.229296 -61.000000,49.306931 -60.000000,46.419636 -59.000000,43.569644 -58.000000,40.759515 -57.000000,37.992303 -56.000000,35.271568 -55.000000,32.601483 -54.000000,29.987546 -53.000000,27.436251 -52.000000,24.956480 -51.000000,22.559542 -50.000000,20.260955 -49.000000,18.081969 -48.000000,16.052537 -47.000000,14.215197 -46.000000,12.631174 -45.000000,11.387375 -44.000000,10.596592 -43.000000,10.361854 -42.000000,10.699477 -41.000000,11.517281 -40.000000,12.681064 -39.000000,14.074620 -38.000000,15.614945 -37.000000,17.245485 -36.000000,18.928293 -35.000000,20.637471 -34.000000,22.354319 -33.000000,24.065843 -32.000000,25.762134 -31.000000,27.436107 -30.000000,29.081890 -29.000000,30.695106 -28.000000,32.272380 -27.000000,33.810806 -26.000000,35.307888 -25.000000,36.761922 -24.000000,38.171023 -23.000000,39.533927 -22.000000,40.849382 -21.000000,42.116149 -20.000000,43.333513 -19.000000,44.500362 -18.000000,45.616270 -17.000000,46.680251 -16.000000,47.691953 -15.000000,48.650785 -14.000000,49.556124 -13.000000,50.407546 -12.000000,51.204828 -11.000000,51.947642 -10.000000,52.635361 -9.000000,53.267937 -8.000000,53.845161 -7.000000,54.366754 -6.000000,54.832542 -5.000000,55.242431 -4.000000,55.596235 -3.000000,55.893953 -2.000000,56.135509 -1.000000,56.320815 0.000000,56.450134 1.000000,56.523218 2.000000,56.540443 3.000000,56.501774 4.000000,56.407379 5.000000,56.257592 6.000000,56.052489 7.000000,55.792571 8.000000,55.478130 9.000000,55.109607 10.000000,54.687496 11.000000,54.212293 12.000000,53.684723 13.000000,53.105587 14.000000,52.475822 15.000000,51.796250 16.000000,51.068203 17.000000,50.293170 18.000000,49.472779 19.000000,48.608890 20.000000,47.704087 21.000000,46.761142 22.000000,45.783819 23.000000,44.776583 24.000000,43.745148 25.000000,42.697004 26.000000,41.641805 27.000000,40.591890 28.000000,39.563436 29.000000,38.576347 30.000000,37.653359 31.000000,36.816891 32.000000,36.084352 33.000000,35.463746 34.000000,34.953645 35.000000,34.547232 36.000000,34.234868 37.000000,34.007624 38.000000,33.856815 39.000000,33.774890 40.000000,33.754949 41.000000,33.790677 42.000000,33.876917 43.000000,34.009140 44.000000,34.184057 45.000000,34.399535 46.000000,34.654593 47.000000,34.949548 48.000000,35.285931 49.000000,35.666790 50.000000,36.096905 51.000000,36.582562 52.000000,37.132303 53.000000,37.756861 54.000000,38.469603 55.000000,39.286835 56.000000,40.228939 57.000000,41.320527 58.000000,42.589615 59.000000,44.064345 60.000000,45.763142 61.000000,47.686082 62.000000,49.813283 63.000000,52.113978 64.000000,54.556942 65.000000,57.115879 66.000000,59.769843 67.000000,62.503251 68.000000,65.303964 69.000000,68.162853 [0m
[Test-1] [0m[INFO] [1780635587.993525958] [test_node_cpp]: [YAW_OPT] init=45.786 best=47.000 best_err=9.970 curve=-70.000000,49.839673 -69.000000,48.296731 -68.000000,47.014776 -67.000000,45.948836 -66.000000,45.051470 -65.000000,44.286044 -64.000000,43.626057 -63.000000,43.053193 -62.000000,42.553581 -61.000000,42.117340 -60.000000,41.736859 -59.000000,41.406795 -58.000000,41.123199 -57.000000,40.883565 -56.000000,40.686551 -55.000000,40.532048 -54.000000,40.420796 -53.000000,40.354423 -52.000000,40.335410 -51.000000,40.366792 -50.000000,40.452196 -49.000000,40.595897 -48.000000,40.802376 -47.000000,41.077201 -46.000000,41.427018 -45.000000,41.860929 -44.000000,42.391399 -43.000000,43.035237 -42.000000,43.810999 -41.000000,44.731150 -40.000000,45.792139 -39.000000,46.972169 -38.000000,48.239139 -37.000000,49.561579 -36.000000,50.914141 -35.000000,52.277606 -34.000000,53.638299 -33.000000,54.985854 -32.000000,56.312595 -31.000000,57.612901 -30.000000,58.881942 -29.000000,60.116086 -28.000000,61.312390 -27.000000,62.468018 -26.000000,63.581193 -25.000000,64.649939 -24.000000,65.672768 -23.000000,66.648103 -22.000000,67.575075 -21.000000,68.452459 -20.000000,69.279177 -19.000000,70.054625 -18.000000,70.777948 -17.000000,71.448508 -16.000000,72.065694 -15.000000,72.629017 -14.000000,73.137982 -13.000000,73.592085 -12.000000,73.991008 -11.000000,74.334411 -10.000000,74.621937 -9.000000,74.853455 -8.000000,75.028612 -7.000000,75.147224 -6.000000,75.209242 -5.000000,75.214430 -4.000000,75.162705 -3.000000,75.054020 -2.000000,74.888359 -1.000000,74.665550 0.000000,74.385810 1.000000,74.049033 2.000000,73.655307 3.000000,73.204659 4.000000,72.697414 5.000000,72.133534 6.000000,71.513117 7.000000,70.836534 8.000000,70.103764 9.000000,69.315345 10.000000,68.471256 11.000000,67.571906 12.000000,66.617627 13.000000,65.608715 14.000000,64.545631 15.000000,63.428638 16.000000,62.258165 17.000000,61.034855 18.000000,59.759093 19.000000,58.431365 20.000000,57.052383 21.000000,55.622665 22.000000,54.142928 23.000000,52.613854 24.000000,51.036318 25.000000,49.411138 26.000000,47.739128 27.000000,46.021588 28.000000,44.259562 29.000000,42.454259 30.000000,40.607330 31.000000,38.720269 32.000000,36.795187 33.000000,34.834232 34.000000,32.840113 35.000000,30.816096 36.000000,28.766132 37.000000,26.695035 38.000000,24.609171 39.000000,22.516313 40.000000,20.427024 41.000000,18.355617 42.000000,16.321998 43.000000,14.357805 44.000000,12.524922 45.000000,10.995820 46.000000,10.088557 47.000000,9.970462 48.000000,10.959621 49.000000,12.428443 50.000000,14.176044 51.000000,16.153160 52.000000,18.322438 53.000000,20.650417 54.000000,23.108537 55.000000,25.673772 56.000000,28.328327 57.000000,31.058294 58.000000,33.852929 59.000000,36.704100 60.000000,39.605071 61.000000,42.550532 62.000000,45.536078 63.000000,48.558207 64.000000,51.613717 65.000000,54.699905 66.000000,57.814613 67.000000,60.955563 68.000000,64.120800 69.000000,67.308671 [0m
[Test-1] [0m[INFO] [1780635588.020121666] [test_node_cpp]: [YAW_OPT] init=-34.501 best=-35.000 best_err=8.886 curve=-70.000000,92.961995 -69.000000,89.802648 -68.000000,86.664497 -67.000000,83.548424 -66.000000,80.455841 -65.000000,77.387536 -64.000000,74.344623 -63.000000,71.328333 -62.000000,68.339614 -61.000000,65.379683 -60.000000,62.449876 -59.000000,59.551117 -58.000000,56.684752 -57.000000,53.852077 -56.000000,51.054469 -55.000000,48.293234 -54.000000,45.570104 -53.000000,42.886563 -52.000000,40.244626 -51.000000,37.646298 -50.000000,35.093835 -49.000000,32.590099 -48.000000,30.138433 -47.000000,27.742647 -46.000000,25.407873 -45.000000,23.140284 -44.000000,20.948002 -43.000000,18.841932 -42.000000,16.836930 -41.000000,14.953198 -40.000000,13.219387 -39.000000,11.675923 -38.000000,10.381899 -37.000000,9.422748 -36.000000,8.903994 -35.000000,8.885552 -34.000000,9.319874 -33.000000,10.103719 -32.000000,11.134032 -31.000000,12.324315 -30.000000,13.611592 -29.000000,14.952613 -28.000000,16.318650 -27.000000,17.689474 -26.000000,19.051283 -25.000000,20.394070 -24.000000,21.710294 -23.000000,22.994364 -22.000000,24.242148 -21.000000,25.450083 -20.000000,26.615697 -19.000000,27.736539 -18.000000,28.811044 -17.000000,29.837670 -16.000000,30.815186 -15.000000,31.742558 -14.000000,32.618898 -13.000000,33.443390 -12.000000,34.215618 -11.000000,34.934783 -10.000000,35.600640 -9.000000,36.212542 -8.000000,36.770340 -7.000000,37.273794 -6.000000,37.722693 -5.000000,38.116929 -4.000000,38.456234 -3.000000,38.740799 -2.000000,38.970490 -1.000000,39.145554 0.000000,39.266082 1.000000,39.332215 2.000000,39.344400 3.000000,39.302878 4.000000,39.208104 5.000000,39.060777 6.000000,38.861564 7.000000,38.611319 8.000000,38.311122 9.000000,37.962101 10.000000,37.565982 11.000000,37.124472 12.000000,36.640067 13.000000,36.115544 14.000000,35.554832 15.000000,34.962563 16.000000,34.344978 17.000000,33.710099 18.000000,33.068488 19.000000,32.433546 20.000000,31.821298 21.000000,31.250052 22.000000,30.736271 23.000000,30.292009 24.000000,29.922072 25.000000,29.625656 26.000000,29.397787 27.000000,29.233496 28.000000,29.127720 29.000000,29.076170 30.000000,29.074951 31.000000,29.120098 32.000000,29.208260 33.000000,29.336056 34.000000,29.500695 35.000000,29.699521 36.000000,29.930953 37.000000,30.194068 38.000000,30.488523 39.000000,30.815211 40.000000,31.176006 41.000000,31.573941 42.000000,32.013400 43.000000,32.500145 44.000000,33.041950 45.000000,33.648028 46.000000,34.330573 47.000000,35.104179 48.000000,35.986912 49.000000,37.001460 50.000000,38.175561 51.000000,39.538608 52.000000,41.113642 53.000000,42.904268 54.000000,44.892625 55.000000,47.048533 56.000000,49.341297 57.000000,51.745850 58.000000,54.243003 59.000000,56.818595 60.000000,59.461904 61.000000,62.164962 62.000000,64.921316 63.000000,67.725958 64.000000,70.574825 65.000000,73.464286 66.000000,76.391386 67.000000,79.353523 68.000000,82.348461 69.000000,85.374035 [0m
[Test-1] [0m[INFO] [1780635588.047464359] [test_node_cpp]: [YAW_OPT] init=-27.720 best=-28.000 best_err=5.142 curve=-70.000000,106.401218 -69.000000,103.196278 -68.000000,100.012391 -67.000000,96.850424 -66.000000,93.711565 -65.000000,90.596625 -64.000000,87.506601 -63.000000,84.442441 -62.000000,81.405264 -61.000000,78.395911 -60.000000,75.415320 -59.000000,72.464458 -58.000000,69.544295 -57.000000,66.655848 -56.000000,63.799935 -55.000000,60.977589 -54.000000,58.189696 -53.000000,55.437284 -52.000000,52.721243 -51.000000,50.042526 -50.000000,47.402200 -49.000000,44.801200 -48.000000,42.240554 -47.000000,39.721400 -46.000000,37.244814 -45.000000,34.811971 -44.000000,32.424193 -43.000000,30.082816 -42.000000,27.789567 -41.000000,25.546035 -40.000000,23.354566 -39.000000,21.217731 -38.000000,19.138907 -37.000000,17.122487 -36.000000,15.174494 -35.000000,13.303520 -34.000000,11.522184 -33.000000,9.849829 -32.000000,8.316988 -31.000000,6.971351 -30.000000,5.888864 -29.000000,5.211447 -28.000000,5.141708 -27.000000,5.586494 -26.000000,6.352385 -25.000000,7.330204 -24.000000,8.425717 -23.000000,9.572074 -22.000000,10.730151 -21.000000,11.877699 -20.000000,13.000884 -19.000000,14.090979 -18.000000,15.142212 -17.000000,16.150245 -16.000000,17.112115 -15.000000,18.025527 -14.000000,18.888898 -13.000000,19.700857 -12.000000,20.460303 -11.000000,21.166468 -10.000000,21.818704 -9.000000,22.416539 -8.000000,22.959547 -7.000000,23.447416 -6.000000,23.880111 -5.000000,24.257462 -4.000000,24.579339 -3.000000,24.846028 -2.000000,25.057768 -1.000000,25.214596 0.000000,25.317166 1.000000,25.366104 2.000000,25.362062 3.000000,25.306226 4.000000,25.199854 5.000000,25.044853 6.000000,24.843784 7.000000,24.599868 8.000000,24.317920 9.000000,24.004476 10.000000,23.669245 11.000000,23.325701 12.000000,22.992238 13.000000,22.689445 14.000000,22.434877 15.000000,22.236702 16.000000,22.093338 17.000000,21.999141 18.000000,21.949122 19.000000,21.940301 20.000000,21.971225 21.000000,22.040674 22.000000,22.147188 23.000000,22.288329 24.000000,22.461439 25.000000,22.663609 26.000000,22.891840 27.000000,23.143750 28.000000,23.417543 29.000000,23.712027 30.000000,24.026697 31.000000,24.361945 32.000000,24.719333 33.000000,25.101086 34.000000,25.511023 35.000000,25.954509 36.000000,26.438803 37.000000,26.973060 38.000000,27.569125 39.000000,28.241522 40.000000,29.007929 41.000000,29.890711 42.000000,30.920918 43.000000,32.142234 44.000000,33.601180 45.000000,35.312614 46.000000,37.241307 47.000000,39.335106 48.000000,41.552487 49.000000,43.866393 50.000000,46.259875 51.000000,48.721548 52.000000,51.243611 53.000000,53.820389 54.000000,56.447413 55.000000,59.121219 56.000000,61.839169 57.000000,64.598682 58.000000,67.397760 59.000000,70.234509 60.000000,73.107273 61.000000,76.014489 62.000000,78.954822 63.000000,81.926775 64.000000,84.929168 65.000000,87.960723 66.000000,91.020208 67.000000,94.106541 68.000000,97.218477 69.000000,100.354901 [0m
[Test-1] [0m[INFO] [1780635588.074737140] [test_node_cpp]: [YAW_OPT] init=-20.317 best=-21.000 best_err=2.451 curve=-70.000000,116.494516 -69.000000,113.297570 -68.000000,110.121874 -67.000000,106.968411 -66.000000,103.838094 -65.000000,100.731964 -64.000000,97.650940 -63.000000,94.595942 -62.000000,91.567946 -61.000000,88.567997 -60.000000,85.596645 -59.000000,82.655180 -58.000000,79.744338 -57.000000,76.864985 -56.000000,74.018095 -55.000000,71.204417 -54.000000,68.425059 -53.000000,65.680515 -52.000000,62.971898 -51.000000,60.300078 -50.000000,57.665678 -49.000000,55.069701 -48.000000,52.512894 -47.000000,49.995896 -46.000000,47.519836 -45.000000,45.085299 -44.000000,42.692935 -43.000000,40.343829 -42.000000,38.038658 -41.000000,35.778036 -40.000000,33.562904 -39.000000,31.393855 -38.000000,29.271939 -37.000000,27.197738 -36.000000,25.172250 -35.000000,23.196221 -34.000000,21.270640 -33.000000,19.396510 -32.000000,17.575056 -31.000000,15.807431 -30.000000,14.095443 -29.000000,12.440992 -28.000000,10.846969 -27.000000,9.317185 -26.000000,7.857410 -25.000000,6.477027 -24.000000,5.191764 -23.000000,4.031531 -22.000000,3.058509 -21.000000,2.451323 -20.000000,2.557339 -19.000000,3.152491 -18.000000,3.941070 -17.000000,4.789403 -16.000000,5.644063 -15.000000,6.479867 -14.000000,7.282951 -13.000000,8.045503 -12.000000,8.762400 -11.000000,9.430531 -10.000000,10.047700 -9.000000,10.612272 -8.000000,11.123531 -7.000000,11.580608 -6.000000,11.983123 -5.000000,12.330867 -4.000000,12.623818 -3.000000,12.862117 -2.000000,13.046004 -1.000000,13.176093 0.000000,13.253073 1.000000,13.278128 2.000000,13.252594 3.000000,13.178526 4.000000,13.059170 5.000000,12.902550 6.000000,12.781770 7.000000,12.884708 8.000000,13.029960 9.000000,13.182790 10.000000,13.345207 11.000000,13.521658 12.000000,13.715617 13.000000,13.929344 14.000000,14.163327 15.000000,14.416813 16.000000,14.688249 17.000000,14.975879 18.000000,15.278013 19.000000,15.593395 20.000000,15.921052 21.000000,16.260694 22.000000,16.612808 23.000000,16.978456 24.000000,17.359741 25.000000,17.759804 26.000000,18.183408 27.000000,18.637095 28.000000,19.129037 29.000000,19.669585 30.000000,20.269811 31.000000,20.940316 32.000000,21.688638 33.000000,22.520591 34.000000,23.448731 35.000000,24.547236 36.000000,26.044677 37.000000,27.853052 38.000000,29.787098 39.000000,31.801315 40.000000,33.881561 41.000000,36.021066 42.000000,38.216099 43.000000,40.463397 44.000000,42.760683 45.000000,45.106002 46.000000,47.497914 47.000000,49.934832 48.000000,52.415529 49.000000,54.938681 50.000000,57.503174 51.000000,60.108068 52.000000,62.752139 53.000000,65.434536 54.000000,68.154230 55.000000,70.910146 56.000000,73.701377 57.000000,76.526960 58.000000,79.385810 59.000000,82.277328 60.000000,85.200135 61.000000,88.153514 62.000000,91.136611 63.000000,94.148166 64.000000,97.187452 65.000000,100.253415 66.000000,103.345083 67.000000,106.461457 68.000000,109.601733 69.000000,112.764645 [0m
[Test-1] [0m[INFO] [1780635588.102115775] [test_node_cpp]: [YAW_OPT] init=-11.443 best=-12.000 best_err=2.787 curve=-70.000000,123.281833 -69.000000,120.106646 -68.000000,116.953205 -67.000000,113.822424 -66.000000,110.715223 -65.000000,107.632574 -64.000000,104.575399 -63.000000,101.544680 -62.000000,98.541330 -61.000000,95.566329 -60.000000,92.620353 -59.000000,89.704626 -58.000000,86.819827 -57.000000,83.966870 -56.000000,81.146743 -55.000000,78.360057 -54.000000,75.607979 -53.000000,72.891250 -52.000000,70.210550 -51.000000,67.566863 -50.000000,64.960933 -49.000000,62.393564 -48.000000,59.865563 -47.000000,57.377864 -46.000000,54.930965 -45.000000,52.525872 -44.000000,50.163152 -43.000000,47.843740 -42.000000,45.568171 -41.000000,43.337311 -40.000000,41.151838 -39.000000,39.012441 -38.000000,36.919876 -37.000000,34.874732 -36.000000,32.877836 -35.000000,30.929884 -34.000000,29.031454 -33.000000,27.183446 -32.000000,25.386410 -31.000000,23.641049 -30.000000,21.948327 -29.000000,20.308982 -28.000000,18.723768 -27.000000,17.193778 -26.000000,15.719976 -25.000000,14.303575 -24.000000,12.946119 -23.000000,11.649057 -22.000000,10.414643 -21.000000,9.245377 -20.000000,8.144673 -19.000000,7.116769 -18.000000,6.167134 -17.000000,5.303074 -16.000000,4.533808 -15.000000,3.872471 -14.000000,3.338985 -13.000000,2.964430 -12.000000,2.786746 -11.000000,2.818324 -10.000000,3.014861 -9.000000,3.304836 -8.000000,3.632668 -7.000000,3.965725 -6.000000,4.286395 -5.000000,4.586370 -4.000000,4.862897 -3.000000,5.117235 -2.000000,5.354553 -1.000000,5.582831 0.000000,5.811478 1.000000,6.048512 2.000000,6.297690 3.000000,6.559771 4.000000,6.834358 5.000000,7.120425 6.000000,7.417471 7.000000,7.724860 8.000000,8.042372 9.000000,8.369754 10.000000,8.706766 11.000000,9.053722 12.000000,9.411024 13.000000,9.779781 14.000000,10.161585 15.000000,10.559108 16.000000,10.975726 17.000000,11.416245 18.000000,11.886886 19.000000,12.394465 20.000000,12.946402 21.000000,13.548947 22.000000,14.206558 23.000000,14.922640 24.000000,15.703705 25.000000,16.579889 26.000000,17.665575 27.000000,19.014479 28.000000,20.501838 29.000000,22.072080 30.000000,23.709371 31.000000,25.407692 32.000000,27.163634 33.000000,28.975026 34.000000,30.840017 35.000000,32.757512 36.000000,34.725937 37.000000,36.744625 38.000000,38.812248 39.000000,40.928241 40.000000,43.091325 41.000000,45.301047 42.000000,47.556285 43.000000,49.856418 44.000000,52.200476 45.000000,54.587689 46.000000,57.017306 47.000000,59.488478 48.000000,62.000271 49.000000,64.552096 50.000000,67.143048 51.000000,69.772180 52.000000,72.438774 53.000000,75.141939 54.000000,77.880930 55.000000,80.654737 56.000000,83.462491 57.000000,86.303426 58.000000,89.176628 59.000000,92.081201 60.000000,95.016119 61.000000,97.980681 62.000000,100.973848 63.000000,103.994745 64.000000,107.042326 65.000000,110.115856 66.000000,113.214160 67.000000,116.336500 68.000000,119.481660 69.000000,122.648942 [0m
[Test-1] [0m[INFO] [1780635588.129291344] [test_node_cpp]: [YAW_OPT] init=-4.678 best=-6.000 best_err=2.520 curve=-70.000000,125.116417 -69.000000,121.941910 -68.000000,118.789679 -67.000000,115.660769 -66.000000,112.556089 -65.000000,109.476565 -64.000000,106.423227 -63.000000,103.396874 -62.000000,100.398542 -61.000000,97.429090 -60.000000,94.489373 -59.000000,91.580490 -58.000000,88.703117 -57.000000,85.858228 -56.000000,83.046751 -55.000000,80.269352 -54.000000,77.527013 -53.000000,74.820591 -52.000000,72.150767 -51.000000,69.518704 -50.000000,66.924772 -49.000000,64.370013 -48.000000,61.855235 -47.000000,59.381116 -46.000000,56.948388 -45.000000,54.557999 -44.000000,52.210433 -43.000000,49.906629 -42.000000,47.647089 -41.000000,45.432747 -40.000000,43.264187 -39.000000,41.142100 -38.000000,39.067126 -37.000000,37.040112 -36.000000,35.061388 -35.000000,33.132008 -34.000000,31.252326 -33.000000,29.423096 -32.000000,27.645031 -31.000000,25.918592 -30.000000,24.244600 -29.000000,22.623777 -28.000000,21.056619 -27.000000,19.544147 -26.000000,18.086841 -25.000000,16.685772 -24.000000,15.341830 -23.000000,14.055943 -22.000000,12.829501 -21.000000,11.663745 -20.000000,10.560419 -19.000000,9.521508 -18.000000,8.549039 -17.000000,7.645650 -16.000000,6.813597 -15.000000,6.055033 -14.000000,5.370714 -13.000000,4.759960 -12.000000,4.220232 -11.000000,3.747954 -10.000000,3.340983 -9.000000,3.000560 -8.000000,2.734718 -7.000000,2.563820 -6.000000,2.519742 -5.000000,2.605990 -4.000000,2.777498 -3.000000,2.993821 -2.000000,3.234090 -1.000000,3.487927 0.000000,3.750805 1.000000,4.020674 2.000000,4.296734 3.000000,4.578880 4.000000,4.867154 5.000000,5.161709 6.000000,5.462446 7.000000,5.769370 8.000000,6.082750 9.000000,6.402876 10.000000,6.730805 11.000000,7.069097 12.000000,7.424131 13.000000,7.812021 14.000000,8.268105 15.000000,8.826704 16.000000,9.479571 17.000000,10.212658 18.000000,11.037892 19.000000,11.981968 20.000000,13.051017 21.000000,14.222861 22.000000,15.475948 23.000000,16.798087 24.000000,18.183109 25.000000,19.627460 26.000000,21.128958 27.000000,22.686135 28.000000,24.297933 29.000000,25.963252 30.000000,27.681354 31.000000,29.451467 32.000000,31.272923 33.000000,33.145054 34.000000,35.067092 35.000000,37.038520 36.000000,39.058617 37.000000,41.126581 38.000000,43.242005 39.000000,45.403931 40.000000,47.611849 41.000000,49.864922 42.000000,52.162595 43.000000,54.503984 44.000000,56.888584 45.000000,59.315337 46.000000,61.783804 47.000000,64.293057 48.000000,66.842422 49.000000,69.430892 50.000000,72.057925 51.000000,74.722538 52.000000,77.424037 53.000000,80.161458 54.000000,82.934045 55.000000,85.741067 56.000000,88.581429 57.000000,91.454318 58.000000,94.359010 59.000000,97.294516 60.000000,100.259975 61.000000,103.254301 62.000000,106.276863 63.000000,109.326453 64.000000,112.402385 65.000000,115.503624 66.000000,118.629132 67.000000,121.778051 68.000000,124.949457 69.000000,128.142143 [0m
[Test-1] [0m[INFO] [1780635588.158828986] [test_node_cpp]: [YAW_OPT] init=-0.725 best=-1.000 best_err=1.304 curve=-70.000000,123.335554 -69.000000,120.181598 -68.000000,117.050588 -67.000000,113.943318 -66.000000,110.860949 -65.000000,107.804088 -64.000000,104.774015 -63.000000,101.771411 -62.000000,98.797300 -61.000000,95.852547 -60.000000,92.938120 -59.000000,90.054826 -58.000000,87.203627 -57.000000,84.385201 -56.000000,81.600704 -55.000000,78.850751 -54.000000,76.136255 -53.000000,73.458076 -52.000000,70.816941 -51.000000,68.213703 -50.000000,65.649160 -49.000000,63.124163 -48.000000,60.639391 -47.000000,58.195568 -46.000000,55.793493 -45.000000,53.433900 -44.000000,51.117518 -43.000000,48.845083 -42.000000,46.617147 -41.000000,44.434502 -40.000000,42.297760 -39.000000,40.207715 -38.000000,38.164742 -37.000000,36.169749 -36.000000,34.223052 -35.000000,32.325372 -34.000000,30.477471 -33.000000,28.679640 -32.000000,26.932615 -31.000000,25.236849 -30.000000,23.592877 -29.000000,22.001196 -28.000000,20.462348 -27.000000,18.976811 -26.000000,17.544974 -25.000000,16.167395 -24.000000,14.844615 -23.000000,13.576995 -22.000000,12.365342 -21.000000,11.210270 -20.000000,10.113133 -19.000000,9.077696 -18.000000,8.120106 -17.000000,7.310723 -16.000000,6.637001 -15.000000,6.015220 -14.000000,5.427370 -13.000000,4.870558 -12.000000,4.344229 -11.000000,3.974729 -10.000000,3.640893 -9.000000,3.310829 -8.000000,2.985860 -7.000000,2.668702 -6.000000,2.362221 -5.000000,2.071754 -4.000000,1.805452 -3.000000,1.575888 -2.000000,1.401181 -1.000000,1.304153 0.000000,1.304236 1.000000,1.404753 2.000000,1.587373 3.000000,1.826680 4.000000,2.104029 5.000000,2.409453 6.000000,2.741200 7.000000,3.108408 8.000000,3.528867 9.000000,4.007331 10.000000,4.535182 11.000000,5.110128 12.000000,5.744567 13.000000,6.471166 14.000000,7.304283 15.000000,8.222217 16.000000,9.208538 17.000000,10.256662 18.000000,11.363625 19.000000,12.528049 20.000000,13.748920 21.000000,15.025729 22.000000,16.357598 23.000000,17.744250 24.000000,19.185048 25.000000,20.679615 26.000000,22.227440 27.000000,23.827890 28.000000,25.480626 29.000000,27.184972 30.000000,28.940431 31.000000,30.746673 32.000000,32.602857 33.000000,34.508733 34.000000,36.463304 35.000000,38.466393 36.000000,40.517155 37.000000,42.614956 38.000000,44.759322 39.000000,46.949388 40.000000,49.184680 41.000000,51.464384 42.000000,53.787836 43.000000,56.154434 44.000000,58.563317 45.000000,61.013808 46.000000,63.505181 47.000000,66.036640 48.000000,68.607397 49.000000,71.216836 50.000000,73.863922 51.000000,76.548033 52.000000,79.268334 53.000000,82.023842 54.000000,84.813875 55.000000,87.637594 56.000000,90.494013 57.000000,93.382344 58.000000,96.301605 59.000000,99.251193 60.000000,102.229822 61.000000,105.236879 62.000000,108.271337 63.000000,111.332272 64.000000,114.418769 65.000000,117.529794 66.000000,120.664551 67.000000,123.822069 68.000000,127.001244 69.000000,130.201163 [0m
[Test-1] [0m[INFO] [1780635588.189688317] [test_node_cpp]: [YAW_OPT] init=8.358 best=8.000 best_err=1.571 curve=-70.000000,117.919473 -69.000000,114.790212 -68.000000,111.684181 -67.000000,108.602483 -66.000000,105.546154 -65.000000,102.515929 -64.000000,99.512979 -63.000000,96.537973 -62.000000,93.591955 -61.000000,90.675782 -60.000000,87.790439 -59.000000,84.936657 -58.000000,82.115487 -57.000000,79.327606 -56.000000,76.573992 -55.000000,73.855572 -54.000000,71.173039 -53.000000,68.527242 -52.000000,65.918988 -51.000000,63.349221 -50.000000,60.818674 -49.000000,58.327928 -48.000000,55.878087 -47.000000,53.469687 -46.000000,51.103647 -45.000000,48.780563 -44.000000,46.501398 -43.000000,44.266682 -42.000000,42.077254 -41.000000,39.933749 -40.000000,37.837116 -39.000000,35.788000 -38.000000,33.787009 -37.000000,31.835158 -36.000000,29.933188 -35.000000,28.081985 -34.000000,26.282505 -33.000000,24.536032 -32.000000,22.844216 -31.000000,21.209317 -30.000000,19.635684 -29.000000,18.134154 -28.000000,16.745016 -27.000000,15.596935 -26.000000,14.683181 -25.000000,13.871488 -24.000000,13.130334 -23.000000,12.460899 -22.000000,11.866643 -21.000000,11.342847 -20.000000,10.875371 -19.000000,10.447873 -18.000000,10.046830 -17.000000,9.663499 -16.000000,9.292180 -15.000000,8.929323 -14.000000,8.572802 -13.000000,8.221663 -12.000000,7.875113 -11.000000,7.533176 -10.000000,7.195735 -9.000000,6.863193 -8.000000,6.535995 -7.000000,6.214581 -6.000000,5.898966 -5.000000,5.589488 -4.000000,5.285869 -3.000000,4.987851 -2.000000,4.696068 -1.000000,4.411675 0.000000,4.135052 1.000000,3.860959 2.000000,3.577932 3.000000,3.275417 4.000000,2.948556 5.000000,2.599352 6.000000,2.237372 7.000000,1.882819 8.000000,1.570598 9.000000,1.682229 10.000000,2.062491 11.000000,2.586910 12.000000,3.234393 13.000000,3.984366 14.000000,4.821716 15.000000,5.736701 16.000000,6.722445 17.000000,7.774399 18.000000,8.889567 19.000000,10.065492 20.000000,11.300614 21.000000,12.593530 22.000000,13.943111 23.000000,15.348642 24.000000,16.809182 25.000000,18.323994 26.000000,19.892339 27.000000,21.513765 28.000000,23.187373 29.000000,24.912787 30.000000,26.689218 31.000000,28.516304 32.000000,30.393197 33.000000,32.319363 34.000000,34.294201 35.000000,36.316899 36.000000,38.387065 37.000000,40.503992 38.000000,42.666999 39.000000,44.875208 40.000000,47.128307 41.000000,49.425309 42.000000,51.765640 43.000000,54.148518 44.000000,56.573244 45.000000,59.039096 46.000000,61.545257 47.000000,64.091004 48.000000,66.675532 49.000000,69.298049 50.000000,71.957816 51.000000,74.654040 52.000000,77.385675 53.000000,80.152170 54.000000,82.952547 55.000000,85.785895 56.000000,88.651410 57.000000,91.548242 58.000000,94.475530 59.000000,97.432247 60.000000,100.417646 61.000000,103.430821 62.000000,106.470725 63.000000,109.536445 64.000000,112.627251 65.000000,115.741922 66.000000,118.879662 67.000000,122.039493 68.000000,125.220438 69.000000,128.421522 [0m
[Test-1] [0m[INFO] [1780635588.218819967] [test_node_cpp]: [YAW_OPT] init=15.466 best=16.000 best_err=2.509 curve=-70.000000,108.487088 -69.000000,105.412406 -68.000000,102.361728 -67.000000,99.336071 -66.000000,96.336249 -65.000000,93.363337 -64.000000,90.418136 -63.000000,87.501945 -62.000000,84.615326 -61.000000,81.759299 -60.000000,78.935005 -59.000000,76.143225 -58.000000,73.384859 -57.000000,70.661104 -56.000000,67.972597 -55.000000,65.320597 -54.000000,62.705910 -53.000000,60.129584 -52.000000,57.592548 -51.000000,55.096069 -50.000000,52.641087 -49.000000,50.228856 -48.000000,47.860572 -47.000000,45.537690 -46.000000,43.261654 -45.000000,41.034386 -44.000000,38.857682 -43.000000,36.734427 -42.000000,34.667692 -41.000000,32.662160 -40.000000,30.724024 -39.000000,28.862913 -38.000000,27.094819 -37.000000,25.446136 -36.000000,23.956524 -35.000000,22.664335 -34.000000,21.570161 -33.000000,20.637100 -32.000000,19.826827 -31.000000,19.113722 -30.000000,18.479707 -29.000000,17.910479 -28.000000,17.393330 -27.000000,16.917754 -26.000000,16.475174 -25.000000,16.058723 -24.000000,15.663587 -23.000000,15.285957 -22.000000,14.923836 -21.000000,14.575374 -20.000000,14.240047 -19.000000,13.917890 -18.000000,13.609308 -17.000000,13.315396 -16.000000,13.037474 -15.000000,12.776825 -14.000000,12.534982 -13.000000,12.312588 -12.000000,12.109138 -11.000000,11.923608 -10.000000,11.754156 -9.000000,11.599238 -8.000000,11.458870 -7.000000,11.335320 -6.000000,11.232403 -5.000000,11.148838 -4.000000,11.073299 -3.000000,10.988288 -2.000000,10.878347 -1.000000,10.733024 0.000000,10.545894 1.000000,10.312856 2.000000,10.031560 3.000000,9.700669 4.000000,9.319539 5.000000,8.887768 6.000000,8.405800 7.000000,7.874453 8.000000,7.295242 9.000000,6.670511 10.000000,6.004456 11.000000,5.303381 12.000000,4.578865 13.000000,3.853326 14.000000,3.176856 15.000000,2.661301 16.000000,2.508961 17.000000,2.893032 18.000000,3.616684 19.000000,4.550673 20.000000,5.633679 21.000000,6.828921 22.000000,8.114491 23.000000,9.477472 24.000000,10.909269 25.000000,12.404803 26.000000,13.960516 27.000000,15.573576 28.000000,17.242011 29.000000,18.964398 30.000000,20.739363 31.000000,22.565770 32.000000,24.442574 33.000000,26.368964 34.000000,28.344123 35.000000,30.367187 36.000000,32.437372 37.000000,34.553885 38.000000,36.716000 39.000000,38.923024 40.000000,41.174213 41.000000,43.468777 42.000000,45.805991 43.000000,48.185021 44.000000,50.605224 45.000000,53.065769 46.000000,55.566028 47.000000,58.104997 48.000000,60.681988 49.000000,63.296191 50.000000,65.946861 51.000000,68.633066 52.000000,71.354006 53.000000,74.108936 54.000000,76.896876 55.000000,79.717143 56.000000,82.568695 57.000000,85.450673 58.000000,88.362399 59.000000,91.302711 60.000000,94.270871 61.000000,97.265901 62.000000,100.287004 63.000000,103.333139 64.000000,106.403451 65.000000,109.496839 66.000000,112.612629 67.000000,115.749601 68.000000,118.907019 69.000000,122.083662 [0m
[Test-1] [0m[INFO] [1780635588.247843305] [test_node_cpp]: [YAW_OPT] init=24.598 best=25.000 best_err=2.275 curve=-70.000000,94.707171 -69.000000,91.634354 -68.000000,88.586498 -67.000000,85.564836 -66.000000,82.570299 -65.000000,79.603913 -64.000000,76.666673 -63.000000,73.759821 -62.000000,70.884336 -61.000000,68.041475 -60.000000,65.232255 -59.000000,62.458119 -58.000000,59.720066 -57.000000,57.019982 -56.000000,54.359049 -55.000000,51.739423 -54.000000,49.162964 -53.000000,46.632473 -52.000000,44.151406 -51.000000,41.724252 -50.000000,39.358084 -49.000000,37.064507 -48.000000,34.865293 -47.000000,32.807066 -46.000000,30.984239 -45.000000,29.491032 -44.000000,28.284139 -43.000000,27.267814 -42.000000,26.393451 -41.000000,25.638837 -40.000000,24.986864 -39.000000,24.419171 -38.000000,23.916785 -37.000000,23.464230 -36.000000,23.049009 -35.000000,22.661831 -34.000000,22.296386 -33.000000,21.948402 -32.000000,21.614932 -31.000000,21.294650 -30.000000,20.987003 -29.000000,20.692307 -28.000000,20.411914 -27.000000,20.148085 -26.000000,19.903853 -25.000000,19.683760 -24.000000,19.493054 -23.000000,19.337779 -22.000000,19.223817 -21.000000,19.156249 -20.000000,19.138426 -19.000000,19.173587 -18.000000,19.270296 -17.000000,19.447422 -16.000000,19.728558 -15.000000,20.106440 -14.000000,20.536396 -13.000000,20.974875 -12.000000,21.395558 -11.000000,21.784085 -10.000000,22.132080 -9.000000,22.434963 -8.000000,22.688986 -7.000000,22.892255 -6.000000,23.042986 -5.000000,23.140065 -4.000000,23.182682 -3.000000,23.169997 -2.000000,23.101678 -1.000000,22.977205 0.000000,22.796364 1.000000,22.559010 2.000000,22.264928 3.000000,21.914056 4.000000,21.506379 5.000000,21.042053 6.000000,20.520974 7.000000,19.943407 8.000000,19.309503 9.000000,18.619563 10.000000,17.873890 11.000000,17.072761 12.000000,16.216736 13.000000,15.306373 14.000000,14.342413 15.000000,13.325942 16.000000,12.258133 17.000000,11.140766 18.000000,9.976647 19.000000,8.769729 20.000000,7.526876 21.000000,6.259870 22.000000,4.991621 23.000000,3.770956 24.000000,2.749019 25.000000,2.274708 26.000000,2.887591 27.000000,4.227256 28.000000,5.773603 29.000000,7.441586 30.000000,9.195974 31.000000,11.020411 32.000000,12.906406 33.000000,14.849089 34.000000,16.845051 35.000000,18.892237 36.000000,20.988654 37.000000,23.133089 38.000000,25.324220 39.000000,27.561221 40.000000,29.842774 41.000000,32.168216 42.000000,34.536658 43.000000,36.947098 44.000000,39.398829 45.000000,41.891096 46.000000,44.422784 47.000000,46.993294 48.000000,49.601785 49.000000,52.247302 50.000000,54.929144 51.000000,57.646304 52.000000,60.398089 53.000000,63.183686 54.000000,66.002043 55.000000,68.852287 56.000000,71.733801 57.000000,74.645470 58.000000,77.586434 59.000000,80.555830 60.000000,83.552735 61.000000,86.576167 62.000000,89.625387 63.000000,92.699171 64.000000,95.796783 65.000000,98.917242 66.000000,102.059628 67.000000,105.222781 68.000000,108.406027 69.000000,111.608203 [0m
[Test-1] [0m[INFO] [1780635588.277054383] [test_node_cpp]: [YAW_OPT] init=-52.048 best=-53.000 best_err=10.684 curve=-70.000000,47.954274 -69.000000,45.083475 -68.000000,42.240266 -67.000000,39.427687 -66.000000,36.649152 -65.000000,33.908956 -64.000000,31.212713 -63.000000,28.567104 -62.000000,25.981425 -61.000000,23.468142 -60.000000,21.044606 -59.000000,18.735414 -58.000000,16.576516 -57.000000,14.620164 -56.000000,12.942258 -55.000000,11.647968 -54.000000,10.864134 -53.000000,10.684259 -52.000000,11.098479 -51.000000,12.015190 -50.000000,13.319437 -49.000000,14.899862 -48.000000,16.664581 -47.000000,18.547157 -46.000000,20.502168 -45.000000,22.498723 -44.000000,24.515924 -43.000000,26.538987 -42.000000,28.557255 -41.000000,30.562929 -40.000000,32.550072 -39.000000,34.514057 -38.000000,36.451257 -37.000000,38.358616 -36.000000,40.233787 -35.000000,42.074725 -34.000000,43.879639 -33.000000,45.647045 -32.000000,47.375584 -31.000000,49.064072 -30.000000,50.711410 -29.000000,52.316665 -28.000000,53.879015 -27.000000,55.397620 -26.000000,56.871823 -25.000000,58.300694 -24.000000,59.683842 -23.000000,61.020642 -22.000000,62.310464 -21.000000,63.552750 -20.000000,64.747165 -19.000000,65.893069 -18.000000,66.990147 -17.000000,68.038038 -16.000000,69.036291 -15.000000,69.984455 -14.000000,70.882462 -13.000000,71.729771 -12.000000,72.526227 -11.000000,73.271474 -10.000000,73.965482 -9.000000,74.607804 -8.000000,75.198408 -7.000000,75.736963 -6.000000,76.223577 -5.000000,76.657726 -4.000000,77.039720 -3.000000,77.369190 -2.000000,77.646303 -1.000000,77.870733 0.000000,78.042685 1.000000,78.162122 2.000000,78.229017 3.000000,78.243441 4.000000,78.205483 5.000000,78.115249 6.000000,77.972873 7.000000,77.778430 8.000000,77.532213 9.000000,77.234410 10.000000,76.885186 11.000000,76.484906 12.000000,76.033721 13.000000,75.532185 14.000000,74.980525 15.000000,74.379314 16.000000,73.728815 17.000000,73.029716 18.000000,72.282529 19.000000,71.487896 20.000000,70.646673 21.000000,69.759462 22.000000,68.827208 23.000000,67.850956 24.000000,66.831848 25.000000,65.771105 26.000000,64.670152 27.000000,63.530681 28.000000,62.354677 29.000000,61.144266 30.000000,59.902094 31.000000,58.631284 32.000000,57.335517 33.000000,56.019386 34.000000,54.688001 35.000000,53.348153 36.000000,52.007790 37.000000,50.676765 38.000000,49.366893 39.000000,48.092284 40.000000,46.868716 41.000000,45.713436 42.000000,44.642416 43.000000,43.669650 44.000000,42.804120 45.000000,42.049521 46.000000,41.404695 47.000000,40.864901 48.000000,40.423328 49.000000,40.072202 50.000000,39.803464 51.000000,39.608857 52.000000,39.481124 53.000000,39.413532 54.000000,39.400176 55.000000,39.436286 56.000000,39.518374 57.000000,39.644029 58.000000,39.811952 59.000000,40.022328 60.000000,40.276543 61.000000,40.577665 62.000000,40.929976 63.000000,41.340174 64.000000,41.816914 65.000000,42.371340 66.000000,43.017540 67.000000,43.772985 68.000000,44.658168 69.000000,45.695978 [0m
[Test-1] [0m[INFO] [1780635588.279210237] [test_node_cpp]: [YAW_OPT] init=32.105 best=32.000 best_err=2.716 curve=-70.000000,78.056851 -69.000000,75.053548 -68.000000,72.077614 -67.000000,69.130657 -66.000000,66.214380 -65.000000,63.330089 -64.000000,60.480086 -63.000000,57.666389 -62.000000,54.891589 -61.000000,52.159173 -60.000000,49.473092 -59.000000,46.839073 -58.000000,44.265357 -57.000000,41.765635 -56.000000,39.364655 -55.000000,37.116670 -54.000000,35.141670 -53.000000,33.572998 -52.000000,32.351613 -51.000000,31.347209 -50.000000,30.496791 -49.000000,29.770841 -48.000000,29.147375 -47.000000,28.606145 -46.000000,28.129244 -45.000000,27.701504 -44.000000,27.311788 -43.000000,26.951511 -42.000000,26.615029 -41.000000,26.298484 -40.000000,25.999651 -39.000000,25.717515 -38.000000,25.452367 -37.000000,25.205535 -36.000000,24.980008 -35.000000,24.779514 -34.000000,24.609899 -33.000000,24.478299 -32.000000,24.393034 -31.000000,24.362826 -30.000000,24.395048 -29.000000,24.494595 -28.000000,24.665254 -27.000000,24.916908 -26.000000,25.284533 -25.000000,25.839825 -24.000000,26.596603 -23.000000,27.458128 -22.000000,28.344970 -21.000000,29.221132 -20.000000,30.069669 -19.000000,30.881902 -18.000000,31.652329 -17.000000,32.377292 -16.000000,33.054353 -15.000000,33.681596 -14.000000,34.257627 -13.000000,34.781278 -12.000000,35.251649 -11.000000,35.667973 -10.000000,36.029783 -9.000000,36.336423 -8.000000,36.587438 -7.000000,36.782666 -6.000000,36.921633 -5.000000,37.004232 -4.000000,37.030310 -3.000000,36.999606 -2.000000,36.912076 -1.000000,36.767643 0.000000,36.566293 1.000000,36.307973 2.000000,35.992752 3.000000,35.620545 4.000000,35.191631 5.000000,34.705977 6.000000,34.163668 7.000000,33.565019 8.000000,32.910020 9.000000,32.199045 10.000000,31.432243 11.000000,30.609922 12.000000,29.732212 13.000000,28.799647 14.000000,27.812422 15.000000,26.770995 16.000000,25.675819 17.000000,24.527456 18.000000,23.326338 19.000000,22.073178 20.000000,20.768753 21.000000,19.413938 22.000000,18.009939 23.000000,16.557952 24.000000,15.060096 25.000000,13.518704 26.000000,11.937605 27.000000,10.322747 28.000000,8.683388 29.000000,7.036805 30.000000,5.415025 31.000000,3.881286 32.000000,2.716276 33.000000,3.063666 34.000000,4.472236 35.000000,6.194190 36.000000,8.101289 37.000000,10.125823 38.000000,12.235001 39.000000,14.411973 40.000000,16.647307 41.000000,18.935284 42.000000,21.271810 43.000000,23.654519 44.000000,26.081005 45.000000,28.549648 46.000000,31.059041 47.000000,33.608023 48.000000,36.195344 49.000000,38.819944 50.000000,41.480746 51.000000,44.176837 52.000000,46.907289 53.000000,49.671075 54.000000,52.467182 55.000000,55.294935 56.000000,58.153161 57.000000,61.041149 58.000000,63.957687 59.000000,66.902255 60.000000,69.873658 61.000000,72.870831 62.000000,75.893145 63.000000,78.939480 64.000000,82.008961 65.000000,85.100540 66.000000,88.213465 67.000000,91.346509 68.000000,94.498929 69.000000,97.669553 [0m
[Test-1] [0m[INFO] [1780635588.308218397] [test_node_cpp]: [YAW_OPT] init=-44.192 best=-46.000 best_err=10.569 curve=-70.000000,67.897979 -69.000000,64.918959 -68.000000,61.961043 -67.000000,59.025778 -66.000000,56.114498 -65.000000,53.228756 -64.000000,50.370014 -63.000000,47.540303 -62.000000,44.741405 -61.000000,41.975593 -60.000000,39.245205 -59.000000,36.553528 -58.000000,33.904030 -57.000000,31.300991 -56.000000,28.750215 -55.000000,26.258754 -54.000000,23.836284 -53.000000,21.496256 -52.000000,19.257240 -51.000000,17.146387 -50.000000,15.202935 -49.000000,13.484697 -48.000000,12.072557 -47.000000,11.069401 -46.000000,10.569239 -45.000000,10.590696 -44.000000,11.068667 -43.000000,11.916663 -42.000000,13.057017 -41.000000,14.417402 -40.000000,15.932914 -39.000000,17.550721 -38.000000,19.231651 -37.000000,20.947302 -36.000000,22.677516 -35.000000,24.407924 -34.000000,26.128059 -33.000000,27.829974 -32.000000,29.508145 -31.000000,31.157514 -30.000000,32.774923 -29.000000,34.357166 -28.000000,35.902092 -27.000000,37.407419 -26.000000,38.871735 -25.000000,40.293693 -24.000000,41.671813 -23.000000,43.005075 -22.000000,44.292651 -21.000000,45.533658 -20.000000,46.727283 -19.000000,47.872928 -18.000000,48.969845 -17.000000,50.017583 -16.000000,51.015687 -15.000000,51.963587 -14.000000,52.861057 -13.000000,53.707460 -12.000000,54.502696 -11.000000,55.246313 -10.000000,55.938065 -9.000000,56.577790 -8.000000,57.165289 -7.000000,57.700316 -6.000000,58.182651 -5.000000,58.612384 -4.000000,58.989280 -3.000000,59.313325 -2.000000,59.584453 -1.000000,59.802798 0.000000,59.968277 1.000000,60.080957 2.000000,60.140995 3.000000,60.148588 4.000000,60.103860 5.000000,60.006958 6.000000,59.858244 7.000000,59.658021 8.000000,59.406588 9.000000,59.104533 10.000000,58.752189 11.000000,58.350238 12.000000,57.899140 13.000000,57.399879 14.000000,56.853116 15.000000,56.259955 16.000000,55.621411 17.000000,54.938678 18.000000,54.213588 19.000000,53.447690 20.000000,52.642915 21.000000,51.801851 22.000000,50.927455 23.000000,50.023024 24.000000,49.092745 25.000000,48.141630 26.000000,47.175608 27.000000,46.202084 28.000000,45.229661 29.000000,44.268601 30.000000,43.330658 31.000000,42.428495 32.000000,41.575156 33.000000,40.782992 34.000000,40.061907 35.000000,39.418708 36.000000,38.856903 37.000000,38.376831 38.000000,37.976754 39.000000,37.652874 40.000000,37.400936 41.000000,37.215931 42.000000,37.092773 43.000000,37.026144 44.000000,37.011258 45.000000,37.043801 46.000000,37.119959 47.000000,37.236938 48.000000,37.392612 49.000000,37.585792 50.000000,37.816242 51.000000,38.084986 52.000000,38.393990 53.000000,38.746750 54.000000,39.148237 55.000000,39.604911 56.000000,40.125506 57.000000,40.720973 58.000000,41.404754 59.000000,42.193150 60.000000,43.105303 61.000000,44.162183 62.000000,45.384898 63.000000,46.791440 64.000000,48.391432 65.000000,50.183694 66.000000,52.155454 67.000000,54.287143 68.000000,56.556674 69.000000,58.943028 [0m
[Test-1] [0m[INFO] [1780635588.310422866] [test_node_cpp]: [YAW_OPT] init=40.103 best=40.000 best_err=2.610 curve=-70.000000,58.920546 -69.000000,56.004174 -68.000000,53.132345 -67.000000,50.312914 -66.000000,47.557625 -65.000000,44.886346 -64.000000,42.337245 -63.000000,39.994394 -62.000000,38.016442 -61.000000,36.496176 -60.000000,35.314957 -59.000000,34.352298 -58.000000,33.551652 -57.000000,32.880458 -56.000000,32.312100 -55.000000,31.823464 -54.000000,31.395911 -53.000000,31.014514 -52.000000,30.668859 -51.000000,30.351454 -50.000000,30.057381 -49.000000,29.783750 -48.000000,29.529197 -47.000000,29.293806 -46.000000,29.079531 -45.000000,28.889639 -44.000000,28.729522 -43.000000,28.607072 -42.000000,28.532565 -41.000000,28.519444 -40.000000,28.581883 -39.000000,28.733842 -38.000000,28.985685 -37.000000,29.348055 -36.000000,29.850282 -35.000000,30.582860 -34.000000,31.635883 -33.000000,32.900369 -32.000000,34.238143 -31.000000,35.587611 -30.000000,36.923234 -29.000000,38.231981 -28.000000,39.506223 -27.000000,40.741315 -26.000000,41.933466 -25.000000,43.080370 -24.000000,44.179890 -23.000000,45.230614 -22.000000,46.231131 -21.000000,47.180506 -20.000000,48.077752 -19.000000,48.922237 -18.000000,49.713214 -17.000000,50.450149 -16.000000,51.132488 -15.000000,51.759894 -14.000000,52.331849 -13.000000,52.848265 -12.000000,53.308523 -11.000000,53.712610 -10.000000,54.060133 -9.000000,54.350933 -8.000000,54.584927 -7.000000,54.761807 -6.000000,54.881630 -5.000000,54.944292 -4.000000,54.949485 -3.000000,54.897430 -2.000000,54.788013 -1.000000,54.621276 0.000000,54.397060 1.000000,54.115641 2.000000,53.777011 3.000000,53.381087 4.000000,52.928144 5.000000,52.418245 6.000000,51.851604 7.000000,51.228237 8.000000,50.548612 9.000000,49.812482 10.000000,49.020450 11.000000,48.172658 12.000000,47.269205 13.000000,46.310552 14.000000,45.296938 15.000000,44.228750 16.000000,43.106186 17.000000,41.929751 18.000000,40.699620 19.000000,39.416553 20.000000,38.080708 21.000000,36.692586 22.000000,35.252742 23.000000,33.761695 24.000000,32.220050 25.000000,30.628317 26.000000,28.987242 27.000000,27.297558 28.000000,25.560071 29.000000,23.775764 30.000000,21.945917 31.000000,20.071714 32.000000,18.155051 33.000000,16.198471 34.000000,14.205289 35.000000,12.181263 36.000000,10.135543 37.000000,8.085816 38.000000,6.068876 39.000000,4.170491 40.000000,2.609641 41.000000,3.236363 42.000000,5.013749 43.000000,7.126267 44.000000,9.411980 45.000000,11.801733 46.000000,14.264756 47.000000,16.785617 48.000000,19.356064 49.000000,21.970819 50.000000,24.626719 51.000000,27.320854 52.000000,30.051593 53.000000,32.817174 54.000000,35.616194 55.000000,38.447315 56.000000,41.309499 57.000000,44.201537 58.000000,47.122450 59.000000,50.071186 60.000000,53.046649 61.000000,56.047958 62.000000,59.073996 63.000000,62.123908 64.000000,65.196547 65.000000,68.291140 66.000000,71.406609 67.000000,74.541823 68.000000,77.696094 69.000000,80.868292 [0m
[Test-1] [0m[INFO] [1780635588.339596943] [test_node_cpp]: [YAW_OPT] init=-36.777 best=-38.000 best_err=9.869 curve=-70.000000,85.777881 -69.000000,82.710260 -68.000000,79.663011 -67.000000,76.637018 -66.000000,73.633705 -65.000000,70.653752 -64.000000,67.698710 -63.000000,64.769414 -62.000000,61.867069 -61.000000,58.993040 -60.000000,56.148631 -59.000000,53.334815 -58.000000,50.553499 -57.000000,47.805764 -56.000000,45.093515 -55.000000,42.418345 -54.000000,39.782456 -53.000000,37.187933 -52.000000,34.637570 -51.000000,32.134607 -50.000000,29.682631 -49.000000,27.286659 -48.000000,24.952703 -47.000000,22.688732 -46.000000,20.506025 -45.000000,18.419430 -44.000000,16.450587 -43.000000,14.630748 -42.000000,13.004502 -41.000000,11.635677 -40.000000,10.607256 -39.000000,10.005942 -38.000000,9.868701 -37.000000,10.148047 -36.000000,10.760099 -35.000000,11.631332 -34.000000,12.701170 -33.000000,13.916111 -32.000000,15.230375 -31.000000,16.607086 -30.000000,18.018147 -29.000000,19.442967 -28.000000,20.866383 -27.000000,22.277180 -26.000000,23.667346 -25.000000,25.030477 -24.000000,26.361806 -23.000000,27.657557 -22.000000,28.914694 -21.000000,30.131014 -20.000000,31.304275 -19.000000,32.433056 -18.000000,33.515856 -17.000000,34.551705 -16.000000,35.539379 -15.000000,36.478290 -14.000000,37.367513 -13.000000,38.206599 -12.000000,38.995057 -11.000000,39.732073 -10.000000,40.417758 -9.000000,41.051476 -8.000000,41.633022 -7.000000,42.162277 -6.000000,42.639139 -5.000000,43.063221 -4.000000,43.434851 -3.000000,43.753811 -2.000000,44.020144 -1.000000,44.234081 0.000000,44.395799 1.000000,44.505527 2.000000,44.563574 3.000000,44.570232 4.000000,44.526092 5.000000,44.431745 6.000000,44.287936 7.000000,44.095279 8.000000,43.855038 9.000000,43.568094 10.000000,43.235863 11.000000,42.860000 12.000000,42.442451 13.000000,41.985408 14.000000,41.491636 15.000000,40.964430 16.000000,40.407593 17.000000,39.825868 18.000000,39.224903 19.000000,38.611359 20.000000,37.993003 21.000000,37.378861 22.000000,36.778431 23.000000,36.202221 24.000000,35.659865 25.000000,35.160252 26.000000,34.710344 27.000000,34.314718 28.000000,33.976003 29.000000,33.695014 30.000000,33.471076 31.000000,33.302708 32.000000,33.187515 33.000000,33.123094 34.000000,33.106380 35.000000,33.134394 36.000000,33.204152 37.000000,33.313240 38.000000,33.459149 39.000000,33.640291 40.000000,33.855562 41.000000,34.104733 42.000000,34.387990 43.000000,34.706896 44.000000,35.063949 45.000000,35.462468 46.000000,35.907566 47.000000,36.405666 48.000000,36.964869 49.000000,37.595451 50.000000,38.309770 51.000000,39.122732 52.000000,40.050965 53.000000,41.113428 54.000000,42.328583 55.000000,43.712644 56.000000,45.275250 57.000000,47.016254 58.000000,48.926149 59.000000,50.988629 60.000000,53.184548 61.000000,55.495463 62.000000,57.905002 63.000000,60.399525 64.000000,62.967879 65.000000,65.600912 66.000000,68.291203 67.000000,71.032657 68.000000,73.820208 69.000000,76.649550 [0m
[Test-1] [0m[INFO] [1780635588.341706164] [test_node_cpp]: [YAW_OPT] init=47.421 best=48.000 best_err=4.444 curve=-70.000000,41.289714 -69.000000,39.821309 -68.000000,38.735589 -67.000000,37.877461 -66.000000,37.172263 -65.000000,36.581780 -64.000000,36.080490 -63.000000,35.648892 -62.000000,35.272107 -61.000000,34.938887 -60.000000,34.641221 -59.000000,34.373128 -58.000000,34.131302 -57.000000,33.913526 -56.000000,33.719638 -55.000000,33.550532 -54.000000,33.408906 -53.000000,33.299162 -52.000000,33.227367 -51.000000,33.201993 -50.000000,33.233094 -49.000000,33.332409 -48.000000,33.511849 -47.000000,33.782616 -46.000000,34.153945 -45.000000,34.639306 -44.000000,35.275145 -43.000000,36.159265 -42.000000,37.393090 -41.000000,38.881030 -40.000000,40.474880 -39.000000,42.101922 -38.000000,43.730568 -37.000000,45.344971 -36.000000,46.935491 -35.000000,48.496039 -34.000000,50.022162 -33.000000,51.510551 -32.000000,52.958572 -31.000000,54.364094 -30.000000,55.725435 -29.000000,57.041249 -28.000000,58.310247 -27.000000,59.531250 -26.000000,60.703554 -25.000000,61.826159 -24.000000,62.898450 -23.000000,63.919716 -22.000000,64.889363 -21.000000,65.806834 -20.000000,66.671710 -19.000000,67.483573 -18.000000,68.241886 -17.000000,68.946345 -16.000000,69.596717 -15.000000,70.192525 -14.000000,70.733561 -13.000000,71.219573 -12.000000,71.650466 -11.000000,72.025821 -10.000000,72.345594 -9.000000,72.609655 -8.000000,72.817787 -7.000000,72.970003 -6.000000,73.065963 -5.000000,73.105957 -4.000000,73.089740 -3.000000,73.017258 -2.000000,72.888515 -1.000000,72.703701 0.000000,72.462618 1.000000,72.165530 2.000000,71.812314 3.000000,71.403201 4.000000,70.938308 5.000000,70.417620 6.000000,69.841386 7.000000,69.209881 8.000000,68.523081 9.000000,67.781308 10.000000,66.984904 11.000000,66.133795 12.000000,65.228551 13.000000,64.269217 14.000000,63.256368 15.000000,62.190012 16.000000,61.070847 17.000000,59.898815 18.000000,58.674638 19.000000,57.398554 20.000000,56.070994 21.000000,54.692409 22.000000,53.263337 23.000000,51.784144 24.000000,50.255432 25.000000,48.677788 26.000000,47.051659 27.000000,45.377700 28.000000,43.656667 29.000000,41.889040 30.000000,40.075596 31.000000,38.217349 32.000000,36.315003 33.000000,34.369486 34.000000,32.381919 35.000000,30.353567 36.000000,28.285972 37.000000,26.180626 38.000000,24.039841 39.000000,21.866373 40.000000,19.664008 41.000000,17.437664 42.000000,15.195006 43.000000,12.947682 44.000000,10.714677 45.000000,8.528825 46.000000,6.448411 47.000000,4.594590 48.000000,4.443801 49.000000,5.883775 50.000000,7.765322 51.000000,9.955795 52.000000,12.345229 53.000000,14.865098 54.000000,17.476515 55.000000,20.156811 56.000000,22.892080 57.000000,25.673743 58.000000,28.495776 59.000000,31.353807 60.000000,34.244626 61.000000,37.165764 62.000000,40.114956 63.000000,43.090523 64.000000,46.090836 65.000000,49.114422 66.000000,52.159811 67.000000,55.226009 68.000000,58.311635 69.000000,61.415515 [0m
[Test-1] [0m[INFO] [1780635588.370398041] [test_node_cpp]: [YAW_OPT] init=-28.887 best=-30.000 best_err=8.767 curve=-70.000000,100.893219 -69.000000,97.796626 -68.000000,94.720265 -67.000000,91.665169 -66.000000,88.632182 -65.000000,85.622281 -64.000000,82.636576 -63.000000,79.675926 -62.000000,76.741475 -61.000000,73.834096 -60.000000,70.954762 -59.000000,68.104639 -58.000000,65.284727 -57.000000,62.495791 -56.000000,59.739150 -55.000000,57.015916 -54.000000,54.326889 -53.000000,51.673439 -52.000000,49.056706 -51.000000,46.477822 -50.000000,43.938159 -49.000000,41.439116 -48.000000,38.982086 -47.000000,36.568806 -46.000000,34.201162 -45.000000,31.881179 -44.000000,29.611259 -43.000000,27.394299 -42.000000,25.233879 -41.000000,23.134436 -40.000000,21.101549 -39.000000,19.142773 -38.000000,17.268214 -37.000000,15.491813 -36.000000,13.833939 -35.000000,12.323676 -34.000000,11.002774 -33.000000,9.928445 -32.000000,9.169614 -31.000000,8.782317 -30.000000,8.767006 -29.000000,9.063507 -28.000000,9.596918 -27.000000,10.305975 -26.000000,11.143953 -25.000000,12.073539 -24.000000,13.063684 -23.000000,14.089556 -22.000000,15.131440 -21.000000,16.173965 -20.000000,17.205584 -19.000000,18.217483 -18.000000,19.202735 -17.000000,20.156304 -16.000000,21.074066 -15.000000,21.952944 -14.000000,22.790418 -13.000000,23.584623 -12.000000,24.333855 -11.000000,25.036971 -10.000000,25.693137 -9.000000,26.301421 -8.000000,26.861452 -7.000000,27.372692 -6.000000,27.834947 -5.000000,28.248248 -4.000000,28.612570 -3.000000,28.928234 -2.000000,29.195451 -1.000000,29.414798 0.000000,29.587013 1.000000,29.712977 2.000000,29.793904 3.000000,29.830897 4.000000,29.825873 5.000000,29.780860 6.000000,29.698117 7.000000,29.580848 8.000000,29.432363 9.000000,29.256875 10.000000,29.059135 11.000000,28.844602 12.000000,28.619438 13.000000,28.390136 14.000000,28.163632 15.000000,27.946969 16.000000,27.746345 17.000000,27.567320 18.000000,27.414478 19.000000,27.291340 20.000000,27.200413 21.000000,27.143138 22.000000,27.120240 23.000000,27.131938 24.000000,27.177723 25.000000,27.256789 26.000000,27.368133 27.000000,27.510672 28.000000,27.683070 29.000000,27.884440 30.000000,28.113966 31.000000,28.371378 32.000000,28.656697 33.000000,28.970755 34.000000,29.314987 35.000000,29.691391 36.000000,30.103333 37.000000,30.555000 38.000000,31.051676 39.000000,31.600361 40.000000,32.209448 41.000000,32.889154 42.000000,33.651126 43.000000,34.509174 44.000000,35.478041 45.000000,36.573174 46.000000,37.809073 47.000000,39.196555 48.000000,40.740511 49.000000,42.437942 50.000000,44.279561 51.000000,46.251628 52.000000,48.339084 53.000000,50.528162 54.000000,52.806164 55.000000,55.162987 56.000000,57.589741 57.000000,60.079619 58.000000,62.626645 59.000000,65.226111 60.000000,67.873841 61.000000,70.566371 62.000000,73.300725 63.000000,76.074310 64.000000,78.884733 65.000000,81.729864 66.000000,84.607800 67.000000,87.516669 68.000000,90.455071 69.000000,93.421197 [0m
[Test-1] [0m[INFO] [1780635588.399673983] [test_node_cpp]: [YAW_OPT] init=-21.886 best=-24.000 best_err=6.783 curve=-70.000000,112.900466 -69.000000,109.745149 -68.000000,106.610553 -67.000000,103.497670 -66.000000,100.407490 -65.000000,97.340767 -64.000000,94.298802 -63.000000,91.282231 -62.000000,88.292235 -61.000000,85.329641 -60.000000,82.395334 -59.000000,79.490328 -58.000000,76.615577 -57.000000,73.771861 -56.000000,70.960273 -55.000000,68.181598 -54.000000,65.436886 -53.000000,62.726884 -52.000000,60.052711 -51.000000,57.415147 -50.000000,54.815041 -49.000000,52.253489 -48.000000,49.731326 -47.000000,47.249477 -46.000000,44.808978 -45.000000,42.410898 -44.000000,40.056010 -43.000000,37.745697 -42.000000,35.480924 -41.000000,33.262816 -40.000000,31.092845 -39.000000,28.972380 -38.000000,26.902923 -37.000000,24.886418 -36.000000,22.924959 -35.000000,21.021082 -34.000000,19.177963 -33.000000,17.399727 -32.000000,15.691526 -31.000000,14.060766 -30.000000,12.517851 -29.000000,11.078253 -28.000000,9.766014 -27.000000,8.618941 -26.000000,7.694492 -25.000000,7.064931 -24.000000,6.783029 -23.000000,6.831764 -22.000000,7.133784 -21.000000,7.608857 -20.000000,8.198997 -19.000000,8.864801 -18.000000,9.577767 -17.000000,10.316519 -16.000000,11.064281 -15.000000,11.807989 -14.000000,12.537606 -13.000000,13.245504 -12.000000,13.925612 -11.000000,14.573536 -10.000000,15.185801 -9.000000,15.760139 -8.000000,16.294728 -7.000000,16.788545 -6.000000,17.241035 -5.000000,17.651978 -4.000000,18.021674 -3.000000,18.350825 -2.000000,18.640677 -1.000000,18.892669 0.000000,19.108836 1.000000,19.291976 2.000000,19.444716 3.000000,19.570746 4.000000,19.673804 5.000000,19.758584 6.000000,19.829855 7.000000,19.892100 8.000000,19.950534 9.000000,20.009911 10.000000,20.074401 11.000000,20.148059 12.000000,20.234333 13.000000,20.335927 14.000000,20.454929 15.000000,20.592930 16.000000,20.750733 17.000000,20.929218 18.000000,21.128208 19.000000,21.347635 20.000000,21.587488 21.000000,21.847365 22.000000,22.127273 23.000000,22.427482 24.000000,22.748549 25.000000,23.091214 26.000000,23.457207 27.000000,23.848692 28.000000,24.268886 29.000000,24.721796 30.000000,25.212616 31.000000,25.747998 32.000000,26.335964 33.000000,26.986091 34.000000,27.709871 35.000000,28.519408 36.000000,29.428395 37.000000,30.450586 38.000000,31.598750 39.000000,32.883061 40.000000,34.309168 41.000000,35.875787 42.000000,37.575852 43.000000,39.398099 44.000000,41.329881 45.000000,43.358881 46.000000,45.474274 47.000000,47.666948 48.000000,49.929370 49.000000,52.255592 50.000000,54.640725 51.000000,57.080514 52.000000,59.571478 53.000000,62.110843 54.000000,64.695924 55.000000,67.324576 56.000000,69.994897 57.000000,72.704794 58.000000,75.452906 59.000000,78.237594 60.000000,81.057362 61.000000,83.910950 62.000000,86.797050 63.000000,89.714275 64.000000,92.661594 65.000000,95.637586 66.000000,98.641297 67.000000,101.671470 68.000000,104.727028 69.000000,107.806973 [0m
[Test-1] [0m[INFO] [1780635588.429616781] [test_node_cpp]: [YAW_OPT] init=-14.481 best=-17.000 best_err=6.637 curve=-70.000000,121.313371 -69.000000,118.127696 -68.000000,114.963412 -67.000000,111.821750 -66.000000,108.703453 -65.000000,105.609572 -64.000000,102.541033 -63.000000,99.498829 -62.000000,96.483889 -61.000000,93.497090 -60.000000,90.539427 -59.000000,87.611773 -58.000000,84.715134 -57.000000,81.850450 -56.000000,79.018426 -55.000000,76.220130 -54.000000,73.456339 -53.000000,70.728067 -52.000000,68.036101 -51.000000,65.381350 -50.000000,62.764727 -49.000000,60.186969 -48.000000,57.649025 -47.000000,55.151832 -46.000000,52.696164 -45.000000,50.282869 -44.000000,47.912876 -43.000000,45.587075 -42.000000,43.306198 -41.000000,41.071471 -40.000000,38.883515 -39.000000,36.743333 -38.000000,34.652034 -37.000000,32.610443 -36.000000,30.619774 -35.000000,28.681247 -34.000000,26.795879 -33.000000,24.965073 -32.000000,23.190291 -31.000000,21.473196 -30.000000,19.815713 -29.000000,18.219883 -28.000000,16.688337 -27.000000,15.224164 -26.000000,13.831344 -25.000000,12.514854 -24.000000,11.281652 -23.000000,10.141475 -22.000000,9.109021 -21.000000,8.207069 -20.000000,7.470065 -19.000000,6.943978 -18.000000,6.667032 -17.000000,6.636711 -16.000000,6.804295 -15.000000,7.107698 -14.000000,7.496415 -13.000000,7.935782 -12.000000,8.402381 -11.000000,8.880571 -10.000000,9.359452 -9.000000,9.831049 -8.000000,10.289669 -7.000000,10.731379 -6.000000,11.153567 -5.000000,11.554724 -4.000000,11.934162 -3.000000,12.291943 -2.000000,12.629096 -1.000000,12.946849 0.000000,13.247163 1.000000,13.532245 2.000000,13.804682 3.000000,14.067122 4.000000,14.322401 5.000000,14.573333 6.000000,14.822596 7.000000,15.072905 8.000000,15.326232 9.000000,15.584867 10.000000,15.850343 11.000000,16.124506 12.000000,16.408415 13.000000,16.703319 14.000000,17.010370 15.000000,17.330567 16.000000,17.665122 17.000000,18.015711 18.000000,18.383785 19.000000,18.771605 20.000000,19.181950 21.000000,19.618392 22.000000,20.085244 23.000000,20.588064 24.000000,21.133431 25.000000,21.729353 26.000000,22.384759 27.000000,23.109723 28.000000,23.914902 29.000000,24.810536 30.000000,25.806395 31.000000,26.910666 32.000000,28.128773 33.000000,29.462920 34.000000,30.911356 35.000000,32.468995 36.000000,34.128696 37.000000,35.882278 38.000000,37.721979 39.000000,39.640511 40.000000,41.631717 41.000000,43.690428 42.000000,45.812226 43.000000,47.993329 44.000000,50.230624 45.000000,52.521500 46.000000,54.863651 47.000000,57.254755 48.000000,59.693428 49.000000,62.177712 50.000000,64.706128 51.000000,67.277411 52.000000,69.889874 53.000000,72.542717 54.000000,75.234339 55.000000,77.963768 56.000000,80.729955 57.000000,83.531593 58.000000,86.367707 59.000000,89.237198 60.000000,92.139049 61.000000,95.072187 62.000000,98.035535 63.000000,101.028194 64.000000,104.049018 65.000000,107.096979 66.000000,110.171169 67.000000,113.270507 68.000000,116.393893 69.000000,119.540367 [0m
[Test-1] [0m[INFO] [1780635588.459355260] [test_node_cpp]: [YAW_OPT] init=-8.333 best=-13.000 best_err=5.906 curve=-70.000000,124.843761 -69.000000,121.650221 -68.000000,118.478852 -67.000000,115.330520 -66.000000,112.206451 -65.000000,109.107509 -64.000000,106.034563 -63.000000,102.988666 -62.000000,99.970739 -61.000000,96.981653 -60.000000,94.022472 -59.000000,91.093996 -58.000000,88.197107 -57.000000,85.332805 -56.000000,82.501969 -55.000000,79.705482 -54.000000,76.944292 -53.000000,74.219105 -52.000000,71.531001 -51.000000,68.880688 -50.000000,66.269143 -49.000000,63.697088 -48.000000,61.165494 -47.000000,58.675056 -46.000000,56.226760 -45.000000,53.821358 -44.000000,51.459771 -43.000000,49.142694 -42.000000,46.871067 -41.000000,44.645640 -40.000000,42.467432 -39.000000,40.337106 -38.000000,38.255636 -37.000000,36.223845 -36.000000,34.242689 -35.000000,32.313025 -34.000000,30.435821 -33.000000,28.612022 -32.000000,26.842690 -31.000000,25.128780 -30.000000,23.471665 -29.000000,21.872162 -28.000000,20.331558 -27.000000,18.851272 -26.000000,17.432532 -25.000000,16.076687 -24.000000,14.785200 -23.000000,13.559511 -22.000000,12.401195 -21.000000,11.311898 -20.000000,10.293597 -19.000000,9.348475 -18.000000,8.479902 -17.000000,7.693131 -16.000000,6.999111 -15.000000,6.423007 -14.000000,6.029511 -13.000000,5.905501 -12.000000,6.007519 -11.000000,6.243424 -10.000000,6.559201 -9.000000,6.919533 -8.000000,7.301204 -7.000000,7.689507 -6.000000,8.075203 -5.000000,8.453172 -4.000000,8.820300 -3.000000,9.175064 -2.000000,9.517384 -1.000000,9.847704 0.000000,10.166993 1.000000,10.476836 2.000000,10.779045 3.000000,11.075679 4.000000,11.368619 5.000000,11.660142 6.000000,11.952285 7.000000,12.246776 8.000000,12.545683 9.000000,12.850643 10.000000,13.163564 11.000000,13.486145 12.000000,13.820421 13.000000,14.168373 14.000000,14.532897 15.000000,14.916982 16.000000,15.324956 17.000000,15.761943 18.000000,16.234674 19.000000,16.751488 20.000000,17.322555 21.000000,17.959134 22.000000,18.673135 23.000000,19.475830 24.000000,20.375987 25.000000,21.379862 26.000000,22.490131 27.000000,23.705557 28.000000,25.022586 29.000000,26.435343 30.000000,27.937421 31.000000,29.522134 32.000000,31.183751 33.000000,32.917012 34.000000,34.717666 35.000000,36.581993 36.000000,38.506974 37.000000,40.490060 38.000000,42.528970 39.000000,44.621763 40.000000,46.766870 41.000000,48.962653 42.000000,51.207764 43.000000,53.500967 44.000000,55.840957 45.000000,58.226687 46.000000,60.657028 47.000000,63.130813 48.000000,65.647295 49.000000,68.205346 50.000000,70.803799 51.000000,73.441979 52.000000,76.118718 53.000000,78.833201 54.000000,81.584397 55.000000,84.371419 56.000000,87.193207 57.000000,90.048900 58.000000,92.937457 59.000000,95.858266 60.000000,98.809840 61.000000,101.791608 62.000000,104.802435 63.000000,107.841423 64.000000,110.907613 65.000000,113.999990 66.000000,117.117540 67.000000,120.259393 68.000000,123.424416 69.000000,126.611708 [0m
[Test-1] [0m[INFO] [1780635588.486481620] [test_node_cpp]: [YAW_OPT] init=-3.054 best=-7.000 best_err=3.634 curve=-70.000000,125.068707 -69.000000,121.885289 -68.000000,118.724574 -67.000000,115.587550 -66.000000,112.475245 -65.000000,109.388462 -64.000000,106.328235 -63.000000,103.295493 -62.000000,100.291147 -61.000000,97.316065 -60.000000,94.371281 -59.000000,91.457664 -58.000000,88.576009 -57.000000,85.727365 -56.000000,82.912470 -55.000000,80.132196 -54.000000,77.387526 -53.000000,74.679201 -52.000000,72.008107 -51.000000,69.375045 -50.000000,66.780770 -49.000000,64.226281 -48.000000,61.712281 -47.000000,59.239531 -46.000000,56.808856 -45.000000,54.421036 -44.000000,52.076854 -43.000000,49.777023 -42.000000,47.522411 -41.000000,45.313770 -40.000000,43.151606 -39.000000,41.037051 -38.000000,38.970669 -37.000000,36.953202 -36.000000,34.985540 -35.000000,33.068427 -34.000000,31.202646 -33.000000,29.388997 -32.000000,27.628426 -31.000000,25.921833 -30.000000,24.270182 -29.000000,22.674524 -28.000000,21.135766 -27.000000,19.655334 -26.000000,18.234162 -25.000000,16.873679 -24.000000,15.575149 -23.000000,14.339767 -22.000000,13.168878 -21.000000,12.063212 -20.000000,11.023604 -19.000000,10.050356 -18.000000,9.143237 -17.000000,8.301934 -16.000000,7.526121 -15.000000,6.815093 -14.000000,6.169079 -13.000000,5.588154 -12.000000,5.073531 -11.000000,4.626689 -10.000000,4.251095 -9.000000,3.952124 -8.000000,3.740029 -7.000000,3.634050 -6.000000,3.668832 -5.000000,3.839008 -4.000000,4.078382 -3.000000,4.344955 -2.000000,4.622033 -1.000000,4.902825 0.000000,5.184967 1.000000,5.468452 2.000000,5.754122 3.000000,6.043734 4.000000,6.339017 5.000000,6.641661 6.000000,6.953608 7.000000,7.277161 8.000000,7.614720 9.000000,7.969759 10.000000,8.347321 11.000000,8.754554 12.000000,9.202063 13.000000,9.703287 14.000000,10.271374 15.000000,10.914456 16.000000,11.635050 17.000000,12.432070 18.000000,13.305100 19.000000,14.254063 20.000000,15.279660 21.000000,16.381702 22.000000,17.559185 23.000000,18.810361 24.000000,20.132907 25.000000,21.524111 26.000000,22.981374 27.000000,24.502342 28.000000,26.084826 29.000000,27.726995 30.000000,29.427124 31.000000,31.183678 32.000000,32.995415 33.000000,34.861043 34.000000,36.779407 35.000000,38.749614 36.000000,40.770541 37.000000,42.841277 38.000000,44.961039 39.000000,47.128858 40.000000,49.343825 41.000000,51.605123 42.000000,53.912085 43.000000,56.263781 44.000000,58.659246 45.000000,61.097787 46.000000,63.578508 47.000000,66.100696 48.000000,68.663348 49.000000,71.265880 50.000000,73.907178 51.000000,76.586525 52.000000,79.303121 53.000000,82.055862 54.000000,84.844040 55.000000,87.666728 56.000000,90.523225 57.000000,93.412329 58.000000,96.333369 59.000000,99.285328 60.000000,102.267218 61.000000,105.278243 62.000000,108.317449 63.000000,111.383798 64.000000,114.476418 65.000000,117.594316 66.000000,120.736572 67.000000,123.902135 68.000000,127.090253 69.000000,130.299603 [0m
[Test-1] [0m[INFO] [1780635588.514082175] [test_node_cpp]: [YAW_OPT] init=3.822 best=5.000 best_err=2.164 curve=-70.000000,122.060140 -69.000000,118.905345 -68.000000,115.773891 -67.000000,112.666459 -66.000000,109.584205 -65.000000,106.528110 -64.000000,103.498913 -63.000000,100.497779 -62.000000,97.525493 -61.000000,94.582934 -60.000000,91.671057 -59.000000,88.790736 -58.000000,85.942827 -57.000000,83.128370 -56.000000,80.348054 -55.000000,77.602793 -54.000000,74.893390 -53.000000,72.220773 -52.000000,69.585675 -51.000000,66.988916 -50.000000,64.431294 -49.000000,61.913740 -48.000000,59.436877 -47.000000,57.001531 -46.000000,54.608560 -45.000000,52.258534 -44.000000,49.952309 -43.000000,47.690554 -42.000000,45.474125 -41.000000,43.303539 -40.000000,41.179844 -39.000000,39.103395 -38.000000,37.075059 -37.000000,35.095615 -36.000000,33.165588 -35.000000,31.285871 -34.000000,29.457219 -33.000000,27.680194 -32.000000,25.955895 -31.000000,24.285104 -30.000000,22.668935 -29.000000,21.108383 -28.000000,19.605209 -27.000000,18.161198 -26.000000,16.779628 -25.000000,15.465177 -24.000000,14.227102 -23.000000,13.085112 -22.000000,12.075327 -21.000000,11.224577 -20.000000,10.504180 -19.000000,9.874773 -18.000000,9.315404 -17.000000,8.813125 -16.000000,8.356214 -15.000000,7.933648 -14.000000,7.536634 -13.000000,7.158382 -12.000000,6.794639 -11.000000,6.442619 -10.000000,6.100142 -9.000000,5.766334 -8.000000,5.440377 -7.000000,5.121794 -6.000000,4.809945 -5.000000,4.504498 -4.000000,4.205235 -3.000000,3.911810 -2.000000,3.624506 -1.000000,3.345004 0.000000,3.076029 1.000000,2.822527 2.000000,2.591336 3.000000,2.390244 4.000000,2.230296 5.000000,2.163722 6.000000,2.341907 7.000000,2.655699 8.000000,3.045405 9.000000,3.507326 10.000000,4.045672 11.000000,4.664183 12.000000,5.363331 13.000000,6.139934 14.000000,6.989856 15.000000,7.908929 16.000000,8.893786 17.000000,9.941834 18.000000,11.051175 19.000000,12.220419 20.000000,13.448163 21.000000,14.733489 22.000000,16.075568 23.000000,17.473584 24.000000,18.926924 25.000000,20.434699 26.000000,21.996540 27.000000,23.611742 28.000000,25.279543 29.000000,26.999622 30.000000,28.771184 31.000000,30.593672 32.000000,32.466607 33.000000,34.389202 34.000000,36.360949 35.000000,38.381137 36.000000,40.449148 37.000000,42.564390 38.000000,44.726177 39.000000,46.933825 40.000000,49.186600 41.000000,51.483861 42.000000,53.824934 43.000000,56.208953 44.000000,58.635427 45.000000,61.103434 46.000000,63.612232 47.000000,66.161022 48.000000,68.749128 49.000000,71.375817 50.000000,74.040051 51.000000,76.741209 52.000000,79.478377 53.000000,82.250695 54.000000,85.057502 55.000000,87.897740 56.000000,90.770506 57.000000,93.675184 58.000000,96.610614 59.000000,99.576123 60.000000,102.570673 61.000000,105.593346 62.000000,108.643234 63.000000,111.719473 64.000000,114.821030 65.000000,117.947112 66.000000,121.096557 67.000000,124.268508 68.000000,127.462115 69.000000,130.676155 [0m
[Test-1] [0m[INFO] [1780635588.543783513] [test_node_cpp]: [YAW_OPT] init=11.292 best=12.000 best_err=2.185 curve=-70.000000,114.937735 -69.000000,111.817291 -68.000000,108.720681 -67.000000,105.648696 -66.000000,102.602277 -65.000000,99.582385 -64.000000,96.590017 -63.000000,93.626033 -62.000000,90.691421 -61.000000,87.786875 -60.000000,84.913553 -59.000000,82.072271 -58.000000,79.263777 -57.000000,76.489069 -56.000000,73.749073 -55.000000,71.044504 -54.000000,68.376296 -53.000000,65.745336 -52.000000,63.152441 -51.000000,60.598351 -50.000000,58.084011 -49.000000,55.610156 -48.000000,53.177642 -47.000000,50.787362 -46.000000,48.439929 -45.000000,46.136321 -44.000000,43.877513 -43.000000,41.664198 -42.000000,39.497216 -41.000000,37.377489 -40.000000,35.306119 -39.000000,33.283931 -38.000000,31.312301 -37.000000,29.392182 -36.000000,27.525255 -35.000000,25.713220 -34.000000,23.958108 -33.000000,22.262726 -32.000000,20.630553 -31.000000,19.066437 -30.000000,17.690866 -29.000000,16.869158 -28.000000,16.109321 -27.000000,15.417211 -26.000000,14.795076 -25.000000,14.238233 -24.000000,13.736800 -23.000000,13.278472 -22.000000,12.852339 -21.000000,12.449636 -20.000000,12.064353 -19.000000,11.692198 -18.000000,11.330382 -17.000000,10.977341 -16.000000,10.632052 -15.000000,10.294195 -14.000000,9.963807 -13.000000,9.641396 -12.000000,9.327771 -11.000000,9.023675 -10.000000,8.729809 -9.000000,8.446579 -8.000000,8.173658 -7.000000,7.909707 -6.000000,7.652438 -5.000000,7.399460 -4.000000,7.148352 -3.000000,6.898724 -2.000000,6.652104 -1.000000,6.410419 0.000000,6.170241 1.000000,5.919930 2.000000,5.646813 3.000000,5.342188 4.000000,5.002451 5.000000,4.627736 6.000000,4.221759 7.000000,3.792056 8.000000,3.351297 9.000000,2.920240 10.000000,2.530823 11.000000,2.233055 12.000000,2.185267 13.000000,2.657982 14.000000,3.364076 15.000000,4.206524 16.000000,5.150553 17.000000,6.178472 18.000000,7.280099 19.000000,8.449614 20.000000,9.683029 21.000000,10.977647 22.000000,12.331508 23.000000,13.742992 24.000000,15.210780 25.000000,16.734021 26.000000,18.311668 27.000000,19.942786 28.000000,21.626843 29.000000,23.362885 30.000000,25.150269 31.000000,26.988469 32.000000,28.876567 33.000000,30.814081 34.000000,32.800310 35.000000,34.834507 36.000000,36.916071 37.000000,39.044297 38.000000,41.218526 39.000000,43.438067 40.000000,45.702145 41.000000,48.010133 42.000000,50.361221 43.000000,52.754836 44.000000,55.189983 45.000000,57.666179 46.000000,60.182474 47.000000,62.738260 48.000000,65.332489 49.000000,67.964659 50.000000,70.633673 51.000000,73.339038 52.000000,76.079583 53.000000,78.854757 54.000000,81.663512 55.000000,84.505121 56.000000,87.378664 57.000000,90.283215 58.000000,93.217871 59.000000,96.181940 60.000000,99.174337 61.000000,102.194070 62.000000,105.240481 63.000000,108.312405 64.000000,111.409034 65.000000,114.529344 66.000000,117.672423 67.000000,120.837277 68.000000,124.023004 69.000000,127.228562 [0m
[Test-1] [0m[INFO] [1780635588.572914422] [test_node_cpp]: [YAW_OPT] init=17.503 best=18.000 best_err=2.635 curve=-70.000000,104.868597 -69.000000,101.814348 -68.000000,98.784233 -67.000000,95.779222 -66.000000,92.800291 -65.000000,89.848236 -64.000000,86.924184 -63.000000,84.028838 -62.000000,81.163435 -61.000000,78.328633 -60.000000,75.525575 -59.000000,72.755108 -58.000000,70.018146 -57.000000,67.315593 -56.000000,64.648476 -55.000000,62.017844 -54.000000,59.424434 -53.000000,56.869377 -52.000000,54.353667 -51.000000,51.878291 -50.000000,49.444488 -49.000000,47.053167 -48.000000,44.705748 -47.000000,42.403574 -46.000000,40.148086 -45.000000,37.941119 -44.000000,35.784538 -43.000000,33.680986 -42.000000,31.633637 -41.000000,29.647013 -40.000000,27.728566 -39.000000,25.895643 -38.000000,24.218373 -37.000000,22.941126 -36.000000,21.984694 -35.000000,21.148934 -34.000000,20.397506 -33.000000,19.722474 -32.000000,19.116746 -31.000000,18.571292 -30.000000,18.075562 -29.000000,17.619667 -28.000000,17.195335 -27.000000,16.795685 -26.000000,16.415889 -25.000000,16.052454 -24.000000,15.703219 -23.000000,15.366760 -22.000000,15.042625 -21.000000,14.730889 -20.000000,14.432323 -19.000000,14.148350 -18.000000,13.880485 -17.000000,13.630480 -16.000000,13.399991 -15.000000,13.189875 -14.000000,12.999618 -13.000000,12.827265 -12.000000,12.669336 -11.000000,12.521982 -10.000000,12.384354 -9.000000,12.284193 -8.000000,12.360785 -7.000000,12.508726 -6.000000,12.628680 -5.000000,12.706513 -4.000000,12.737741 -3.000000,12.719953 -2.000000,12.651607 -1.000000,12.531541 0.000000,12.359101 1.000000,12.133587 2.000000,11.854985 3.000000,11.522889 4.000000,11.137673 5.000000,10.699424 6.000000,10.208840 7.000000,9.666649 8.000000,9.074282 9.000000,8.433387 10.000000,7.746786 11.000000,7.018490 12.000000,6.255007 13.000000,5.466523 14.000000,4.670516 15.000000,3.897649 16.000000,3.204148 17.000000,2.697286 18.000000,2.634680 19.000000,3.225736 20.000000,4.159220 21.000000,5.279156 22.000000,6.524323 23.000000,7.864626 24.000000,9.283747 25.000000,10.772576 26.000000,12.324831 27.000000,13.936658 28.000000,15.605339 29.000000,17.328722 30.000000,19.105294 31.000000,20.933696 32.000000,22.812578 33.000000,24.741084 34.000000,26.718335 35.000000,28.743184 36.000000,30.815125 37.000000,32.933197 38.000000,35.096709 39.000000,37.304767 40.000000,39.556661 41.000000,41.851714 42.000000,44.188948 43.000000,46.567926 44.000000,48.987582 45.000000,51.447267 46.000000,53.946211 47.000000,56.483597 48.000000,59.058666 49.000000,61.670615 50.000000,64.318500 51.000000,67.001638 52.000000,69.719227 53.000000,72.470261 54.000000,75.254140 55.000000,78.069747 56.000000,80.916350 57.000000,83.793069 58.000000,86.699012 59.000000,89.633228 60.000000,92.594936 61.000000,95.583218 62.000000,98.597086 63.000000,101.635625 64.000000,104.697908 65.000000,107.783035 66.000000,110.890012 67.000000,114.017932 68.000000,117.165807 69.000000,120.332732 [0m
[Test-1] [0m[INFO] [1780635588.601412058] [test_node_cpp]: [YAW_OPT] init=29.794 best=30.000 best_err=2.097 curve=-70.000000,87.132618 -69.000000,84.015367 -68.000000,80.926718 -67.000000,77.868348 -66.000000,74.841627 -65.000000,71.848460 -64.000000,68.890855 -63.000000,65.971031 -62.000000,63.091656 -61.000000,60.255749 -60.000000,57.467449 -59.000000,54.731600 -58.000000,52.054745 -57.000000,49.445924 -56.000000,46.917606 -55.000000,44.487282 -54.000000,42.179360 -53.000000,40.024845 -52.000000,38.056540 -51.000000,36.297860 -50.000000,34.753260 -49.000000,33.409572 -48.000000,32.247824 -47.000000,31.248803 -46.000000,30.392483 -45.000000,29.657797 -44.000000,29.022405 -43.000000,28.465710 -42.000000,27.970141 -41.000000,27.522168 -40.000000,27.111389 -39.000000,26.730810 -38.000000,26.375385 -37.000000,26.042122 -36.000000,25.729422 -35.000000,25.437072 -34.000000,25.166208 -33.000000,24.919204 -32.000000,24.700231 -31.000000,24.515106 -30.000000,24.371611 -29.000000,24.279711 -28.000000,24.250844 -27.000000,24.297596 -26.000000,24.430812 -25.000000,24.659049 -24.000000,24.985834 -23.000000,25.409138 -22.000000,25.918582 -21.000000,26.496444 -20.000000,27.119821 -19.000000,27.765927 -18.000000,28.415006 -17.000000,29.051672 -16.000000,29.664658 -15.000000,30.245324 -14.000000,30.787661 -13.000000,31.286894 -12.000000,31.739674 -11.000000,32.143591 -10.000000,32.496222 -9.000000,32.796300 -8.000000,33.042280 -7.000000,33.233522 -6.000000,33.369015 -5.000000,33.448072 -4.000000,33.470215 -3.000000,33.435056 -2.000000,33.342146 -1.000000,33.191437 0.000000,32.982500 1.000000,32.715255 2.000000,32.389729 3.000000,32.005643 4.000000,31.563185 5.000000,31.062266 6.000000,30.502993 7.000000,29.885406 8.000000,29.209650 9.000000,28.475809 10.000000,27.684197 11.000000,26.835022 12.000000,25.928368 13.000000,24.964623 14.000000,23.944079 15.000000,22.867082 16.000000,21.734005 17.000000,20.545281 18.000000,19.301464 19.000000,18.003111 20.000000,16.650921 21.000000,15.245845 22.000000,13.788884 23.000000,12.281738 24.000000,10.726718 25.000000,9.127652 26.000000,7.492201 27.000000,5.836862 28.000000,4.211017 29.000000,2.808375 30.000000,2.097419 31.000000,2.795542 32.000000,4.391874 33.000000,6.281149 34.000000,8.291021 35.000000,10.378531 36.000000,12.528240 37.000000,14.733134 38.000000,16.989296 39.000000,19.294285 40.000000,21.646160 41.000000,24.043478 42.000000,26.485220 43.000000,28.970097 44.000000,31.497380 45.000000,34.065932 46.000000,36.674831 47.000000,39.323314 48.000000,42.010571 49.000000,44.735511 50.000000,47.497415 51.000000,50.295272 52.000000,53.128261 53.000000,55.995745 54.000000,58.896487 55.000000,61.829618 56.000000,64.794390 57.000000,67.789816 58.000000,70.815095 59.000000,73.869123 60.000000,76.950914 61.000000,80.059795 62.000000,83.194537 63.000000,86.354410 64.000000,89.538310 65.000000,92.745317 66.000000,95.974455 67.000000,99.224626 68.000000,102.494908 69.000000,105.784391 [0m
[Test-1] [0m[INFO] [1780635588.632019845] [test_node_cpp]: [YAW_OPT] init=36.259 best=37.000 best_err=3.478 curve=-70.000000,70.108457 -69.000000,67.162565 -68.000000,64.256518 -67.000000,61.394661 -66.000000,58.582273 -65.000000,55.825906 -64.000000,53.134318 -63.000000,50.519093 -62.000000,47.995470 -61.000000,45.584597 -60.000000,43.313659 -59.000000,41.215506 -58.000000,39.323219 -57.000000,37.659035 -56.000000,36.225072 -55.000000,35.003684 -54.000000,33.967233 -53.000000,33.085841 -52.000000,32.332005 -51.000000,31.681538 -50.000000,31.114556 -49.000000,30.614866 -48.000000,30.170382 -47.000000,29.771547 -46.000000,29.412032 -45.000000,29.087609 -44.000000,28.796205 -43.000000,28.537239 -42.000000,28.312516 -41.000000,28.125164 -40.000000,27.980517 -39.000000,27.885840 -38.000000,27.850129 -37.000000,27.883604 -36.000000,27.996933 -35.000000,28.199795 -34.000000,28.500425 -33.000000,28.905759 -32.000000,29.422569 -31.000000,30.056064 -30.000000,30.804615 -29.000000,31.654443 -28.000000,32.580377 -27.000000,33.553528 -26.000000,34.548136 -25.000000,35.544325 -24.000000,36.527170 -23.000000,37.486362 -22.000000,38.414367 -21.000000,39.305562 -20.000000,40.155895 -19.000000,40.962158 -18.000000,41.721968 -17.000000,42.433418 -16.000000,43.094915 -15.000000,43.705177 -14.000000,44.263185 -13.000000,44.768016 -12.000000,45.218940 -11.000000,45.615322 -10.000000,45.956802 -9.000000,46.242635 -8.000000,46.472617 -7.000000,46.646470 -6.000000,46.763730 -5.000000,46.824350 -4.000000,46.828039 -3.000000,46.774721 -2.000000,46.664191 -1.000000,46.496464 0.000000,46.271434 1.000000,45.989183 2.000000,45.649585 3.000000,45.252815 4.000000,44.798685 5.000000,44.287583 6.000000,43.719396 7.000000,43.094426 8.000000,42.412688 9.000000,41.674515 10.000000,40.879864 11.000000,40.029239 12.000000,39.122869 13.000000,38.160774 14.000000,37.143542 15.000000,36.071332 16.000000,34.944651 17.000000,33.763725 18.000000,32.529012 19.000000,31.241122 20.000000,29.900312 21.000000,28.507380 22.000000,27.062768 23.000000,25.567302 24.000000,24.021625 25.000000,22.426758 26.000000,20.783756 27.000000,19.094160 28.000000,17.359518 29.000000,15.582479 30.000000,13.766682 31.000000,11.917836 32.000000,10.045738 33.000000,8.169449 34.000000,6.331841 35.000000,4.648609 36.000000,3.479357 37.000000,3.477989 38.000000,4.626391 39.000000,6.396275 40.000000,8.454504 41.000000,10.662697 42.000000,12.965732 43.000000,15.339176 44.000000,17.770822 45.000000,20.253548 46.000000,22.782785 47.000000,25.355414 48.000000,27.969215 49.000000,30.622405 50.000000,33.313230 51.000000,36.040623 52.000000,38.803215 53.000000,41.599860 54.000000,44.429598 55.000000,47.291283 56.000000,50.183856 57.000000,53.106478 58.000000,56.058017 59.000000,59.037671 60.000000,62.044216 61.000000,65.076994 62.000000,68.134804 63.000000,71.216814 64.000000,74.321959 65.000000,77.449360 66.000000,80.597956 67.000000,83.766693 68.000000,86.954758 69.000000,90.161101 [0m
[Test-1] [0m[INFO] [1780635588.661067941] [test_node_cpp]: [YAW_OPT] init=-43.655 best=-44.000 best_err=7.965 curve=-70.000000,70.921011 -69.000000,67.875614 -68.000000,64.850804 -67.000000,61.847863 -66.000000,58.868167 -65.000000,55.912685 -64.000000,52.983161 -63.000000,50.080864 -62.000000,47.207377 -61.000000,44.364236 -60.000000,41.553535 -59.000000,38.777296 -58.000000,36.038128 -57.000000,33.338749 -56.000000,30.682683 -55.000000,28.074533 -54.000000,25.519664 -53.000000,23.025542 -52.000000,20.601878 -51.000000,18.262712 -50.000000,16.027237 -49.000000,13.923521 -48.000000,11.992832 -47.000000,10.296228 -46.000000,8.931005 -45.000000,8.075048 -44.000000,7.965362 -43.000000,8.603877 -42.000000,9.781603 -41.000000,11.276159 -40.000000,12.940834 -39.000000,14.696069 -38.000000,16.497361 -37.000000,18.317492 -36.000000,20.138965 -35.000000,21.949504 -34.000000,23.740643 -33.000000,25.506126 -32.000000,27.241212 -31.000000,28.942260 -30.000000,30.606354 -29.000000,32.231248 -28.000000,33.814908 -27.000000,35.355817 -26.000000,36.852571 -25.000000,38.304019 -24.000000,39.709027 -23.000000,41.066639 -22.000000,42.376184 -21.000000,43.636956 -20.000000,44.848081 -19.000000,46.009156 -18.000000,47.119589 -17.000000,48.178716 -16.000000,49.186266 -15.000000,50.141735 -14.000000,51.044704 -13.000000,51.894982 -12.000000,52.691965 -11.000000,53.435597 -10.000000,54.125509 -9.000000,54.761534 -8.000000,55.343311 -7.000000,55.870828 -6.000000,56.343846 -5.000000,56.762088 -4.000000,57.125712 -3.000000,57.434483 -2.000000,57.688417 -1.000000,57.887312 0.000000,58.031302 1.000000,58.120358 2.000000,58.154602 3.000000,58.133923 4.000000,58.058706 5.000000,57.928829 6.000000,57.744530 7.000000,57.506124 8.000000,57.213699 9.000000,56.867615 10.000000,56.468183 11.000000,56.015704 12.000000,55.510800 13.000000,54.953809 14.000000,54.345275 15.000000,53.685866 16.000000,52.976297 17.000000,52.217472 18.000000,51.410297 19.000000,50.555998 20.000000,49.655861 21.000000,48.711548 22.000000,47.724798 23.000000,46.698306 24.000000,45.634760 25.000000,44.538087 26.000000,43.413101 27.000000,42.266574 28.000000,41.107275 29.000000,39.948200 30.000000,38.807834 31.000000,37.712073 32.000000,36.695271 33.000000,35.793032 34.000000,35.029815 35.000000,34.407304 36.000000,33.910474 37.000000,33.521120 38.000000,33.224106 39.000000,33.008320 40.000000,32.865259 41.000000,32.787050 42.000000,32.766644 43.000000,32.797431 44.000000,32.873420 45.000000,32.989602 46.000000,33.142037 47.000000,33.327999 48.000000,33.545698 49.000000,33.794678 50.000000,34.075804 51.000000,34.391197 52.000000,34.744474 53.000000,35.141048 54.000000,35.588308 55.000000,36.096149 56.000000,36.677448 57.000000,37.348598 58.000000,38.131661 59.000000,39.056250 60.000000,40.163658 61.000000,41.505422 62.000000,43.125872 63.000000,45.028385 64.000000,47.171002 65.000000,49.497788 66.000000,51.962700 67.000000,54.533541 68.000000,57.188449 69.000000,59.912307 [0m
[Test-1] [0m[INFO] [1780635588.663234784] [test_node_cpp]: [YAW_OPT] init=43.028 best=43.000 best_err=3.169 curve=-70.000000,52.345651 -69.000000,49.759713 -68.000000,47.297440 -67.000000,44.998909 -66.000000,42.917634 -65.000000,41.108249 -64.000000,39.596213 -63.000000,38.358441 -62.000000,37.344699 -61.000000,36.504800 -60.000000,35.799641 -59.000000,35.199553 -58.000000,34.682614 -57.000000,34.231854 -56.000000,33.834693 -55.000000,33.482243 -54.000000,33.167856 -53.000000,32.887421 -52.000000,32.638582 -51.000000,32.420842 -50.000000,32.235265 -49.000000,32.084581 -48.000000,31.972967 -47.000000,31.906741 -46.000000,31.893405 -45.000000,31.942342 -44.000000,32.063386 -43.000000,32.266668 -42.000000,32.562016 -41.000000,32.959335 -40.000000,33.471764 -39.000000,34.118358 -38.000000,34.922735 -37.000000,35.896397 -36.000000,37.019956 -35.000000,38.249467 -34.000000,39.539353 -33.000000,40.855254 -32.000000,42.174074 -31.000000,43.480779 -30.000000,44.765124 -29.000000,46.020046 -28.000000,47.240587 -27.000000,48.422850 -26.000000,49.563837 -25.000000,50.661262 -24.000000,51.713266 -23.000000,52.718283 -22.000000,53.675093 -21.000000,54.582616 -20.000000,55.439793 -19.000000,56.245929 -18.000000,57.000159 -17.000000,57.702036 -16.000000,58.350781 -15.000000,58.946355 -14.000000,59.487829 -13.000000,59.975042 -12.000000,60.407705 -11.000000,60.785393 -10.000000,61.108061 -9.000000,61.375232 -8.000000,61.586732 -7.000000,61.742580 -6.000000,61.842454 -5.000000,61.886342 -4.000000,61.874112 -3.000000,61.805802 -2.000000,61.681209 -1.000000,61.500374 0.000000,61.263347 1.000000,60.970059 2.000000,60.620719 3.000000,60.215312 4.000000,59.753858 5.000000,59.236469 6.000000,58.663520 7.000000,58.034900 8.000000,57.350832 9.000000,56.611547 10.000000,55.817211 11.000000,54.968111 12.000000,54.064500 13.000000,53.106625 14.000000,52.094784 15.000000,51.029279 16.000000,49.910266 17.000000,48.738472 18.000000,47.513973 19.000000,46.237287 20.000000,44.908760 21.000000,43.528833 22.000000,42.098130 23.000000,40.616866 24.000000,39.085803 25.000000,37.505324 26.000000,35.876151 27.000000,34.198852 28.000000,32.474098 29.000000,30.702657 30.000000,28.885385 31.000000,27.023225 32.000000,25.117158 33.000000,23.168520 34.000000,21.178815 35.000000,19.150110 36.000000,17.084965 37.000000,14.987070 38.000000,12.861857 39.000000,10.718362 40.000000,8.572168 41.000000,6.453181 42.000000,4.424353 43.000000,3.169083 44.000000,4.138250 45.000000,5.708224 46.000000,7.713453 47.000000,9.970996 48.000000,12.374018 49.000000,14.871193 50.000000,17.436969 51.000000,20.057591 52.000000,22.724842 53.000000,25.433651 54.000000,28.180271 55.000000,30.962046 56.000000,33.776951 57.000000,36.623096 58.000000,39.499084 59.000000,42.403602 60.000000,45.335239 61.000000,48.292993 62.000000,51.275605 63.000000,54.282043 64.000000,57.311387 65.000000,60.362299 66.000000,63.434075 67.000000,66.525484 68.000000,69.635604 69.000000,72.763347 [0m
[Test-1] [0m[INFO] [1780635588.716882146] [test_node_cpp]: [YAW_OPT] init=-27.243 best=-28.000 best_err=6.368 curve=-70.000000,103.418481 -69.000000,100.334592 -68.000000,97.270682 -67.000000,94.227586 -66.000000,91.206356 -65.000000,88.208012 -64.000000,85.233268 -63.000000,82.283323 -62.000000,79.359022 -61.000000,76.461402 -60.000000,73.591320 -59.000000,70.749754 -58.000000,67.937654 -57.000000,65.155901 -56.000000,62.405524 -55.000000,59.687618 -54.000000,57.002863 -53.000000,54.352479 -52.000000,51.737508 -51.000000,49.158666 -50.000000,46.617305 -49.000000,44.114427 -48.000000,41.651254 -47.000000,39.228800 -46.000000,36.848448 -45.000000,34.511806 -44.000000,32.220048 -43.000000,29.975315 -42.000000,27.779248 -41.000000,25.634381 -40.000000,23.543443 -39.000000,21.510004 -38.000000,19.538156 -37.000000,17.633863 -36.000000,15.804310 -35.000000,14.059433 -34.000000,12.413127 -33.000000,10.883838 -32.000000,9.496370 -31.000000,8.282299 -30.000000,7.283474 -29.000000,6.582439 -28.000000,6.367503 -27.000000,6.638530 -26.000000,7.189366 -25.000000,7.939725 -24.000000,8.843498 -23.000000,9.841678 -22.000000,10.883278 -21.000000,11.935971 -20.000000,12.980022 -19.000000,14.002919 -18.000000,14.996798 -17.000000,15.955901 -16.000000,16.876126 -15.000000,17.754312 -14.000000,18.588266 -13.000000,19.376071 -12.000000,20.116287 -11.000000,20.807946 -10.000000,21.449873 -9.000000,22.041699 -8.000000,22.582596 -7.000000,23.072360 -6.000000,23.510581 -5.000000,23.897116 -4.000000,24.231988 -3.000000,24.515103 -2.000000,24.746785 -1.000000,24.927333 0.000000,25.057083 1.000000,25.136512 2.000000,25.166791 3.000000,25.148858 4.000000,25.084051 5.000000,24.974395 6.000000,24.822403 7.000000,24.631426 8.000000,24.406361 9.000000,24.153603 10.000000,23.882606 11.000000,23.605927 12.000000,23.339104 13.000000,23.099043 14.000000,22.898597 15.000000,22.743091 16.000000,22.630496 17.000000,22.556118 18.000000,22.515544 19.000000,22.506079 20.000000,22.526496 21.000000,22.576447 22.000000,22.655692 23.000000,22.763732 24.000000,22.899850 25.000000,23.062828 26.000000,23.251309 27.000000,23.464088 28.000000,23.699756 29.000000,23.957523 30.000000,24.236817 31.000000,24.537834 32.000000,24.861179 33.000000,25.208484 34.000000,25.581932 35.000000,25.985381 36.000000,26.423316 37.000000,26.901985 38.000000,27.429644 39.000000,28.016425 40.000000,28.675533 41.000000,29.424606 42.000000,30.288304 43.000000,31.303275 44.000000,32.516858 45.000000,33.966276 46.000000,35.646247 47.000000,37.514368 48.000000,39.525725 49.000000,41.648295 50.000000,43.860803 51.000000,46.149359 52.000000,48.504426 53.000000,50.918980 54.000000,53.387671 55.000000,55.906150 56.000000,58.471088 57.000000,61.079641 58.000000,63.729313 59.000000,66.417779 60.000000,69.143360 61.000000,71.904271 62.000000,74.698764 63.000000,77.525460 64.000000,80.382953 65.000000,83.269844 66.000000,86.185085 67.000000,89.127127 68.000000,92.095016 69.000000,95.087532 [0m
[Test-1] [0m[INFO] [1780635588.744126476] [test_node_cpp]: [YAW_OPT] init=-16.973 best=-19.000 best_err=5.983 curve=-70.000000,115.649869 -69.000000,112.580572 -68.000000,109.531321 -67.000000,106.503099 -66.000000,103.496721 -65.000000,100.513295 -64.000000,97.553627 -63.000000,94.618657 -62.000000,91.709256 -61.000000,88.826422 -60.000000,85.970969 -59.000000,83.143964 -58.000000,80.346109 -57.000000,77.578351 -56.000000,74.841582 -55.000000,72.136688 -54.000000,69.464581 -53.000000,66.826033 -52.000000,64.221838 -51.000000,61.653100 -50.000000,59.120445 -49.000000,56.624924 -48.000000,54.167179 -47.000000,51.748299 -46.000000,49.368894 -45.000000,47.030014 -44.000000,44.732501 -43.000000,42.477264 -42.000000,40.265142 -41.000000,38.097064 -40.000000,35.974048 -39.000000,33.897110 -38.000000,31.867247 -37.000000,29.885591 -36.000000,27.953389 -35.000000,26.071871 -34.000000,24.242695 -33.000000,22.467404 -32.000000,20.747831 -31.000000,19.086197 -30.000000,17.485280 -29.000000,15.948183 -28.000000,14.479043 -27.000000,13.082937 -26.000000,11.766357 -25.000000,10.538175 -24.000000,9.409599 -23.000000,8.395112 -22.000000,7.512405 -21.000000,6.783404 -20.000000,6.245198 -19.000000,5.983413 -18.000000,6.060308 -17.000000,6.354253 -16.000000,6.754479 -15.000000,7.213703 -14.000000,7.707483 -13.000000,8.219723 -12.000000,8.738369 -11.000000,9.253103 -10.000000,9.756297 -9.000000,10.241330 -8.000000,10.703966 -7.000000,11.140493 -6.000000,11.549074 -5.000000,11.928677 -4.000000,12.279258 -3.000000,12.601419 -2.000000,12.897050 -1.000000,13.168356 0.000000,13.418052 1.000000,13.649686 2.000000,13.866350 3.000000,14.071706 4.000000,14.268856 5.000000,14.460617 6.000000,14.649588 7.000000,14.838281 8.000000,15.028654 9.000000,15.222537 10.000000,15.421947 11.000000,15.628150 12.000000,15.842923 13.000000,16.067285 14.000000,16.302234 15.000000,16.548502 16.000000,16.806967 17.000000,17.077926 18.000000,17.362176 19.000000,17.659847 20.000000,17.972098 21.000000,18.299593 22.000000,18.643777 23.000000,19.006546 24.000000,19.390084 25.000000,19.797708 26.000000,20.233396 27.000000,20.702360 28.000000,21.211288 29.000000,21.768536 30.000000,22.384575 31.000000,23.073507 32.000000,23.854403 33.000000,24.754250 34.000000,25.805546 35.000000,27.033240 36.000000,28.435761 37.000000,29.988948 38.000000,31.663895 39.000000,33.438372 40.000000,35.297192 41.000000,37.229905 42.000000,39.229101 43.000000,41.289378 44.000000,43.406561 45.000000,45.577351 46.000000,47.798930 47.000000,50.069196 48.000000,52.385943 49.000000,54.747535 50.000000,57.152160 51.000000,59.598717 52.000000,62.085626 53.000000,64.611808 54.000000,67.175911 55.000000,69.776881 56.000000,72.413500 57.000000,75.084871 58.000000,77.789836 59.000000,80.527353 60.000000,83.296433 61.000000,86.096087 62.000000,88.925346 63.000000,91.783193 64.000000,94.668704 65.000000,97.580768 66.000000,100.518504 67.000000,103.481031 68.000000,106.467137 69.000000,109.476049 [0m
[Test-1] [0m[INFO] [1780635588.771931845] [test_node_cpp]: [YAW_OPT] init=-10.062 best=-13.000 best_err=4.927 curve=-70.000000,122.527688 -69.000000,119.410721 -68.000000,116.314404 -67.000000,113.239836 -66.000000,110.187819 -65.000000,107.159462 -64.000000,104.155505 -63.000000,101.177117 -62.000000,98.224916 -61.000000,95.300018 -60.000000,92.403284 -59.000000,89.535593 -58.000000,86.697925 -57.000000,83.890974 -56.000000,81.115797 -55.000000,78.373205 -54.000000,75.663964 -53.000000,72.989066 -52.000000,70.349214 -51.000000,67.745419 -50.000000,65.178394 -49.000000,62.648967 -48.000000,60.157973 -47.000000,57.706204 -46.000000,55.294508 -45.000000,52.923741 -44.000000,50.594409 -43.000000,48.307694 -42.000000,46.064112 -41.000000,43.864632 -40.000000,41.709869 -39.000000,39.600867 -38.000000,37.538217 -37.000000,35.522717 -36.000000,33.555380 -35.000000,31.636865 -34.000000,29.768252 -33.000000,27.950175 -32.000000,26.183882 -31.000000,24.470097 -30.000000,22.809956 -29.000000,21.204653 -28.000000,19.655201 -27.000000,18.163041 -26.000000,16.729704 -25.000000,15.356397 -24.000000,14.045233 -23.000000,12.798090 -22.000000,11.617296 -21.000000,10.505858 -20.000000,9.467237 -19.000000,8.506088 -18.000000,7.629227 -17.000000,6.845777 -16.000000,6.167844 -15.000000,5.608574 -14.000000,5.180947 -13.000000,4.926574 -12.000000,5.015665 -11.000000,5.325263 -10.000000,5.691651 -9.000000,6.077837 -8.000000,6.469513 -7.000000,6.858580 -6.000000,7.239984 -5.000000,7.610829 -4.000000,7.969338 -3.000000,8.315042 -2.000000,8.647940 -1.000000,8.968876 0.000000,9.279005 1.000000,9.579738 2.000000,9.872788 3.000000,10.159577 4.000000,10.442083 5.000000,10.721823 6.000000,11.000316 7.000000,11.279246 8.000000,11.560145 9.000000,11.844236 10.000000,12.132846 11.000000,12.427128 12.000000,12.728343 13.000000,13.037493 14.000000,13.355942 15.000000,13.684952 16.000000,14.026232 17.000000,14.381596 18.000000,14.753619 19.000000,15.145443 20.000000,15.560767 21.000000,16.004282 22.000000,16.481683 23.000000,16.998960 24.000000,17.563344 25.000000,18.183822 26.000000,18.877854 27.000000,19.705362 28.000000,20.802475 29.000000,22.131908 30.000000,23.582146 31.000000,25.117046 32.000000,26.724345 33.000000,28.397776 34.000000,30.133300 35.000000,31.927997 36.000000,33.779228 37.000000,35.684940 38.000000,37.643403 39.000000,39.653224 40.000000,41.712737 41.000000,43.820759 42.000000,45.976344 43.000000,48.178030 44.000000,50.425082 45.000000,52.716338 46.000000,55.050805 47.000000,57.427672 48.000000,59.845899 49.000000,62.304701 50.000000,64.803051 51.000000,67.340113 52.000000,69.915011 53.000000,72.526876 54.000000,75.174826 55.000000,77.857818 56.000000,80.575150 57.000000,83.325862 58.000000,86.109097 59.000000,88.923841 60.000000,91.769300 61.000000,94.644519 62.000000,97.548626 63.000000,100.480652 64.000000,103.439608 65.000000,106.424658 66.000000,109.434863 67.000000,112.469226 68.000000,115.526879 69.000000,118.606752 [0m
[Test-1] [0m[INFO] [1780635588.800660716] [test_node_cpp]: [YAW_OPT] init=-6.003 best=-9.000 best_err=4.229 curve=-70.000000,125.464345 -69.000000,122.304997 -68.000000,119.166996 -67.000000,116.051378 -66.000000,112.959128 -65.000000,109.891167 -64.000000,106.848536 -63.000000,103.831854 -62.000000,100.842466 -61.000000,97.880997 -60.000000,94.948488 -59.000000,92.045868 -58.000000,89.173936 -57.000000,86.333621 -56.000000,83.525733 -55.000000,80.751319 -54.000000,78.011010 -53.000000,75.305856 -52.000000,72.636614 -51.000000,70.004098 -50.000000,67.409133 -49.000000,64.852713 -48.000000,62.335366 -47.000000,59.858163 -46.000000,57.421570 -45.000000,55.026733 -44.000000,52.674257 -43.000000,50.364870 -42.000000,48.099432 -41.000000,45.878750 -40.000000,43.703465 -39.000000,41.574353 -38.000000,39.492301 -37.000000,37.457952 -36.000000,35.472130 -35.000000,33.535546 -34.000000,31.649137 -33.000000,29.813640 -32.000000,28.029864 -31.000000,26.298735 -30.000000,24.621053 -29.000000,22.997765 -28.000000,21.430008 -27.000000,19.918671 -26.000000,18.464890 -25.000000,17.069870 -24.000000,15.734744 -23.000000,14.460938 -22.000000,13.249747 -21.000000,12.102436 -20.000000,11.020347 -19.000000,10.004821 -18.000000,9.056817 -17.000000,8.177495 -16.000000,7.368083 -15.000000,6.630308 -14.000000,5.967933 -13.000000,5.388576 -12.000000,4.907521 -11.000000,4.547051 -10.000000,4.321106 -9.000000,4.229322 -8.000000,4.300635 -7.000000,4.547546 -6.000000,4.874911 -5.000000,5.221058 -4.000000,5.566602 -3.000000,5.904552 -2.000000,6.232654 -1.000000,6.550841 0.000000,6.859687 1.000000,7.160656 2.000000,7.455345 3.000000,7.745636 4.000000,8.033249 5.000000,8.319914 6.000000,8.607632 7.000000,8.897591 8.000000,9.191718 9.000000,9.491279 10.000000,9.797627 11.000000,10.112282 12.000000,10.436919 13.000000,10.773484 14.000000,11.124397 15.000000,11.492775 16.000000,11.882632 17.000000,12.299091 18.000000,12.748508 19.000000,13.237736 20.000000,13.774782 21.000000,14.371052 22.000000,15.095861 23.000000,16.146484 24.000000,17.351581 25.000000,18.640742 26.000000,20.003215 27.000000,21.433897 28.000000,22.929091 29.000000,24.486129 30.000000,26.102520 31.000000,27.776406 32.000000,29.506227 33.000000,31.290536 34.000000,33.127990 35.000000,35.017581 36.000000,36.958132 37.000000,38.948829 38.000000,40.988582 39.000000,43.076617 40.000000,45.212035 41.000000,47.394089 42.000000,49.621715 43.000000,51.894311 44.000000,54.211042 45.000000,56.571023 46.000000,58.973411 47.000000,61.417460 48.000000,63.902387 49.000000,66.427315 50.000000,68.991321 51.000000,71.593796 52.000000,74.233733 53.000000,76.910357 54.000000,79.622714 55.000000,82.370099 56.000000,85.151444 57.000000,87.966185 58.000000,90.813056 59.000000,93.691503 60.000000,96.600395 61.000000,99.538936 62.000000,102.506174 63.000000,105.501192 64.000000,108.523053 65.000000,111.570828 66.000000,114.643590 67.000000,117.740350 68.000000,120.860314 69.000000,124.002303 [0m
[Test-1] [0m[INFO] [1780635588.828105497] [test_node_cpp]: [YAW_OPT] init=0.924 best=-3.000 best_err=3.097 curve=-70.000000,126.321466 -69.000000,123.144948 -68.000000,119.990353 -67.000000,116.858719 -66.000000,113.750963 -65.000000,110.668003 -64.000000,107.610758 -63.000000,104.580208 -62.000000,101.577395 -61.000000,98.603053 -60.000000,95.658226 -59.000000,92.743711 -58.000000,89.860429 -57.000000,87.009304 -56.000000,84.191258 -55.000000,81.407032 -54.000000,78.657488 -53.000000,75.943676 -52.000000,73.266094 -51.000000,70.625859 -50.000000,68.023714 -49.000000,65.460413 -48.000000,62.936886 -47.000000,60.453712 -46.000000,58.011894 -45.000000,55.611946 -44.000000,53.254885 -43.000000,50.941426 -42.000000,48.672155 -41.000000,46.448054 -40.000000,44.269682 -39.000000,42.137838 -38.000000,40.053280 -37.000000,38.016692 -36.000000,36.028907 -35.000000,34.090652 -34.000000,32.202580 -33.000000,30.365727 -32.000000,28.580857 -31.000000,26.848787 -30.000000,25.170372 -29.000000,23.546917 -28.000000,21.979299 -27.000000,20.468921 -26.000000,19.017312 -25.000000,17.626189 -24.000000,16.297536 -23.000000,15.034000 -22.000000,13.838208 -21.000000,12.713670 -20.000000,11.663554 -19.000000,10.691100 -18.000000,9.797960 -17.000000,8.983769 -16.000000,8.245241 -15.000000,7.576507 -14.000000,6.970446 -13.000000,6.419402 -12.000000,5.916202 -11.000000,5.454483 -10.000000,5.029338 -9.000000,4.637549 -8.000000,4.277519 -7.000000,3.949600 -6.000000,3.657265 -5.000000,3.407390 -4.000000,3.212675 -3.000000,3.096741 -2.000000,3.112056 -1.000000,3.253632 0.000000,3.439872 1.000000,3.641863 2.000000,3.853838 3.000000,4.076414 4.000000,4.311845 5.000000,4.562950 6.000000,4.831935 7.000000,5.121195 8.000000,5.433531 9.000000,5.771516 10.000000,6.138745 11.000000,6.538889 12.000000,6.975329 13.000000,7.452007 14.000000,7.973432 15.000000,8.557767 16.000000,9.286191 17.000000,10.175862 18.000000,11.154383 19.000000,12.202708 20.000000,13.315921 21.000000,14.491563 22.000000,15.727915 23.000000,17.023812 24.000000,18.377932 25.000000,19.789524 26.000000,21.257534 27.000000,22.781208 28.000000,24.359782 29.000000,25.992357 30.000000,27.678489 31.000000,29.417150 32.000000,31.207788 33.000000,33.049813 34.000000,34.942379 35.000000,36.884827 36.000000,38.876584 37.000000,40.916756 38.000000,43.004920 39.000000,45.140060 40.000000,47.321676 41.000000,49.549072 42.000000,51.821308 43.000000,54.137853 44.000000,56.497976 45.000000,58.900815 46.000000,61.345648 47.000000,63.831728 48.000000,66.358112 49.000000,68.924167 50.000000,71.529071 51.000000,74.172014 52.000000,76.852142 53.000000,79.568685 54.000000,82.320722 55.000000,85.107435 56.000000,87.927983 57.000000,90.781412 58.000000,93.666809 59.000000,96.583547 60.000000,99.530469 61.000000,102.506822 62.000000,105.511447 63.000000,108.543722 64.000000,111.602606 65.000000,114.687052 66.000000,117.796203 67.000000,120.929128 68.000000,124.084864 69.000000,127.262348 [0m
[Test-1] [0m[INFO] [1780635588.855705422] [test_node_cpp]: [YAW_OPT] init=3.840 best=5.000 best_err=2.874 curve=-70.000000,123.741719 -69.000000,120.596856 -68.000000,117.474104 -67.000000,114.374557 -66.000000,111.298947 -65.000000,108.248260 -64.000000,105.223525 -63.000000,102.225664 -62.000000,99.255591 -61.000000,96.314171 -60.000000,93.402190 -59.000000,90.520808 -58.000000,87.670643 -57.000000,84.852738 -56.000000,82.067878 -55.000000,79.316873 -54.000000,76.600695 -53.000000,73.920080 -52.000000,71.275892 -51.000000,68.668924 -50.000000,66.099915 -49.000000,63.569791 -48.000000,61.079161 -47.000000,58.628838 -46.000000,56.219741 -45.000000,53.852485 -44.000000,51.527707 -43.000000,49.246200 -42.000000,47.008857 -41.000000,44.816107 -40.000000,42.668767 -39.000000,40.567545 -38.000000,38.513030 -37.000000,36.506001 -36.000000,34.547098 -35.000000,32.636788 -34.000000,30.776074 -33.000000,28.965419 -32.000000,27.205606 -31.000000,25.497279 -30.000000,23.841432 -29.000000,22.238982 -28.000000,20.690976 -27.000000,19.199316 -26.000000,17.766162 -25.000000,16.395703 -24.000000,15.095550 -23.000000,13.880734 -22.000000,12.777131 -21.000000,11.806054 -20.000000,10.951780 -19.000000,10.180649 -18.000000,9.476112 -17.000000,8.847157 -16.000000,8.326528 -15.000000,7.908700 -14.000000,7.542562 -13.000000,7.198322 -12.000000,6.865460 -11.000000,6.540355 -10.000000,6.221733 -9.000000,5.909283 -8.000000,5.603378 -7.000000,5.304548 -6.000000,5.013689 -5.000000,4.731861 -4.000000,4.459934 -3.000000,4.199094 -2.000000,3.950531 -1.000000,3.715365 0.000000,3.495834 1.000000,3.295173 2.000000,3.120058 3.000000,2.980533 4.000000,2.892370 5.000000,2.873856 6.000000,2.941174 7.000000,3.102090 8.000000,3.355403 9.000000,3.696050 10.000000,4.119273 11.000000,4.622218 12.000000,5.203702 13.000000,5.863003 14.000000,6.599332 15.000000,7.410870 16.000000,8.295288 17.000000,9.249559 18.000000,10.270966 19.000000,11.356873 20.000000,12.505200 21.000000,13.714178 22.000000,14.982198 23.000000,16.308084 24.000000,17.690672 25.000000,19.129186 26.000000,20.622533 27.000000,22.170070 28.000000,23.771113 29.000000,25.424733 30.000000,27.130488 31.000000,28.887577 32.000000,30.695453 33.000000,32.553355 34.000000,34.460650 35.000000,36.416902 36.000000,38.421205 37.000000,40.472958 38.000000,42.571576 39.000000,44.716344 40.000000,46.906505 41.000000,49.141600 42.000000,51.420644 43.000000,53.743051 44.000000,56.108146 45.000000,58.515050 46.000000,60.963145 47.000000,63.451687 48.000000,65.979866 49.000000,68.546827 50.000000,71.151887 51.000000,73.794305 52.000000,76.473031 53.000000,79.187466 54.000000,81.936738 55.000000,84.719866 56.000000,87.536179 57.000000,90.384752 58.000000,93.264614 59.000000,96.175021 60.000000,99.114997 61.000000,102.083811 62.000000,105.080295 63.000000,108.103653 64.000000,111.153096 65.000000,114.227518 66.000000,117.325947 67.000000,120.447642 68.000000,123.591451 69.000000,126.756573 [0m
[Test-1] [0m[INFO] [1780635588.883063562] [test_node_cpp]: [YAW_OPT] init=10.382 best=12.000 best_err=1.613 curve=-70.000000,117.203931 -69.000000,114.122569 -68.000000,111.063487 -67.000000,108.027364 -66.000000,105.015359 -65.000000,102.028219 -64.000000,99.066918 -63.000000,96.132312 -62.000000,93.225517 -61.000000,90.347264 -60.000000,87.498300 -59.000000,84.679849 -58.000000,81.892481 -57.000000,79.137226 -56.000000,76.414787 -55.000000,73.726145 -54.000000,71.072101 -53.000000,68.453425 -52.000000,65.871036 -51.000000,63.325758 -50.000000,60.818042 -49.000000,58.349266 -48.000000,55.919765 -47.000000,53.530507 -46.000000,51.182213 -45.000000,48.875776 -44.000000,46.611792 -43.000000,44.391098 -42.000000,42.214522 -41.000000,40.082908 -40.000000,37.996989 -39.000000,35.957711 -38.000000,33.965924 -37.000000,32.022622 -36.000000,30.129095 -35.000000,28.286682 -34.000000,26.497382 -33.000000,24.763858 -32.000000,23.090537 -31.000000,21.485779 -30.000000,19.967959 -29.000000,18.579059 -28.000000,17.385113 -27.000000,16.390367 -26.000000,15.534292 -25.000000,14.786161 -24.000000,14.141529 -23.000000,13.593156 -22.000000,13.120355 -21.000000,12.698377 -20.000000,12.307952 -19.000000,11.937452 -18.000000,11.579785 -17.000000,11.230915 -16.000000,10.888449 -15.000000,10.551114 -14.000000,10.218033 -13.000000,9.889102 -12.000000,9.564186 -11.000000,9.243449 -10.000000,8.927335 -9.000000,8.616227 -8.000000,8.310411 -7.000000,8.010390 -6.000000,7.716181 -5.000000,7.427401 -4.000000,7.143109 -3.000000,6.861488 -2.000000,6.580094 -1.000000,6.295087 0.000000,6.002646 1.000000,5.698293 2.000000,5.377647 3.000000,5.036796 4.000000,4.672856 5.000000,4.284146 6.000000,3.870774 7.000000,3.435068 8.000000,2.981951 9.000000,2.519068 10.000000,2.056943 11.000000,1.615273 12.000000,1.612721 13.000000,2.281899 14.000000,3.052620 15.000000,3.897784 16.000000,4.811754 17.000000,5.791400 18.000000,6.833959 19.000000,7.937451 20.000000,9.100092 21.000000,10.320471 22.000000,11.597423 23.000000,12.929766 24.000000,14.316816 25.000000,15.757663 26.000000,17.251516 27.000000,18.797800 28.000000,20.395958 29.000000,22.045117 30.000000,23.744855 31.000000,25.494488 32.000000,27.293376 33.000000,29.141051 34.000000,31.036776 35.000000,32.980039 36.000000,34.970068 37.000000,37.006348 38.000000,39.088254 39.000000,41.215087 40.000000,43.386226 41.000000,45.600926 42.000000,47.858564 43.000000,50.158465 44.000000,52.499947 45.000000,54.882150 46.000000,57.304454 47.000000,59.766011 48.000000,62.266194 49.000000,64.804338 50.000000,67.379397 51.000000,69.990703 52.000000,72.637580 53.000000,75.319048 54.000000,78.034378 55.000000,80.782712 56.000000,83.563133 57.000000,86.374972 58.000000,89.217368 59.000000,92.089290 60.000000,94.989944 61.000000,97.918408 62.000000,100.873958 63.000000,103.855426 64.000000,106.862148 65.000000,109.893080 66.000000,112.947312 67.000000,116.023928 68.000000,119.122008 69.000000,122.240523 [0m
[Test-1] [0m[INFO] [1780635588.911099850] [test_node_cpp]: [YAW_OPT] init=18.951 best=19.000 best_err=1.330 curve=-70.000000,107.549524 -69.000000,104.490493 -68.000000,101.453879 -67.000000,98.440664 -66.000000,95.451718 -65.000000,92.487909 -64.000000,89.550419 -63.000000,86.639812 -62.000000,83.757143 -61.000000,80.903424 -60.000000,78.079393 -59.000000,75.286016 -58.000000,72.524249 -57.000000,69.794790 -56.000000,67.098735 -55.000000,64.436875 -54.000000,61.810073 -53.000000,59.219218 -52.000000,56.665212 -51.000000,54.148953 -50.000000,51.671473 -49.000000,49.233648 -48.000000,46.836485 -47.000000,44.480998 -46.000000,42.168645 -45.000000,39.900379 -44.000000,37.678263 -43.000000,35.504118 -42.000000,33.381092 -41.000000,31.313702 -40.000000,29.310188 -39.000000,27.388025 -38.000000,25.590201 -37.000000,24.013421 -36.000000,22.731121 -35.000000,21.668137 -34.000000,20.755384 -33.000000,19.980688 -32.000000,19.338928 -31.000000,18.806643 -30.000000,18.350415 -29.000000,17.942317 -28.000000,17.563852 -27.000000,17.204124 -26.000000,16.856804 -25.000000,16.517875 -24.000000,16.185126 -23.000000,15.857290 -22.000000,15.533826 -21.000000,15.214682 -20.000000,14.900142 -19.000000,14.591225 -18.000000,14.289206 -17.000000,13.996410 -16.000000,13.715831 -15.000000,13.451809 -14.000000,13.210020 -13.000000,12.996886 -12.000000,12.818891 -11.000000,12.680201 -10.000000,12.580962 -9.000000,12.518548 -8.000000,12.490658 -7.000000,12.495006 -6.000000,12.525179 -5.000000,12.566884 -4.000000,12.601964 -3.000000,12.614284 -2.000000,12.592495 -1.000000,12.529051 0.000000,12.419401 1.000000,12.260349 2.000000,12.049900 3.000000,11.786898 4.000000,11.470391 5.000000,11.099687 6.000000,10.674411 7.000000,10.194618 8.000000,9.660180 9.000000,9.071148 10.000000,8.428064 11.000000,7.731292 12.000000,6.981895 13.000000,6.181592 14.000000,5.333654 15.000000,4.444482 16.000000,3.529720 17.000000,2.632533 18.000000,1.863745 19.000000,1.329640 20.000000,1.423114 21.000000,2.565611 22.000000,3.829596 23.000000,5.162305 24.000000,6.554847 25.000000,8.003702 26.000000,9.506541 27.000000,11.062088 28.000000,12.669351 29.000000,14.327626 30.000000,16.036068 31.000000,17.794050 32.000000,19.600910 33.000000,21.456085 34.000000,23.358842 35.000000,25.308593 36.000000,27.304755 37.000000,29.346757 38.000000,31.433904 39.000000,33.565455 40.000000,35.740780 41.000000,37.959390 42.000000,40.220478 43.000000,42.523248 44.000000,44.867147 45.000000,47.251377 46.000000,49.675198 47.000000,52.138006 48.000000,54.638940 49.000000,57.177328 50.000000,59.752190 51.000000,62.362923 52.000000,65.008723 53.000000,67.688680 54.000000,70.402120 55.000000,73.148192 56.000000,75.925917 57.000000,78.734562 58.000000,81.573275 59.000000,84.441262 60.000000,87.337363 61.000000,90.261153 62.000000,93.211225 63.000000,96.187096 64.000000,99.187725 65.000000,102.212015 66.000000,105.259357 67.000000,108.328591 68.000000,111.418862 69.000000,114.529318 [0m
[Test-1] [0m[INFO] [1780635588.939572556] [test_node_cpp]: [YAW_OPT] init=25.970 best=26.000 best_err=1.799 curve=-70.000000,95.348858 -69.000000,92.347223 -68.000000,89.368232 -67.000000,86.413001 -66.000000,83.482313 -65.000000,80.577206 -64.000000,77.698703 -63.000000,74.847748 -62.000000,72.025200 -61.000000,69.232348 -60.000000,66.469982 -59.000000,63.739245 -58.000000,61.041235 -57.000000,58.377203 -56.000000,55.748172 -55.000000,53.155599 -54.000000,50.601081 -53.000000,48.086204 -52.000000,45.613032 -51.000000,43.184331 -50.000000,40.803402 -49.000000,38.475365 -48.000000,36.207954 -47.000000,34.014788 -46.000000,31.922616 -45.000000,29.990556 -44.000000,28.329043 -43.000000,27.008558 -42.000000,25.958857 -41.000000,25.102205 -40.000000,24.398593 -39.000000,23.815090 -38.000000,23.319600 -37.000000,22.885144 -36.000000,22.492154 -35.000000,22.127448 -34.000000,21.782563 -33.000000,21.451990 -32.000000,21.132581 -31.000000,20.822255 -30.000000,20.519935 -29.000000,20.225480 -28.000000,19.939453 -27.000000,19.663375 -26.000000,19.399331 -25.000000,19.150801 -24.000000,18.922748 -23.000000,18.721871 -22.000000,18.556572 -21.000000,18.436238 -20.000000,18.369240 -19.000000,18.359434 -18.000000,18.405805 -17.000000,18.504565 -16.000000,18.655128 -15.000000,18.865327 -14.000000,19.146400 -13.000000,19.495350 -12.000000,19.884995 -11.000000,20.282349 -10.000000,20.663095 -9.000000,21.012844 -8.000000,21.323077 -7.000000,21.588542 -6.000000,21.806073 -5.000000,21.973367 -4.000000,22.088903 -3.000000,22.151812 -2.000000,22.161181 -1.000000,22.116506 0.000000,22.017231 1.000000,21.863232 2.000000,21.654148 3.000000,21.389902 4.000000,21.070369 5.000000,20.695472 6.000000,20.265378 7.000000,19.779998 8.000000,19.239375 9.000000,18.643794 10.000000,17.993287 11.000000,17.288046 12.000000,16.528467 13.000000,15.714579 14.000000,14.846887 15.000000,13.925869 16.000000,12.951873 17.000000,11.925541 18.000000,10.847891 19.000000,9.720129 20.000000,8.544207 21.000000,7.323582 22.000000,6.065616 23.000000,4.788519 24.000000,3.553754 25.000000,2.525172 26.000000,1.798582 27.000000,1.994955 28.000000,3.241299 29.000000,4.805716 30.000000,6.462672 31.000000,8.184084 32.000000,9.961519 33.000000,11.790915 34.000000,13.669932 35.000000,15.596932 36.000000,17.570685 37.000000,19.590431 38.000000,21.655115 39.000000,23.764003 40.000000,25.916109 41.000000,28.110972 42.000000,30.347781 43.000000,32.625816 44.000000,34.944176 45.000000,37.302280 46.000000,39.699367 47.000000,42.134563 48.000000,44.607300 49.000000,47.116712 50.000000,49.661991 51.000000,52.242336 52.000000,54.857068 53.000000,57.505387 54.000000,60.186250 55.000000,62.899225 56.000000,65.643149 57.000000,68.417164 58.000000,71.220841 59.000000,74.052896 60.000000,76.912655 61.000000,79.799140 62.000000,82.711557 63.000000,85.648989 64.000000,88.610521 65.000000,91.595296 66.000000,94.602399 67.000000,97.630914 68.000000,100.679863 69.000000,103.748394 [0m
[Test-1] [0m[INFO] [1780635588.967918459] [test_node_cpp]: [YAW_OPT] init=31.687 best=32.000 best_err=2.693 curve=-70.000000,81.639852 -69.000000,78.762622 -68.000000,75.908226 -67.000000,73.078059 -66.000000,70.273066 -65.000000,67.494301 -64.000000,64.743195 -63.000000,62.020966 -62.000000,59.329014 -61.000000,56.668787 -60.000000,54.042273 -59.000000,51.451197 -58.000000,48.898392 -57.000000,46.386925 -56.000000,43.920948 -55.000000,41.506740 -54.000000,39.153866 -53.000000,36.879928 -52.000000,34.722998 -51.000000,32.781033 -50.000000,31.221999 -49.000000,30.039933 -48.000000,29.087562 -47.000000,28.293477 -46.000000,27.627452 -45.000000,27.064868 -44.000000,26.582078 -43.000000,26.158139 -42.000000,25.777117 -41.000000,25.427250 -40.000000,25.100611 -39.000000,24.791581 -38.000000,24.496781 -37.000000,24.214101 -36.000000,23.942332 -35.000000,23.681550 -34.000000,23.432115 -33.000000,23.195756 -32.000000,22.974765 -31.000000,22.772860 -30.000000,22.594958 -29.000000,22.446978 -28.000000,22.337066 -27.000000,22.273280 -26.000000,22.263480 -25.000000,22.313833 -24.000000,22.428908 -23.000000,22.615547 -22.000000,22.891204 -21.000000,23.290206 -20.000000,23.831054 -19.000000,24.473832 -18.000000,25.157974 -17.000000,25.843673 -16.000000,26.509794 -15.000000,27.144835 -14.000000,27.742278 -13.000000,28.297630 -12.000000,28.808327 -11.000000,29.271991 -10.000000,29.687291 -9.000000,30.052986 -8.000000,30.368200 -7.000000,30.632452 -6.000000,30.844867 -5.000000,31.005096 -4.000000,31.112762 -3.000000,31.167643 -2.000000,31.169472 -1.000000,31.118027 0.000000,31.013275 1.000000,30.855018 2.000000,30.643190 3.000000,30.377877 4.000000,30.059058 5.000000,29.686745 6.000000,29.260961 7.000000,28.781798 8.000000,28.249476 9.000000,27.664082 10.000000,27.025702 11.000000,26.334639 12.000000,25.591174 13.000000,24.795556 14.000000,23.947995 15.000000,23.048791 16.000000,22.098433 17.000000,21.097269 18.000000,20.045956 19.000000,18.944709 20.000000,17.794550 21.000000,16.596121 22.000000,15.350425 23.000000,14.059043 24.000000,12.723597 25.000000,11.346752 26.000000,9.932679 27.000000,8.488080 28.000000,7.025104 29.000000,5.567894 30.000000,4.176801 31.000000,3.159248 32.000000,2.693149 33.000000,3.069512 34.000000,4.457679 35.000000,6.130222 36.000000,7.936648 37.000000,9.826922 38.000000,11.781276 39.000000,13.790716 40.000000,15.849624 41.000000,17.954924 42.000000,20.104279 43.000000,22.295958 44.000000,24.528484 45.000000,26.800792 46.000000,29.111716 47.000000,31.460371 48.000000,33.845684 49.000000,36.266891 50.000000,38.723007 51.000000,41.213383 52.000000,43.736961 53.000000,46.292943 54.000000,48.880670 55.000000,51.499172 56.000000,54.147631 57.000000,56.825152 58.000000,59.530983 59.000000,62.264305 60.000000,65.024124 61.000000,67.809752 62.000000,70.620137 63.000000,73.454596 64.000000,76.312205 65.000000,79.191976 66.000000,82.093169 67.000000,85.014802 68.000000,87.956015 69.000000,90.915883 [0m
[Test-1] [0m[INFO] [1780635588.996000340] [test_node_cpp]: [YAW_OPT] init=-44.965 best=-45.000 best_err=2.809 curve=-70.000000,70.336290 -69.000000,67.222231 -68.000000,64.125578 -67.000000,61.047156 -66.000000,57.987974 -65.000000,54.949059 -64.000000,51.931436 -63.000000,48.936090 -62.000000,45.963897 -61.000000,43.015880 -60.000000,40.093263 -59.000000,37.196837 -58.000000,34.327980 -57.000000,31.487716 -56.000000,28.677206 -55.000000,25.898241 -54.000000,23.152118 -53.000000,20.441092 -52.000000,17.768015 -51.000000,15.136898 -50.000000,12.554391 -49.000000,10.032713 -48.000000,7.598538 -47.000000,5.321856 -46.000000,3.413547 -45.000000,2.808677 -44.000000,3.848869 -43.000000,5.893034 -42.000000,8.060718 -41.000000,10.261823 -40.000000,12.459355 -39.000000,14.636385 -38.000000,16.784067 -37.000000,18.897549 -36.000000,20.973387 -35.000000,23.009587 -34.000000,25.004161 -33.000000,26.956121 -32.000000,28.864097 -31.000000,30.727303 -30.000000,32.544939 -29.000000,34.316221 -28.000000,36.040455 -27.000000,37.716937 -26.000000,39.345092 -25.000000,40.924502 -24.000000,42.454394 -23.000000,43.934532 -22.000000,45.364107 -21.000000,46.742895 -20.000000,48.070401 -19.000000,49.346209 -18.000000,50.569891 -17.000000,51.741074 -16.000000,52.859362 -15.000000,53.924562 -14.000000,54.936219 -13.000000,55.893970 -12.000000,56.797700 -11.000000,57.647056 -10.000000,58.441739 -9.000000,59.181603 -8.000000,59.866414 -7.000000,60.496007 -6.000000,61.070138 -5.000000,61.588637 -4.000000,62.051487 -3.000000,62.458466 -2.000000,62.809507 -1.000000,63.104564 0.000000,63.343535 1.000000,63.526418 2.000000,63.653100 3.000000,63.723775 4.000000,63.738292 5.000000,63.696729 6.000000,63.599183 7.000000,63.445785 8.000000,63.236655 9.000000,62.971914 10.000000,62.651628 11.000000,62.276042 12.000000,61.845421 13.000000,61.360149 14.000000,60.820291 15.000000,60.226273 16.000000,59.578403 17.000000,58.877238 18.000000,58.123113 19.000000,57.316592 20.000000,56.458251 21.000000,55.548820 22.000000,54.588956 23.000000,53.579660 24.000000,52.521866 25.000000,51.416884 26.000000,50.265971 27.000000,49.071155 28.000000,47.834418 29.000000,46.558650 30.000000,45.247308 31.000000,43.905368 32.000000,42.539702 33.000000,41.160122 34.000000,39.781638 35.000000,38.428322 36.000000,37.138069 37.000000,35.965736 38.000000,34.968269 39.000000,34.170053 40.000000,33.552771 41.000000,33.085101 42.000000,32.742994 43.000000,32.509256 44.000000,32.368810 45.000000,32.307163 46.000000,32.310663 47.000000,32.367234 48.000000,32.466576 49.000000,32.600917 50.000000,32.764715 51.000000,32.953883 52.000000,33.165924 53.000000,33.400106 54.000000,33.656728 55.000000,33.937808 56.000000,34.246792 57.000000,34.589451 58.000000,34.973723 59.000000,35.411118 60.000000,35.917084 61.000000,36.512050 62.000000,37.222396 63.000000,38.082143 64.000000,39.137786 65.000000,40.454699 66.000000,42.105341 67.000000,44.109700 68.000000,46.403366 69.000000,48.898401 [0m
[Test-1] [0m[INFO] [1780635588.998264025] [test_node_cpp]: [YAW_OPT] init=39.630 best=40.000 best_err=3.771 curve=-70.000000,64.710931 -69.000000,61.906607 -68.000000,59.131391 -67.000000,56.387971 -66.000000,53.679756 -65.000000,51.010964 -64.000000,48.387473 -63.000000,45.817280 -62.000000,43.312958 -61.000000,40.896047 -60.000000,38.612661 -59.000000,36.585310 -58.000000,35.036119 -57.000000,33.931265 -56.000000,33.072491 -55.000000,32.372458 -54.000000,31.791487 -53.000000,31.301139 -52.000000,30.878516 -51.000000,30.506168 -50.000000,30.170868 -49.000000,29.863495 -48.000000,29.577860 -47.000000,29.309603 -46.000000,29.056125 -45.000000,28.816244 -44.000000,28.589318 -43.000000,28.376022 -42.000000,28.177936 -41.000000,27.997791 -40.000000,27.839317 -39.000000,27.707932 -38.000000,27.610469 -37.000000,27.555726 -36.000000,27.553452 -35.000000,27.613488 -34.000000,27.744266 -33.000000,27.951270 -32.000000,28.239120 -31.000000,28.618866 -30.000000,29.124103 -29.000000,29.815782 -28.000000,30.708312 -27.000000,31.723852 -26.000000,32.784194 -25.000000,33.848052 -24.000000,34.894945 -23.000000,35.913805 -22.000000,36.898263 -21.000000,37.844038 -20.000000,38.747930 -19.000000,39.607986 -18.000000,40.422333 -17.000000,41.189891 -16.000000,41.909328 -15.000000,42.579893 -14.000000,43.200722 -13.000000,43.771360 -12.000000,44.291266 -11.000000,44.759993 -10.000000,45.176856 -9.000000,45.541979 -8.000000,45.854784 -7.000000,46.115117 -6.000000,46.322625 -5.000000,46.477424 -4.000000,46.579130 -3.000000,46.627767 -2.000000,46.622987 -1.000000,46.565073 0.000000,46.453812 1.000000,46.289313 2.000000,46.071385 3.000000,45.800079 4.000000,45.475645 5.000000,45.097965 6.000000,44.667260 7.000000,44.183581 8.000000,43.647007 9.000000,43.057878 10.000000,42.416153 11.000000,41.722112 12.000000,40.976040 13.000000,40.178039 14.000000,39.328462 15.000000,38.427518 16.000000,37.475629 17.000000,36.472996 18.000000,35.420103 19.000000,34.317179 20.000000,33.164798 21.000000,31.963184 22.000000,30.713051 23.000000,29.414741 24.000000,28.068958 25.000000,26.676287 26.000000,25.237454 27.000000,23.753293 28.000000,22.224799 29.000000,20.653143 30.000000,19.039800 31.000000,17.386602 32.000000,15.696024 33.000000,13.971710 34.000000,12.218916 35.000000,10.446281 36.000000,8.668136 37.000000,6.912374 38.000000,5.266852 39.000000,4.265350 40.000000,3.771158 41.000000,4.271197 42.000000,5.702735 43.000000,7.500388 44.000000,9.504852 45.000000,11.629607 46.000000,13.835664 47.000000,16.104040 48.000000,18.424486 49.000000,20.790767 50.000000,23.199055 51.000000,25.646091 52.000000,28.129947 53.000000,30.648706 54.000000,33.201070 55.000000,35.785541 56.000000,38.400925 57.000000,41.046241 58.000000,43.720263 59.000000,46.422201 60.000000,49.150789 61.000000,51.905312 62.000000,54.684854 63.000000,57.488252 64.000000,60.314814 65.000000,63.163510 66.000000,66.033377 67.000000,68.923514 68.000000,71.833094 69.000000,74.761110 [0m
[Test-1] [0m[INFO] [1780635589.029016537] [test_node_cpp]: [YAW_OPT] init=-38.125 best=-38.000 best_err=2.776 curve=-70.000000,87.210263 -69.000000,84.049526 -68.000000,80.906609 -67.000000,77.782318 -66.000000,74.677778 -65.000000,71.593924 -64.000000,68.531635 -63.000000,65.491975 -62.000000,62.475902 -61.000000,59.484371 -60.000000,56.518224 -59.000000,53.578558 -58.000000,50.666425 -57.000000,47.782577 -56.000000,44.928169 -55.000000,42.104066 -54.000000,39.311408 -53.000000,36.551217 -52.000000,33.824742 -51.000000,31.133020 -50.000000,28.477343 -49.000000,25.859411 -48.000000,23.280674 -47.000000,20.743582 -46.000000,18.250812 -45.000000,15.806352 -44.000000,13.416169 -43.000000,11.090440 -42.000000,8.847116 -41.000000,6.722697 -40.000000,4.795724 -39.000000,3.225005 -38.000000,2.775847 -37.000000,4.231483 -36.000000,6.013433 -35.000000,7.891994 -34.000000,9.797606 -33.000000,11.697253 -32.000000,13.574599 -31.000000,15.420159 -30.000000,17.228568 -29.000000,18.996008 -28.000000,20.720224 -27.000000,22.399179 -26.000000,24.031601 -25.000000,25.616063 -24.000000,27.151953 -23.000000,28.638242 -22.000000,30.074345 -21.000000,31.459396 -20.000000,32.793070 -19.000000,34.074723 -18.000000,35.303904 -17.000000,36.480076 -16.000000,37.603016 -15.000000,38.672170 -14.000000,39.687241 -13.000000,40.647839 -12.000000,41.553821 -11.000000,42.404823 -10.000000,43.200413 -9.000000,43.940594 -8.000000,44.625059 -7.000000,45.253526 -6.000000,45.826065 -5.000000,46.342323 -4.000000,46.802239 -3.000000,47.205637 -2.000000,47.552632 -1.000000,47.842947 0.000000,48.076768 1.000000,48.253849 2.000000,48.374309 3.000000,48.438368 4.000000,48.445796 5.000000,48.396916 6.000000,48.291812 7.000000,48.130607 8.000000,47.913427 9.000000,47.640855 10.000000,47.312821 11.000000,46.929738 12.000000,46.492123 13.000000,46.000428 14.000000,45.455147 15.000000,44.856735 16.000000,44.206304 17.000000,43.504497 18.000000,42.752321 19.000000,41.951245 20.000000,41.102613 21.000000,40.208449 22.000000,39.271334 23.000000,38.294514 24.000000,37.282181 25.000000,36.240592 26.000000,35.178891 27.000000,34.110336 28.000000,33.056604 29.000000,32.051189 30.000000,31.141128 31.000000,30.373194 32.000000,29.765730 33.000000,29.302988 34.000000,28.959849 35.000000,28.717307 36.000000,28.563248 37.000000,28.487365 38.000000,28.479927 39.000000,28.531135 40.000000,28.631806 41.000000,28.774071 42.000000,28.951550 43.000000,29.159519 44.000000,29.394690 45.000000,29.655500 46.000000,29.941562 47.000000,30.253924 48.000000,30.595399 49.000000,30.970444 50.000000,31.385700 51.000000,31.850084 52.000000,32.375831 53.000000,32.978588 54.000000,33.677486 55.000000,34.496650 56.000000,35.466071 57.000000,36.626604 58.000000,38.031299 59.000000,39.727377 60.000000,41.714048 61.000000,43.938034 62.000000,46.335792 63.000000,48.859475 64.000000,51.478248 65.000000,54.172255 66.000000,56.928358 67.000000,59.737294 68.000000,62.592378 69.000000,65.488476 [0m
[Test-1] [0m[INFO] [1780635589.031211896] [test_node_cpp]: [YAW_OPT] init=47.488 best=48.000 best_err=4.268 curve=-70.000000,45.937826 -69.000000,43.420258 -68.000000,41.040478 -67.000000,38.968641 -66.000000,37.520034 -65.000000,36.528245 -64.000000,35.755366 -63.000000,35.129728 -62.000000,34.616028 -61.000000,34.187094 -60.000000,33.820781 -59.000000,33.500470 -58.000000,33.214194 -57.000000,32.953601 -56.000000,32.712901 -55.000000,32.488376 -54.000000,32.277578 -53.000000,32.079686 -52.000000,31.894368 -51.000000,31.722466 -50.000000,31.565814 -49.000000,31.427335 -48.000000,31.311176 -47.000000,31.223506 -46.000000,31.172232 -45.000000,31.167497 -44.000000,31.221505 -43.000000,31.347659 -42.000000,31.558669 -41.000000,31.865569 -40.000000,32.282249 -39.000000,32.841746 -38.000000,33.627273 -37.000000,34.712153 -36.000000,36.008873 -35.000000,37.393631 -34.000000,38.803586 -33.000000,40.210930 -32.000000,41.601008 -31.000000,42.965574 -30.000000,44.299159 -29.000000,45.597756 -28.000000,46.858501 -27.000000,48.079165 -26.000000,49.258212 -25.000000,50.393984 -24.000000,51.485345 -23.000000,52.531397 -22.000000,53.531197 -21.000000,54.484019 -20.000000,55.389195 -19.000000,56.246124 -18.000000,57.054412 -17.000000,57.813505 -16.000000,58.522907 -15.000000,59.182345 -14.000000,59.791380 -13.000000,60.349831 -12.000000,60.857413 -11.000000,61.313808 -10.000000,61.718937 -9.000000,62.072275 -8.000000,62.374120 -7.000000,62.623957 -6.000000,62.821801 -5.000000,62.967552 -4.000000,63.061070 -3.000000,63.102306 -2.000000,63.091285 -1.000000,63.027994 0.000000,62.912226 1.000000,62.744261 2.000000,62.523890 3.000000,62.251423 4.000000,61.926650 5.000000,61.549932 6.000000,61.121130 7.000000,60.640418 8.000000,60.108044 9.000000,59.524126 10.000000,58.888775 11.000000,58.202229 12.000000,57.464626 13.000000,56.676383 14.000000,55.837513 15.000000,54.948397 16.000000,54.009267 17.000000,53.020459 18.000000,51.982279 19.000000,50.895052 20.000000,49.759064 21.000000,48.574861 22.000000,47.342572 23.000000,46.062930 24.000000,44.736127 25.000000,43.362651 26.000000,41.943155 27.000000,40.477909 28.000000,38.967635 29.000000,37.412812 30.000000,35.814056 31.000000,34.172126 32.000000,32.487706 33.000000,30.761637 34.000000,28.994691 35.000000,27.187978 36.000000,25.342737 37.000000,23.460275 38.000000,21.542524 39.000000,19.591769 40.000000,17.611073 41.000000,15.605189 42.000000,13.580767 43.000000,11.548765 44.000000,9.527887 45.000000,7.551550 46.000000,5.690214 47.000000,4.622628 48.000000,4.267672 49.000000,4.873127 50.000000,6.534532 51.000000,8.572651 52.000000,10.802995 53.000000,13.143646 54.000000,15.558032 55.000000,18.027721 56.000000,20.542807 57.000000,23.097148 58.000000,25.686505 59.000000,28.308008 60.000000,30.959291 61.000000,33.638511 62.000000,36.344246 63.000000,39.075022 64.000000,41.829462 65.000000,44.606543 66.000000,47.405062 67.000000,50.224061 68.000000,53.062413 69.000000,55.919253 [0m
[Test-1] [0m[INFO] [1780635589.059494624] [test_node_cpp]: [YAW_OPT] init=-30.879 best=-31.000 best_err=1.295 curve=-70.000000,101.964071 -69.000000,98.800874 -68.000000,95.655714 -67.000000,92.529389 -66.000000,89.422995 -65.000000,86.337325 -64.000000,83.273420 -63.000000,80.232133 -62.000000,77.214564 -61.000000,74.221508 -60.000000,71.253882 -59.000000,68.312544 -58.000000,65.398410 -57.000000,62.512521 -56.000000,59.655675 -55.000000,56.828674 -54.000000,54.032311 -53.000000,51.267760 -52.000000,48.535576 -51.000000,45.836688 -50.000000,43.172027 -49.000000,40.542342 -48.000000,37.948391 -47.000000,35.391119 -46.000000,32.871297 -45.000000,30.389707 -44.000000,27.947211 -43.000000,25.544567 -42.000000,23.182690 -41.000000,20.862545 -40.000000,18.584808 -39.000000,16.350948 -38.000000,14.162019 -37.000000,12.019399 -36.000000,9.925726 -35.000000,7.884702 -34.000000,5.904194 -33.000000,4.003595 -32.000000,2.254441 -31.000000,1.295009 -30.000000,2.352452 -29.000000,3.922184 -28.000000,5.571241 -27.000000,7.211993 -26.000000,8.820355 -25.000000,10.387109 -24.000000,11.908166 -23.000000,13.381089 -22.000000,14.804332 -21.000000,16.176795 -20.000000,17.497959 -19.000000,18.766885 -18.000000,19.983030 -17.000000,21.146036 -16.000000,22.255265 -15.000000,23.310628 -14.000000,24.311582 -13.000000,25.257741 -12.000000,26.148913 -11.000000,26.984872 -10.000000,27.765353 -9.000000,28.490055 -8.000000,29.158888 -7.000000,29.771631 -6.000000,30.328217 -5.000000,30.828406 -4.000000,31.272197 -3.000000,31.659537 -2.000000,31.990304 -1.000000,32.264466 0.000000,32.482258 1.000000,32.643477 2.000000,32.748392 3.000000,32.796956 4.000000,32.789510 5.000000,32.726335 6.000000,32.607550 7.000000,32.433667 8.000000,32.204975 9.000000,31.922242 10.000000,31.585908 11.000000,31.197019 12.000000,30.756633 13.000000,30.265957 14.000000,29.727088 15.000000,29.141981 16.000000,28.514238 17.000000,27.848295 18.000000,27.150563 19.000000,26.431229 20.000000,25.705402 21.000000,24.996920 22.000000,24.339493 23.000000,23.771562 24.000000,23.319714 25.000000,22.986914 26.000000,22.761715 27.000000,22.631621 28.000000,22.585957 29.000000,22.613804 30.000000,22.703705 31.000000,22.844392 32.000000,23.025864 33.000000,23.239911 34.000000,23.480771 35.000000,23.744121 36.000000,24.027389 37.000000,24.329437 38.000000,24.650606 39.000000,24.992044 40.000000,25.357224 41.000000,25.750668 42.000000,26.179690 43.000000,26.654144 44.000000,27.187674 45.000000,27.797245 46.000000,28.503337 47.000000,29.328152 48.000000,30.295080 49.000000,31.431145 50.000000,32.769676 51.000000,34.345067 52.000000,36.168106 53.000000,38.209247 54.000000,40.418874 55.000000,42.754042 56.000000,45.184612 57.000000,47.691370 58.000000,50.261673 59.000000,52.886924 60.000000,55.561004 61.000000,58.279662 62.000000,61.039098 63.000000,63.836545 64.000000,66.669763 65.000000,69.536659 66.000000,72.435514 67.000000,75.364671 68.000000,78.322685 69.000000,81.308083 [0m
[Test-1] [0m[INFO] [1780635589.087767615] [test_node_cpp]: [YAW_OPT] init=-25.122 best=-25.000 best_err=2.177 curve=-70.000000,113.739634 -69.000000,110.510494 -68.000000,107.300085 -67.000000,104.109507 -66.000000,100.939557 -65.000000,97.791274 -64.000000,94.665755 -63.000000,91.563804 -62.000000,88.486453 -61.000000,85.434570 -60.000000,82.409128 -59.000000,79.411049 -58.000000,76.441196 -57.000000,73.500612 -56.000000,70.590159 -55.000000,67.710642 -54.000000,64.863048 -53.000000,62.048179 -52.000000,59.267032 -51.000000,56.520234 -50.000000,53.808909 -49.000000,51.133740 -48.000000,48.495684 -47.000000,45.895446 -46.000000,43.333928 -45.000000,40.812024 -44.000000,38.330490 -43.000000,35.890121 -42.000000,33.491880 -41.000000,31.136621 -40.000000,28.825063 -39.000000,26.558206 -38.000000,24.337127 -37.000000,22.162729 -36.000000,20.036220 -35.000000,17.958970 -34.000000,15.932686 -33.000000,13.959553 -32.000000,12.042549 -31.000000,10.186358 -30.000000,8.398506 -29.000000,6.692553 -28.000000,5.095237 -27.000000,3.661438 -26.000000,2.505847 -25.000000,2.177179 -24.000000,3.037612 -23.000000,4.239616 -22.000000,5.518853 -21.000000,6.807036 -20.000000,8.075006 -19.000000,9.308236 -18.000000,10.499361 -17.000000,11.643691 -16.000000,12.738580 -15.000000,13.782011 -14.000000,14.772743 -13.000000,15.709794 -12.000000,16.592365 -11.000000,17.419820 -10.000000,18.191664 -9.000000,18.907724 -8.000000,19.567434 -7.000000,20.170722 -6.000000,20.717476 -5.000000,21.207323 -4.000000,21.640368 -3.000000,22.016566 -2.000000,22.336036 -1.000000,22.598769 0.000000,22.804954 1.000000,22.954910 2.000000,23.049025 3.000000,23.087602 4.000000,23.071345 5.000000,23.001104 6.000000,22.877974 7.000000,22.703214 8.000000,22.478717 9.000000,22.206822 10.000000,21.890746 11.000000,21.534966 12.000000,21.145475 13.000000,20.730516 14.000000,20.301107 15.000000,19.871787 16.000000,19.459059 17.000000,19.081413 18.000000,18.755585 19.000000,18.496242 20.000000,18.315707 21.000000,18.222814 22.000000,18.219014 23.000000,18.296575 24.000000,18.441278 25.000000,18.638246 26.000000,18.875025 27.000000,19.142437 28.000000,19.434387 29.000000,19.747228 30.000000,20.078871 31.000000,20.429169 32.000000,20.799108 33.000000,21.191428 34.000000,21.610647 35.000000,22.063814 36.000000,22.560757 37.000000,23.115459 38.000000,23.745730 39.000000,24.473315 40.000000,25.320931 41.000000,26.309022 42.000000,27.453367 43.000000,28.764737 44.000000,30.249612 45.000000,31.907208 46.000000,33.727955 47.000000,35.693753 48.000000,37.783614 49.000000,39.977933 50.000000,42.260585 51.000000,44.619096 52.000000,47.044155 53.000000,49.528950 54.000000,52.067854 55.000000,54.656824 56.000000,57.292502 57.000000,59.971949 58.000000,62.693005 59.000000,65.453681 60.000000,68.252047 61.000000,71.086624 62.000000,73.955885 63.000000,76.858422 64.000000,79.792907 65.000000,82.758293 66.000000,85.753218 67.000000,88.776439 68.000000,91.827006 69.000000,94.903712 [0m
[Test-1] [0m[INFO] [1780635589.115787758] [test_node_cpp]: [YAW_OPT] init=-16.525 best=-17.000 best_err=1.880 curve=-70.000000,122.503713 -69.000000,119.330214 -68.000000,116.175541 -67.000000,113.040792 -66.000000,109.926821 -65.000000,106.834728 -64.000000,103.765307 -63.000000,100.719590 -62.000000,97.698497 -61.000000,94.702882 -60.000000,91.733717 -59.000000,88.791863 -58.000000,85.878234 -57.000000,82.993804 -56.000000,80.139372 -55.000000,77.315670 -54.000000,74.523798 -53.000000,71.764550 -52.000000,69.038604 -51.000000,66.346999 -50.000000,63.690471 -49.000000,61.069819 -48.000000,58.485899 -47.000000,55.939456 -46.000000,53.431230 -45.000000,50.962144 -44.000000,48.532825 -43.000000,46.144014 -42.000000,43.796528 -41.000000,41.491055 -40.000000,39.228415 -39.000000,37.009129 -38.000000,34.834153 -37.000000,32.704019 -36.000000,30.619584 -35.000000,28.581342 -34.000000,26.590243 -33.000000,24.646833 -32.000000,22.751870 -31.000000,20.906163 -30.000000,19.110512 -29.000000,17.365938 -28.000000,15.673216 -27.000000,14.033666 -26.000000,12.448723 -25.000000,10.920172 -24.000000,9.450582 -23.000000,8.043836 -22.000000,6.705823 -21.000000,5.446444 -20.000000,4.283729 -19.000000,3.250940 -18.000000,2.408708 -17.000000,1.879751 -16.000000,2.038931 -15.000000,2.733692 -14.000000,3.526333 -13.000000,4.330515 -12.000000,5.115710 -11.000000,5.867063 -10.000000,6.576947 -9.000000,7.240645 -8.000000,7.855677 -7.000000,8.420348 -6.000000,8.933689 -5.000000,9.395229 -4.000000,9.804750 -3.000000,10.162603 -2.000000,10.469346 -1.000000,10.725961 0.000000,10.933906 1.000000,11.095760 2.000000,11.215256 3.000000,11.298186 4.000000,11.353772 5.000000,11.395769 6.000000,11.441801 7.000000,11.507982 8.000000,11.601103 9.000000,11.719923 10.000000,11.861086 11.000000,12.022853 12.000000,12.205337 13.000000,12.409160 14.000000,12.634625 15.000000,12.881607 16.000000,13.148944 17.000000,13.435347 18.000000,13.739488 19.000000,14.060247 20.000000,14.396714 21.000000,14.748990 22.000000,15.117656 23.000000,15.503876 24.000000,15.910054 25.000000,16.339405 26.000000,16.796557 27.000000,17.287555 28.000000,17.820008 29.000000,18.403326 30.000000,19.048831 31.000000,19.769129 32.000000,20.579468 33.000000,21.498542 34.000000,22.548837 35.000000,23.753126 36.000000,25.122099 37.000000,26.646491 38.000000,28.304094 39.000000,30.071507 40.000000,31.930351 41.000000,33.867469 42.000000,35.873845 43.000000,37.943123 44.000000,40.070541 45.000000,42.252494 46.000000,44.486033 47.000000,46.768948 48.000000,49.099407 49.000000,51.475500 50.000000,53.895761 51.000000,56.358827 52.000000,58.863499 53.000000,61.408594 54.000000,63.992859 55.000000,66.615230 56.000000,69.274740 57.000000,71.970388 58.000000,74.701053 59.000000,77.465831 60.000000,80.263773 61.000000,83.093722 62.000000,85.954911 63.000000,88.846286 64.000000,91.766899 65.000000,94.715705 66.000000,97.691936 67.000000,100.694465 68.000000,103.722282 69.000000,106.774558 [0m
[Test-1] [0m[INFO] [1780635589.143229446] [test_node_cpp]: [YAW_OPT] init=-10.431 best=-10.000 best_err=2.318 curve=-70.000000,127.140403 -69.000000,123.969291 -68.000000,120.817622 -67.000000,117.686381 -66.000000,114.576601 -65.000000,111.489193 -64.000000,108.425017 -63.000000,105.384984 -62.000000,102.370135 -61.000000,99.381447 -60.000000,96.419708 -59.000000,93.485838 -58.000000,90.580877 -57.000000,87.705428 -56.000000,84.860534 -55.000000,82.047116 -54.000000,79.265900 -53.000000,76.517746 -52.000000,73.803631 -51.000000,71.124344 -50.000000,68.480512 -49.000000,65.873099 -48.000000,63.303033 -47.000000,60.770869 -46.000000,58.277404 -45.000000,55.823611 -44.000000,53.409930 -43.000000,51.037410 -42.000000,48.706487 -41.000000,46.418262 -40.000000,44.173068 -39.000000,41.971703 -38.000000,39.814926 -37.000000,37.703477 -36.000000,35.637828 -35.000000,33.618793 -34.000000,31.647040 -33.000000,29.723019 -32.000000,27.847661 -31.000000,26.021339 -30.000000,24.244889 -29.000000,22.518801 -28.000000,20.843994 -27.000000,19.220915 -26.000000,17.650511 -25.000000,16.133424 -24.000000,14.670789 -23.000000,13.263529 -22.000000,11.913175 -21.000000,10.621379 -20.000000,9.390813 -19.000000,8.225374 -18.000000,7.131027 -17.000000,6.117845 -16.000000,5.201347 -15.000000,4.399508 -14.000000,3.721940 -13.000000,3.169543 -12.000000,2.745316 -11.000000,2.457170 -10.000000,2.318473 -9.000000,2.375031 -8.000000,2.640282 -7.000000,3.013010 -6.000000,3.408721 -5.000000,3.789191 -4.000000,4.138785 -3.000000,4.452049 -2.000000,4.727977 -1.000000,4.969654 0.000000,5.183921 1.000000,5.382790 2.000000,5.582107 3.000000,5.795103 4.000000,6.028641 5.000000,6.283959 6.000000,6.560704 7.000000,6.857048 8.000000,7.171125 9.000000,7.500477 10.000000,7.843387 11.000000,8.198502 12.000000,8.565126 13.000000,8.943330 14.000000,9.333829 15.000000,9.738190 16.000000,10.158594 17.000000,10.598631 18.000000,11.063107 19.000000,11.557985 20.000000,12.090980 21.000000,12.670643 22.000000,13.305713 23.000000,14.003992 24.000000,14.771839 25.000000,15.614262 26.000000,16.535434 27.000000,17.539938 28.000000,18.632358 29.000000,19.817038 30.000000,21.096203 31.000000,22.468964 32.000000,23.931858 33.000000,25.479571 34.000000,27.106055 35.000000,28.805794 36.000000,30.573375 37.000000,32.404754 38.000000,34.296221 39.000000,36.244841 40.000000,38.248206 41.000000,40.304297 42.000000,42.411119 43.000000,44.567310 44.000000,46.771287 45.000000,49.021946 46.000000,51.317958 47.000000,53.658293 48.000000,56.041977 49.000000,58.467908 50.000000,60.935037 51.000000,63.442582 52.000000,65.989502 53.000000,68.575000 54.000000,71.197999 55.000000,73.857584 56.000000,76.552980 57.000000,79.283239 58.000000,82.047393 59.000000,84.844621 60.000000,87.673922 61.000000,90.534429 62.000000,93.425259 63.000000,96.345446 64.000000,99.294060 65.000000,102.270253 66.000000,105.272916 67.000000,108.301217 68.000000,111.354291 69.000000,114.431010 [0m
[Test-1] [0m[INFO] [1780635589.172316664] [test_node_cpp]: [YAW_OPT] init=-0.979 best=2.000 best_err=2.223 curve=-70.000000,129.119788 -69.000000,125.979343 -68.000000,122.858823 -67.000000,119.759398 -66.000000,116.681850 -65.000000,113.627177 -64.000000,110.596406 -63.000000,107.590359 -62.000000,104.609998 -61.000000,101.656268 -60.000000,98.730009 -59.000000,95.832153 -58.000000,92.963632 -57.000000,90.125243 -56.000000,87.318039 -55.000000,84.542708 -54.000000,81.800159 -53.000000,79.091229 -52.000000,76.416940 -51.000000,73.777887 -50.000000,71.174986 -49.000000,68.609055 -48.000000,66.080922 -47.000000,63.591390 -46.000000,61.141178 -45.000000,58.731098 -44.000000,56.361907 -43.000000,54.034385 -42.000000,51.749311 -41.000000,49.507418 -40.000000,47.309388 -39.000000,45.156106 -38.000000,43.048007 -37.000000,40.986073 -36.000000,38.970999 -35.000000,37.003366 -34.000000,35.083900 -33.000000,33.213461 -32.000000,31.392598 -31.000000,29.622103 -30.000000,27.902722 -29.000000,26.235172 -28.000000,24.620248 -27.000000,23.058674 -26.000000,21.551370 -25.000000,20.099048 -24.000000,18.702761 -23.000000,17.363330 -22.000000,16.082034 -21.000000,14.860204 -20.000000,13.699316 -19.000000,12.601312 -18.000000,11.569471 -17.000000,10.608619 -16.000000,9.726390 -15.000000,8.932281 -14.000000,8.229185 -13.000000,7.604957 -12.000000,7.040025 -11.000000,6.519100 -10.000000,6.032568 -9.000000,5.574539 -8.000000,5.140664 -7.000000,4.728205 -6.000000,4.334804 -5.000000,3.958334 -4.000000,3.597470 -3.000000,3.250633 -2.000000,2.916844 -1.000000,2.595513 0.000000,2.371122 1.000000,2.300174 2.000000,2.222826 3.000000,2.262178 4.000000,2.425101 5.000000,2.616352 6.000000,2.834181 7.000000,3.080572 8.000000,3.356426 9.000000,3.662969 10.000000,4.001729 11.000000,4.375412 12.000000,4.789277 13.000000,5.249261 14.000000,5.763359 15.000000,6.340226 16.000000,6.991817 17.000000,7.731367 18.000000,8.565282 19.000000,9.488696 20.000000,10.491633 21.000000,11.565464 22.000000,12.704663 23.000000,13.905372 24.000000,15.165074 25.000000,16.481963 26.000000,17.854699 27.000000,19.282243 28.000000,20.763565 29.000000,22.298079 30.000000,23.884898 31.000000,25.523292 32.000000,27.212864 33.000000,28.952631 34.000000,30.742205 35.000000,32.580943 36.000000,34.468262 37.000000,36.403367 38.000000,38.385722 39.000000,40.414819 40.000000,42.489901 41.000000,44.610390 42.000000,46.775483 43.000000,48.984550 44.000000,51.236961 45.000000,53.532042 46.000000,55.869117 47.000000,58.247263 48.000000,60.666040 49.000000,63.124410 50.000000,65.621941 51.000000,68.157590 52.000000,70.730750 53.000000,73.340562 54.000000,75.986230 55.000000,78.667020 56.000000,81.381954 57.000000,84.130480 58.000000,86.911508 59.000000,89.724242 60.000000,92.567939 61.000000,95.441634 62.000000,98.344405 63.000000,101.275583 64.000000,104.234012 65.000000,107.218891 66.000000,110.229438 67.000000,113.264549 68.000000,116.323370 69.000000,119.405049 [0m
[Test-1] [0m[INFO] [1780635589.200108674] [test_node_cpp]: [YAW_OPT] init=7.897 best=10.000 best_err=2.617 curve=-70.000000,125.372282 -69.000000,122.255338 -68.000000,119.159070 -67.000000,116.084289 -66.000000,113.032043 -65.000000,110.003319 -64.000000,106.998971 -63.000000,104.019895 -62.000000,101.067116 -61.000000,98.141467 -60.000000,95.244054 -59.000000,92.375503 -58.000000,89.536810 -57.000000,86.728992 -56.000000,83.952788 -55.000000,81.209153 -54.000000,78.498923 -53.000000,75.822957 -52.000000,73.182110 -51.000000,70.577333 -50.000000,68.009399 -49.000000,65.478985 -48.000000,62.987121 -47.000000,60.534603 -46.000000,58.122259 -45.000000,55.750795 -44.000000,53.421275 -43.000000,51.134287 -42.000000,48.890760 -41.000000,46.691532 -40.000000,44.537445 -39.000000,42.429229 -38.000000,40.367888 -37.000000,38.354335 -36.000000,36.389481 -35.000000,34.474142 -34.000000,32.609593 -33.000000,30.796822 -32.000000,29.037117 -31.000000,27.331915 -30.000000,25.682845 -29.000000,24.091785 -28.000000,22.561497 -27.000000,21.095941 -26.000000,19.701222 -25.000000,18.389146 -24.000000,17.183550 -23.000000,16.123536 -22.000000,15.227015 -21.000000,14.456031 -20.000000,13.766543 -19.000000,13.135084 -18.000000,12.550033 -17.000000,12.004383 -16.000000,11.492847 -15.000000,11.011097 -14.000000,10.555026 -13.000000,10.120894 -12.000000,9.705708 -11.000000,9.306763 -10.000000,8.921635 -9.000000,8.548320 -8.000000,8.185223 -7.000000,7.830606 -6.000000,7.482961 -5.000000,7.141047 -4.000000,6.803272 -3.000000,6.468325 -2.000000,6.134694 -1.000000,5.801180 0.000000,5.466461 1.000000,5.129613 2.000000,4.790120 3.000000,4.448147 4.000000,4.104667 5.000000,3.762431 6.000000,3.426632 7.000000,3.107578 8.000000,2.825527 9.000000,2.624021 10.000000,2.616654 11.000000,2.861162 12.000000,3.259067 13.000000,3.764375 14.000000,4.361743 15.000000,5.042734 16.000000,5.801804 17.000000,6.634975 18.000000,7.538681 19.000000,8.510142 20.000000,9.546812 21.000000,10.646887 22.000000,11.808143 23.000000,13.029126 24.000000,14.308456 25.000000,15.644777 26.000000,17.037123 27.000000,18.484360 28.000000,19.985694 29.000000,21.540344 30.000000,23.147442 31.000000,24.806204 32.000000,26.516057 33.000000,28.276152 34.000000,30.085925 35.000000,31.944717 36.000000,33.851747 37.000000,35.806578 38.000000,37.808341 39.000000,39.856425 40.000000,41.950125 41.000000,44.088772 42.000000,46.271914 43.000000,48.498542 44.000000,50.768016 45.000000,53.079831 46.000000,55.433050 47.000000,57.826927 48.000000,60.260954 49.000000,62.734083 50.000000,65.245696 51.000000,67.795175 52.000000,70.381474 53.000000,73.003914 54.000000,75.661692 55.000000,78.354075 56.000000,81.080082 57.000000,83.838918 58.000000,86.629785 59.000000,89.451825 60.000000,92.304176 61.000000,95.185995 62.000000,98.096354 63.000000,101.034400 64.000000,103.999218 65.000000,106.989833 66.000000,110.005509 67.000000,113.045088 68.000000,116.107830 69.000000,119.192768 [0m
[Test-1] [0m[INFO] [1780635589.228264215] [test_node_cpp]: [YAW_OPT] init=15.898 best=16.000 best_err=3.749 curve=-70.000000,118.820934 -69.000000,115.694135 -68.000000,112.588938 -67.000000,109.506399 -66.000000,106.447447 -65.000000,103.413178 -64.000000,100.404514 -63.000000,97.422362 -62.000000,94.467679 -61.000000,91.541577 -60.000000,88.644892 -59.000000,85.778650 -58.000000,82.943772 -57.000000,80.141204 -56.000000,77.371967 -55.000000,74.637180 -54.000000,71.937469 -53.000000,69.274086 -52.000000,66.647862 -51.000000,64.059885 -50.000000,61.511277 -49.000000,59.002892 -48.000000,56.536032 -47.000000,54.111677 -46.000000,51.730935 -45.000000,49.395235 -44.000000,47.105768 -43.000000,44.863969 -42.000000,42.671523 -41.000000,40.530059 -40.000000,38.441538 -39.000000,36.408344 -38.000000,34.433192 -37.000000,32.519607 -36.000000,30.671888 -35.000000,28.896583 -34.000000,27.203544 -33.000000,25.609956 -32.000000,24.148061 -31.000000,22.867293 -30.000000,21.797270 -29.000000,20.902564 -28.000000,20.126846 -27.000000,19.434143 -26.000000,18.805203 -25.000000,18.228493 -24.000000,17.695574 -23.000000,17.199969 -22.000000,16.736372 -21.000000,16.300135 -20.000000,15.887732 -19.000000,15.496303 -18.000000,15.123512 -17.000000,14.767637 -16.000000,14.427348 -15.000000,14.101541 -14.000000,13.789506 -13.000000,13.490150 -12.000000,13.202834 -11.000000,12.926448 -10.000000,12.659330 -9.000000,12.400139 -8.000000,12.146640 -7.000000,11.896555 -6.000000,11.647399 -5.000000,11.396624 -4.000000,11.141627 -3.000000,10.880254 -2.000000,10.610581 -1.000000,10.332151 0.000000,10.047575 1.000000,9.772937 2.000000,9.536535 3.000000,9.304667 4.000000,9.040686 5.000000,8.735000 6.000000,8.385434 7.000000,7.992115 8.000000,7.556035 9.000000,7.079987 10.000000,6.568219 11.000000,6.029266 12.000000,5.479531 13.000000,4.948239 14.000000,4.464703 15.000000,4.046366 16.000000,3.748870 17.000000,3.800519 18.000000,4.213549 19.000000,4.816430 20.000000,5.572514 21.000000,6.464373 22.000000,7.474949 23.000000,8.589041 24.000000,9.794545 25.000000,11.081971 26.000000,12.444275 27.000000,13.875985 28.000000,15.372820 29.000000,16.931614 30.000000,18.549866 31.000000,20.225133 32.000000,21.956043 33.000000,23.740878 34.000000,25.578320 35.000000,27.467188 36.000000,29.406482 37.000000,31.395236 38.000000,33.432260 39.000000,35.517011 40.000000,37.648449 41.000000,39.825840 42.000000,42.048191 43.000000,44.314889 44.000000,46.625007 45.000000,48.977679 46.000000,51.372457 47.000000,53.808104 48.000000,56.284143 49.000000,58.799663 50.000000,61.353773 51.000000,63.945813 52.000000,66.574842 53.000000,69.239976 54.000000,71.940577 55.000000,74.675650 56.000000,77.444374 57.000000,80.245823 58.000000,83.079368 59.000000,85.943843 60.000000,88.838554 61.000000,91.762457 62.000000,94.714809 63.000000,97.694628 64.000000,100.700930 65.000000,103.732915 66.000000,106.789657 67.000000,109.870055 68.000000,112.973312 69.000000,116.098383 [0m
[Test-1] [0m[INFO] [1780635589.256040419] [test_node_cpp]: [YAW_OPT] init=23.604 best=24.000 best_err=3.903 curve=-70.000000,107.645507 -69.000000,104.535934 -68.000000,101.449362 -67.000000,98.386986 -66.000000,95.349640 -65.000000,92.338526 -64.000000,89.354650 -63.000000,86.399252 -62.000000,83.473231 -61.000000,80.577857 -60.000000,77.714383 -59.000000,74.883650 -58.000000,72.087247 -57.000000,69.326263 -56.000000,66.602093 -55.000000,63.916203 -54.000000,61.270051 -53.000000,58.665222 -52.000000,56.103612 -51.000000,53.587299 -50.000000,51.118603 -49.000000,48.700128 -48.000000,46.335300 -47.000000,44.028098 -46.000000,41.783825 -45.000000,39.609598 -44.000000,37.515217 -43.000000,35.515812 -42.000000,33.634266 -41.000000,31.904207 -40.000000,30.365270 -39.000000,29.039911 -38.000000,27.911697 -37.000000,26.940822 -36.000000,26.090870 -35.000000,25.336200 -34.000000,24.659383 -33.000000,24.047682 -32.000000,23.490778 -31.000000,22.980466 -30.000000,22.509849 -29.000000,22.073369 -28.000000,21.666641 -27.000000,21.286371 -26.000000,20.930211 -25.000000,20.596710 -24.000000,20.284610 -23.000000,19.993950 -22.000000,19.724696 -21.000000,19.477336 -20.000000,19.252378 -19.000000,19.050321 -18.000000,18.871815 -17.000000,18.716726 -16.000000,18.585063 -15.000000,18.476575 -14.000000,18.392005 -13.000000,18.333821 -12.000000,18.307780 -11.000000,18.324626 -10.000000,18.395198 -9.000000,18.519558 -8.000000,18.679535 -7.000000,18.849490 -6.000000,19.007881 -5.000000,19.140541 -4.000000,19.238796 -3.000000,19.296760 -2.000000,19.310685 -1.000000,19.277950 0.000000,19.196726 1.000000,19.065560 2.000000,18.883436 3.000000,18.649759 4.000000,18.363915 5.000000,18.025506 6.000000,17.634502 7.000000,17.190871 8.000000,16.694666 9.000000,16.146204 10.000000,15.546065 11.000000,14.894640 12.000000,14.192995 13.000000,13.442322 14.000000,12.644104 15.000000,11.800459 16.000000,10.914271 17.000000,9.989207 18.000000,9.030603 19.000000,8.045658 20.000000,7.044878 21.000000,6.043167 22.000000,5.062425 23.000000,4.253342 24.000000,3.903495 25.000000,4.306978 26.000000,5.189870 27.000000,6.263572 28.000000,7.504615 29.000000,8.884773 30.000000,10.379558 31.000000,11.970673 32.000000,13.645011 33.000000,15.393165 34.000000,17.208610 35.000000,19.086100 36.000000,21.022174 37.000000,23.013701 38.000000,25.058382 39.000000,27.154298 40.000000,29.299803 41.000000,31.493463 42.000000,33.733912 43.000000,36.020042 44.000000,38.350733 45.000000,40.724931 46.000000,43.141691 47.000000,45.599940 48.000000,48.099006 49.000000,50.637633 50.000000,53.215090 51.000000,55.830475 52.000000,58.482951 53.000000,61.171474 54.000000,63.895353 55.000000,66.653616 56.000000,69.445236 57.000000,72.269500 58.000000,75.125448 59.000000,78.012198 60.000000,80.928734 61.000000,83.874244 62.000000,86.847721 63.000000,89.848417 64.000000,92.875274 65.000000,95.927299 66.000000,99.003563 67.000000,102.103259 68.000000,105.225274 69.000000,108.368626 [0m
[Test-1] [0m[INFO] [1780635589.284069844] [test_node_cpp]: [YAW_OPT] init=30.401 best=31.000 best_err=4.710 curve=-70.000000,93.772817 -69.000000,90.714662 -68.000000,87.681777 -67.000000,84.675499 -66.000000,81.696998 -65.000000,78.747927 -64.000000,75.829533 -63.000000,72.943517 -62.000000,70.091563 -61.000000,67.275537 -60.000000,64.497388 -59.000000,61.759647 -58.000000,59.064737 -57.000000,56.415796 -56.000000,53.816640 -55.000000,51.271774 -54.000000,48.787097 -53.000000,46.370736 -52.000000,44.033632 -51.000000,41.792926 -50.000000,39.675291 -49.000000,37.723007 -48.000000,35.992067 -47.000000,34.522265 -46.000000,33.297713 -45.000000,32.264890 -44.000000,31.374817 -43.000000,30.594932 -42.000000,29.904004 -41.000000,29.287076 -40.000000,28.732045 -39.000000,28.229497 -38.000000,27.771627 -37.000000,27.352123 -36.000000,26.966324 -35.000000,26.610439 -34.000000,26.282271 -33.000000,25.979983 -32.000000,25.703297 -31.000000,25.452093 -30.000000,25.227332 -29.000000,25.030328 -28.000000,24.862712 -27.000000,24.726471 -26.000000,24.623507 -25.000000,24.555603 -24.000000,24.524386 -23.000000,24.531587 -22.000000,24.579822 -21.000000,24.674701 -20.000000,24.826794 -19.000000,25.053897 -18.000000,25.374988 -17.000000,25.791144 -16.000000,26.276971 -15.000000,26.796490 -14.000000,27.320802 -13.000000,27.830819 -12.000000,28.314795 -11.000000,28.764905 -10.000000,29.175870 -9.000000,29.544112 -8.000000,29.866837 -7.000000,30.141989 -6.000000,30.367970 -5.000000,30.543549 -4.000000,30.667522 -3.000000,30.739222 -2.000000,30.757779 -1.000000,30.723000 0.000000,30.634152 1.000000,30.491002 2.000000,30.293252 3.000000,30.040808 4.000000,29.733457 5.000000,29.371171 6.000000,28.953904 7.000000,28.481925 8.000000,27.955000 9.000000,27.373545 10.000000,26.737814 11.000000,26.047939 12.000000,25.304388 13.000000,24.507513 14.000000,23.657922 15.000000,22.756305 16.000000,21.803341 17.000000,20.799938 18.000000,19.747337 19.000000,18.646971 20.000000,17.500373 21.000000,16.310097 22.000000,15.078947 23.000000,13.810705 24.000000,12.510618 25.000000,11.186017 26.000000,9.846931 27.000000,8.507779 28.000000,7.189004 29.000000,5.919898 30.000000,5.038174 31.000000,4.709678 32.000000,5.362887 33.000000,6.517563 34.000000,7.897468 35.000000,9.464057 36.000000,11.178585 37.000000,13.010779 38.000000,14.938974 39.000000,16.948288 40.000000,19.028561 41.000000,21.172261 42.000000,23.374012 43.000000,25.629843 44.000000,27.936664 45.000000,30.291691 46.000000,32.692898 47.000000,35.138619 48.000000,37.627024 49.000000,40.156979 50.000000,42.726976 51.000000,45.335799 52.000000,47.982368 53.000000,50.665598 54.000000,53.384332 55.000000,56.137651 56.000000,58.924527 57.000000,61.743837 58.000000,64.594789 59.000000,67.476196 60.000000,70.387462 61.000000,73.327123 62.000000,76.294672 63.000000,79.288774 64.000000,82.308712 65.000000,85.353516 66.000000,88.422056 67.000000,91.513440 68.000000,94.626723 69.000000,97.760897 [0m
[Test-1] [0m[INFO] [1780635589.313155549] [test_node_cpp]: [YAW_OPT] init=-51.350 best=-52.000 best_err=7.645 curve=-70.000000,52.166131 -69.000000,49.160225 -68.000000,46.176249 -67.000000,43.216176 -66.000000,40.282233 -65.000000,37.377157 -64.000000,34.504135 -63.000000,31.666942 -62.000000,28.870675 -61.000000,26.121613 -60.000000,23.428375 -59.000000,20.802742 -58.000000,18.261687 -57.000000,15.829221 -56.000000,13.541451 -55.000000,11.451392 -54.000000,9.639739 -53.000000,8.251840 -52.000000,7.644590 -51.000000,8.193926 -50.000000,9.587721 -49.000000,11.384249 -48.000000,13.376810 -47.000000,15.475638 -46.000000,17.633031 -45.000000,19.819810 -44.000000,22.017049 -43.000000,24.211861 -42.000000,26.394919 -41.000000,28.559690 -40.000000,30.701249 -39.000000,32.815669 -38.000000,34.899803 -37.000000,36.951164 -36.000000,38.967817 -35.000000,40.947883 -34.000000,42.889886 -33.000000,44.792553 -32.000000,46.654628 -31.000000,48.475047 -30.000000,50.252913 -29.000000,51.987286 -28.000000,53.677437 -27.000000,55.322591 -26.000000,56.921933 -25.000000,58.474920 -24.000000,59.980878 -23.000000,61.439240 -22.000000,62.849412 -21.000000,64.210932 -20.000000,65.523289 -19.000000,66.785931 -18.000000,67.998520 -17.000000,69.160584 -16.000000,70.271794 -15.000000,71.331538 -14.000000,72.339739 -13.000000,73.295925 -12.000000,74.199876 -11.000000,75.051214 -10.000000,75.849593 -9.000000,76.594947 -8.000000,77.286896 -7.000000,77.925291 -6.000000,78.509874 -5.000000,79.040545 -4.000000,79.517110 -3.000000,79.939421 -2.000000,80.307435 -1.000000,80.620832 0.000000,80.879814 1.000000,81.084136 2.000000,81.233875 3.000000,81.328841 4.000000,81.369198 5.000000,81.354927 6.000000,81.286023 7.000000,81.162566 8.000000,80.984650 9.000000,80.752433 10.000000,80.465911 11.000000,80.125268 12.000000,79.730742 13.000000,79.282451 14.000000,78.780703 15.000000,78.225741 16.000000,77.617636 17.000000,76.956975 18.000000,76.243911 19.000000,75.478786 20.000000,74.662115 21.000000,73.794191 22.000000,72.875580 23.000000,71.906780 24.000000,70.888381 25.000000,69.820914 26.000000,68.705123 27.000000,67.541811 28.000000,66.331626 29.000000,65.075755 30.000000,63.774972 31.000000,62.430736 32.000000,61.044204 33.000000,59.617035 34.000000,58.151176 35.000000,56.648738 36.000000,55.112409 37.000000,53.545515 38.000000,51.952309 39.000000,50.338368 40.000000,48.710990 41.000000,47.080653 42.000000,45.462606 43.000000,43.880450 44.000000,42.371100 45.000000,40.988546 46.000000,39.794642 47.000000,38.824077 48.000000,38.061294 49.000000,37.466633 50.000000,37.005722 51.000000,36.655589 52.000000,36.400158 53.000000,36.226406 54.000000,36.123158 55.000000,36.080324 56.000000,36.089227 57.000000,36.142819 58.000000,36.235488 59.000000,36.363252 60.000000,36.523599 61.000000,36.715351 62.000000,36.939034 63.000000,37.196399 64.000000,37.490977 65.000000,37.828172 66.000000,38.215711 67.000000,38.664122 68.000000,39.187273 69.000000,39.803869 [0m
[Test-1] [0m[INFO] [1780635589.315288305] [test_node_cpp]: [YAW_OPT] init=38.026 best=38.000 best_err=7.188 curve=-70.000000,76.988625 -69.000000,74.003143 -68.000000,71.053006 -67.000000,68.141402 -66.000000,65.271884 -65.000000,62.448499 -64.000000,59.676089 -63.000000,56.960968 -62.000000,54.310467 -61.000000,51.734831 -60.000000,49.248585 -59.000000,46.874117 -58.000000,44.650374 -57.000000,42.646445 -56.000000,40.954517 -55.000000,39.608546 -54.000000,38.535226 -53.000000,37.645114 -52.000000,36.882613 -51.000000,36.216868 -50.000000,35.628826 -49.000000,35.105259 -48.000000,34.636424 -47.000000,34.214283 -46.000000,33.833269 -45.000000,33.488745 -44.000000,33.177476 -43.000000,32.897658 -42.000000,32.648031 -41.000000,32.428480 -40.000000,32.239842 -39.000000,32.083121 -38.000000,31.960439 -37.000000,31.873896 -36.000000,31.825715 -35.000000,31.818534 -34.000000,31.854147 -33.000000,31.933950 -32.000000,32.059380 -31.000000,32.231948 -30.000000,32.454888 -29.000000,32.736548 -28.000000,33.094828 -27.000000,33.561915 -26.000000,34.174145 -25.000000,34.932795 -24.000000,35.792063 -23.000000,36.698767 -22.000000,37.616423 -21.000000,38.523817 -20.000000,39.408205 -19.000000,40.261560 -18.000000,41.078440 -17.000000,41.854957 -16.000000,42.588134 -15.000000,43.275844 -14.000000,43.916086 -13.000000,44.507479 -12.000000,45.048734 -11.000000,45.538756 -10.000000,45.976705 -9.000000,46.361942 -8.000000,46.693671 -7.000000,46.971337 -6.000000,47.194601 -5.000000,47.362996 -4.000000,47.476144 -3.000000,47.533728 -2.000000,47.535678 -1.000000,47.481640 0.000000,47.371587 1.000000,47.205290 2.000000,46.982779 3.000000,46.704054 4.000000,46.368963 5.000000,45.977584 6.000000,45.530203 7.000000,45.026724 8.000000,44.467254 9.000000,43.852158 10.000000,43.181317 11.000000,42.455300 12.000000,41.674192 13.000000,40.838356 14.000000,39.948135 15.000000,39.003983 16.000000,38.006200 17.000000,36.955380 18.000000,35.852079 19.000000,34.696897 20.000000,33.490555 21.000000,32.233841 22.000000,30.927544 23.000000,29.572845 24.000000,28.170867 25.000000,26.723153 26.000000,25.231273 27.000000,23.697389 28.000000,22.123904 29.000000,20.514001 30.000000,18.871852 31.000000,17.202578 32.000000,15.513216 33.000000,13.813038 34.000000,12.115312 35.000000,10.438881 36.000000,8.821402 37.000000,7.703178 38.000000,7.188066 39.000000,7.197531 40.000000,8.079664 41.000000,9.352716 42.000000,10.895321 43.000000,12.662289 44.000000,14.610551 45.000000,16.702567 46.000000,18.909793 47.000000,21.211123 48.000000,23.591764 49.000000,26.040884 50.000000,28.550430 51.000000,31.114607 52.000000,33.728563 53.000000,36.388913 54.000000,39.092340 55.000000,41.836463 56.000000,44.619208 57.000000,47.438607 58.000000,50.292667 59.000000,53.180226 60.000000,56.099838 61.000000,59.049853 62.000000,62.029172 63.000000,65.036458 64.000000,68.070679 65.000000,71.130526 66.000000,74.215085 67.000000,77.322997 68.000000,80.453238 69.000000,83.604796 [0m
[Test-1] [0m[INFO] [1780635589.343190530] [test_node_cpp]: [YAW_OPT] init=-43.885 best=-45.000 best_err=7.168 curve=-70.000000,71.163730 -69.000000,68.111599 -68.000000,65.078195 -67.000000,62.064547 -66.000000,59.072213 -65.000000,56.102202 -64.000000,53.155995 -63.000000,50.234906 -62.000000,47.340533 -61.000000,44.474551 -60.000000,41.638763 -59.000000,38.835259 -58.000000,36.066322 -57.000000,33.335004 -56.000000,30.644382 -55.000000,27.998978 -54.000000,25.403852 -53.000000,22.866137 -52.000000,20.395288 -51.000000,18.004055 -50.000000,15.710646 -49.000000,13.540526 -48.000000,11.529198 -47.000000,9.724233 -46.000000,8.194194 -45.000000,7.167944 -44.000000,7.256579 -43.000000,8.198352 -42.000000,9.698441 -41.000000,11.417636 -40.000000,13.240539 -39.000000,15.118698 -38.000000,17.023532 -37.000000,18.936126 -36.000000,20.843227 -35.000000,22.735392 -34.000000,24.605655 -33.000000,26.448856 -32.000000,28.260796 -31.000000,30.038504 -30.000000,31.779318 -29.000000,33.481128 -28.000000,35.142240 -27.000000,36.761135 -26.000000,38.336557 -25.000000,39.867275 -24.000000,41.352479 -23.000000,42.791175 -22.000000,44.182515 -21.000000,45.525888 -20.000000,46.820498 -19.000000,48.065857 -18.000000,49.261426 -17.000000,50.406573 -16.000000,51.500881 -15.000000,52.543905 -14.000000,53.535201 -13.000000,54.474430 -12.000000,55.361262 -11.000000,56.195292 -10.000000,56.976364 -9.000000,57.704032 -8.000000,58.378239 -7.000000,58.998538 -6.000000,59.564883 -5.000000,60.077062 -4.000000,60.534827 -3.000000,60.938355 -2.000000,61.287067 -1.000000,61.581286 0.000000,61.820730 1.000000,62.005471 2.000000,62.135388 3.000000,62.210606 4.000000,62.230996 5.000000,62.196785 6.000000,62.107930 7.000000,61.964653 8.000000,61.767000 9.000000,61.515129 10.000000,61.209302 11.000000,60.849707 12.000000,60.436658 13.000000,59.970358 14.000000,59.451304 15.000000,58.879690 16.000000,58.256052 17.000000,57.580946 18.000000,56.854857 19.000000,56.078310 20.000000,55.252198 21.000000,54.377204 22.000000,53.454275 23.000000,52.484505 24.000000,51.469170 25.000000,50.409637 26.000000,49.307686 27.000000,48.165466 28.000000,46.985421 29.000000,45.770814 30.000000,44.525902 31.000000,43.256273 32.000000,41.969977 33.000000,40.678742 34.000000,39.401308 35.000000,38.169238 36.000000,37.034271 37.000000,36.063014 38.000000,35.295435 39.000000,34.711048 40.000000,34.263799 41.000000,33.920273 42.000000,33.661550 43.000000,33.476897 44.000000,33.358550 45.000000,33.299499 46.000000,33.293275 47.000000,33.333606 48.000000,33.415015 49.000000,33.532931 50.000000,33.683626 51.000000,33.864529 52.000000,34.074251 53.000000,34.312419 54.000000,34.579879 55.000000,34.878833 56.000000,35.212742 57.000000,35.586719 58.000000,36.007863 59.000000,36.485306 60.000000,37.030595 61.000000,37.658981 62.000000,38.390342 63.000000,39.254757 64.000000,40.304084 65.000000,41.627488 66.000000,43.318695 67.000000,45.364374 68.000000,47.660512 69.000000,50.120113 [0m
[Test-1] [0m[INFO] [1780635589.370765988] [test_node_cpp]: [YAW_OPT] init=-36.975 best=-38.000 best_err=6.838 curve=-70.000000,88.224288 -69.000000,85.096575 -68.000000,81.987216 -67.000000,78.897429 -66.000000,75.828032 -65.000000,72.780246 -64.000000,69.754889 -63.000000,66.753262 -62.000000,63.776314 -61.000000,60.825192 -60.000000,57.900890 -59.000000,55.004650 -58.000000,52.137654 -57.000000,49.301127 -56.000000,46.496229 -55.000000,43.724554 -54.000000,40.987554 -53.000000,38.286730 -52.000000,35.624023 -51.000000,33.001394 -50.000000,30.421498 -49.000000,27.887207 -48.000000,25.402039 -47.000000,22.971024 -46.000000,20.600390 -45.000000,18.298506 -44.000000,16.077816 -43.000000,13.956693 -42.000000,11.962888 -41.000000,10.141268 -40.000000,8.567413 -39.000000,7.384318 -38.000000,6.837545 -37.000000,7.031061 -36.000000,7.807730 -35.000000,8.981987 -34.000000,10.389360 -33.000000,11.922902 -32.000000,13.521023 -31.000000,15.147198 -30.000000,16.778525 -29.000000,18.399692 -28.000000,20.000619 -27.000000,21.573925 -26.000000,23.114305 -25.000000,24.617908 -24.000000,26.081484 -23.000000,27.502626 -22.000000,28.879611 -21.000000,30.210756 -20.000000,31.494620 -19.000000,32.730304 -18.000000,33.916609 -17.000000,35.052912 -16.000000,36.138414 -15.000000,37.172370 -14.000000,38.154392 -13.000000,39.083833 -12.000000,39.960285 -11.000000,40.783401 -10.000000,41.552864 -9.000000,42.268067 -8.000000,42.928945 -7.000000,43.535282 -6.000000,44.086873 -5.000000,44.583437 -4.000000,45.024904 -3.000000,45.410994 -2.000000,45.741832 -1.000000,46.017321 0.000000,46.237319 1.000000,46.401898 2.000000,46.511138 3.000000,46.565026 4.000000,46.563858 5.000000,46.507636 6.000000,46.396554 7.000000,46.230937 8.000000,46.011025 9.000000,45.737281 10.000000,45.409973 11.000000,45.029697 12.000000,44.597168 13.000000,44.112904 14.000000,43.577769 15.000000,42.992850 16.000000,42.359246 17.000000,41.678531 18.000000,40.952400 19.000000,40.182915 20.000000,39.373177 21.000000,38.526490 22.000000,37.647737 23.000000,36.743346 24.000000,35.822149 25.000000,34.896947 26.000000,33.985752 27.000000,33.113982 28.000000,32.313424 29.000000,31.615669 30.000000,31.039508 31.000000,30.583765 32.000000,30.235637 33.000000,29.980098 34.000000,29.804826 35.000000,29.700452 36.000000,29.658765 37.000000,29.672539 38.000000,29.734843 39.000000,29.839546 40.000000,29.981272 41.000000,30.155885 42.000000,30.359904 43.000000,30.591198 44.000000,30.848911 45.000000,31.132845 46.000000,31.444381 47.000000,31.785999 48.000000,32.161691 49.000000,32.577236 50.000000,33.040212 51.000000,33.560896 52.000000,34.151720 53.000000,34.828362 54.000000,35.609949 55.000000,36.520853 56.000000,37.594171 57.000000,38.875717 58.000000,40.416048 59.000000,42.238985 60.000000,44.315827 61.000000,46.589111 62.000000,49.006784 63.000000,51.532853 64.000000,54.143857 65.000000,56.824172 66.000000,59.563132 67.000000,62.352778 68.000000,65.187256 69.000000,68.062028 [0m
[Test-1] [0m[INFO] [1780635589.398903410] [test_node_cpp]: [YAW_OPT] init=-28.091 best=-29.000 best_err=6.656 curve=-70.000000,103.444621 -69.000000,100.355443 -68.000000,97.284734 -67.000000,94.233249 -66.000000,91.202250 -65.000000,88.192616 -64.000000,85.205194 -63.000000,82.241186 -62.000000,79.301193 -61.000000,76.386497 -60.000000,73.497945 -59.000000,70.636367 -58.000000,67.802926 -57.000000,64.998526 -56.000000,62.224007 -55.000000,59.480540 -54.000000,56.768941 -53.000000,54.090354 -52.000000,51.445739 -51.000000,48.836105 -50.000000,46.262598 -49.000000,43.726362 -48.000000,41.228575 -47.000000,38.770362 -46.000000,36.353285 -45.000000,33.978817 -44.000000,31.648372 -43.000000,29.364073 -42.000000,27.127968 -41.000000,24.942824 -40.000000,22.811667 -39.000000,20.738602 -38.000000,18.728856 -37.000000,16.789428 -36.000000,14.929796 -35.000000,13.163668 -34.000000,11.510559 -33.000000,10.000173 -32.000000,8.676456 -31.000000,7.607633 -30.000000,6.897680 -29.000000,6.655675 -28.000000,6.870432 -27.000000,7.429637 -26.000000,8.232567 -25.000000,9.198505 -24.000000,10.262852 -23.000000,11.379128 -22.000000,12.515944 -21.000000,13.652579 -20.000000,14.775209 -19.000000,15.874148 -18.000000,16.942307 -17.000000,17.975028 -16.000000,18.968266 -15.000000,19.919335 -14.000000,20.826108 -13.000000,21.686695 -12.000000,22.499701 -11.000000,23.264097 -10.000000,23.978961 -9.000000,24.643510 -8.000000,25.257224 -7.000000,25.819553 -6.000000,26.330155 -5.000000,26.788814 -4.000000,27.195330 -3.000000,27.549558 -2.000000,27.851443 -1.000000,28.101161 0.000000,28.298692 1.000000,28.444595 2.000000,28.538916 3.000000,28.582338 4.000000,28.575453 5.000000,28.519066 6.000000,28.414022 7.000000,28.261978 8.000000,28.064376 9.000000,27.823408 10.000000,27.541809 11.000000,27.223116 12.000000,26.872360 13.000000,26.495492 14.000000,26.101118 15.000000,25.700412 16.000000,25.307164 17.000000,24.936990 18.000000,24.605148 19.000000,24.323104 20.000000,24.095969 21.000000,23.923721 22.000000,23.803560 23.000000,23.732071 24.000000,23.706238 25.000000,23.723153 26.000000,23.780344 27.000000,23.874943 28.000000,24.003930 29.000000,24.164484 30.000000,24.353688 31.000000,24.569473 32.000000,24.809664 33.000000,25.073329 34.000000,25.359751 35.000000,25.669383 36.000000,26.003314 37.000000,26.363669 38.000000,26.753871 39.000000,27.178448 40.000000,27.643816 41.000000,28.158050 42.000000,28.731749 43.000000,29.377375 44.000000,30.110769 45.000000,30.951531 46.000000,31.924729 47.000000,33.061455 48.000000,34.394806 49.000000,35.945035 50.000000,37.704031 51.000000,39.640931 52.000000,41.720012 53.000000,43.911621 54.000000,46.194950 55.000000,48.554774 56.000000,50.980840 57.000000,53.465349 58.000000,56.002322 59.000000,58.587538 60.000000,61.216952 61.000000,63.887904 62.000000,66.597576 63.000000,69.343896 64.000000,72.124801 65.000000,74.938601 66.000000,77.783452 67.000000,80.658135 68.000000,83.561192 69.000000,86.491031 [0m
[Test-1] [0m[INFO] [1780635589.426109015] [test_node_cpp]: [YAW_OPT] init=-19.204 best=-21.000 best_err=5.644 curve=-70.000000,115.822174 -69.000000,112.724241 -68.000000,109.645308 -67.000000,106.586112 -66.000000,103.548017 -65.000000,100.531705 -64.000000,97.538166 -63.000000,94.568210 -62.000000,91.622959 -61.000000,88.703221 -60.000000,85.809876 -59.000000,82.943927 -58.000000,80.106135 -57.000000,77.297627 -56.000000,74.519114 -55.000000,71.771548 -54.000000,69.055769 -53.000000,66.372679 -52.000000,63.723192 -51.000000,61.108039 -50.000000,58.528269 -49.000000,55.984711 -48.000000,53.478109 -47.000000,51.009452 -46.000000,48.579764 -45.000000,46.189621 -44.000000,43.840060 -43.000000,41.532113 -42.000000,39.266576 -41.000000,37.044415 -40.000000,34.866643 -39.000000,32.734556 -38.000000,30.648906 -37.000000,28.611188 -36.000000,26.622744 -35.000000,24.684781 -34.000000,22.799255 -33.000000,20.968044 -32.000000,19.193520 -31.000000,17.478508 -30.000000,15.826593 -29.000000,14.242275 -28.000000,12.731547 -27.000000,11.302640 -26.000000,9.966696 -25.000000,8.739334 -24.000000,7.643312 -23.000000,6.712472 -22.000000,6.007159 -21.000000,5.643822 -20.000000,5.678727 -19.000000,5.977491 -18.000000,6.429676 -17.000000,6.982618 -16.000000,7.602462 -15.000000,8.262228 -14.000000,8.939609 -13.000000,9.617349 -12.000000,10.282539 -11.000000,10.925856 -10.000000,11.540605 -9.000000,12.121787 -8.000000,12.666004 -7.000000,13.170715 -6.000000,13.634348 -5.000000,14.055824 -4.000000,14.434619 -3.000000,14.770803 -2.000000,15.065011 -1.000000,15.318099 0.000000,15.532134 1.000000,15.709517 2.000000,15.853609 3.000000,15.968777 4.000000,16.060941 5.000000,16.136615 6.000000,16.203086 7.000000,16.267905 8.000000,16.337217 9.000000,16.415794 10.000000,16.506563 11.000000,16.611213 12.000000,16.730546 13.000000,16.865251 14.000000,17.015897 15.000000,17.182901 16.000000,17.366472 17.000000,17.566902 18.000000,17.784031 19.000000,18.017645 20.000000,18.267598 21.000000,18.533506 22.000000,18.815278 23.000000,19.112894 24.000000,19.426619 25.000000,19.757462 26.000000,20.106460 27.000000,20.475543 28.000000,20.867559 29.000000,21.285885 30.000000,21.735352 31.000000,22.221995 32.000000,22.753045 33.000000,23.337559 34.000000,23.986448 35.000000,24.712954 36.000000,25.534731 37.000000,26.476098 38.000000,27.570220 39.000000,28.849469 40.000000,30.323102 41.000000,31.969344 42.000000,33.753427 43.000000,35.646389 44.000000,37.628313 45.000000,39.685876 46.000000,41.810092 47.000000,43.994495 48.000000,46.234675 49.000000,48.526720 50.000000,50.867781 51.000000,53.255472 52.000000,55.687545 53.000000,58.162265 54.000000,60.678052 55.000000,63.233346 56.000000,65.826816 57.000000,68.457147 58.000000,71.123132 59.000000,73.823647 60.000000,76.557544 61.000000,79.323685 62.000000,82.120919 63.000000,84.948459 64.000000,87.805105 65.000000,90.689711 66.000000,93.601560 67.000000,96.539379 68.000000,99.502394 69.000000,102.489358 [0m
[Test-1] [0m[INFO] [1780635589.453347403] [test_node_cpp]: [YAW_OPT] init=-11.340 best=-14.000 best_err=5.201 curve=-70.000000,123.193131 -69.000000,120.073064 -68.000000,116.972784 -67.000000,113.893270 -66.000000,110.835571 -65.000000,107.800304 -64.000000,104.788816 -63.000000,101.801915 -62.000000,98.840340 -61.000000,95.905202 -60.000000,92.997243 -59.000000,90.117516 -58.000000,87.266893 -57.000000,84.446176 -56.000000,81.656184 -55.000000,78.897972 -54.000000,76.172295 -53.000000,73.480094 -52.000000,70.822068 -51.000000,68.199162 -50.000000,65.612207 -49.000000,63.062092 -48.000000,60.549420 -47.000000,58.075202 -46.000000,55.640235 -45.000000,53.245260 -44.000000,50.891076 -43.000000,48.578551 -42.000000,46.308390 -41.000000,44.081446 -40.000000,41.898557 -39.000000,39.760485 -38.000000,37.667930 -37.000000,35.622004 -36.000000,33.623296 -35.000000,31.672791 -34.000000,29.771375 -33.000000,27.919934 -32.000000,26.119449 -31.000000,24.370981 -30.000000,22.675854 -29.000000,21.034878 -28.000000,19.449762 -27.000000,17.921854 -26.000000,16.453100 -25.000000,15.045268 -24.000000,13.700710 -23.000000,12.422539 -22.000000,11.214053 -21.000000,10.079733 -20.000000,9.025480 -19.000000,8.058939 -18.000000,7.190965 -17.000000,6.437392 -16.000000,5.822435 -15.000000,5.388979 -14.000000,5.200923 -13.000000,5.267198 -12.000000,5.500029 -11.000000,5.821422 -10.000000,6.188948 -9.000000,6.578956 -8.000000,6.976563 -7.000000,7.372072 -6.000000,7.758743 -5.000000,8.132442 -4.000000,8.490666 -3.000000,8.832362 -2.000000,9.157475 -1.000000,9.466983 0.000000,9.762382 1.000000,10.045897 2.000000,10.319763 3.000000,10.586566 4.000000,10.848750 5.000000,11.108588 6.000000,11.368211 7.000000,11.629784 8.000000,11.894650 9.000000,12.164621 10.000000,12.440711 11.000000,12.724199 12.000000,13.016033 13.000000,13.317040 14.000000,13.628021 15.000000,13.950068 16.000000,14.284259 17.000000,14.631772 18.000000,14.994496 19.000000,15.374409 20.000000,15.774317 21.000000,16.197733 22.000000,16.649070 23.000000,17.133733 24.000000,17.658407 25.000000,18.230911 26.000000,18.860541 27.000000,19.558719 28.000000,20.340064 29.000000,21.223945 30.000000,22.234168 31.000000,23.389727 32.000000,24.693607 33.000000,26.130960 34.000000,27.680367 35.000000,29.323665 36.000000,31.047564 37.000000,32.843161 38.000000,34.703824 39.000000,36.625069 40.000000,38.603226 41.000000,40.635526 42.000000,42.719842 43.000000,44.854090 44.000000,47.036839 45.000000,49.266353 46.000000,51.541580 47.000000,53.861158 48.000000,56.223814 49.000000,58.628624 50.000000,61.074576 51.000000,63.560522 52.000000,66.085612 53.000000,68.648733 54.000000,71.249010 55.000000,73.885456 56.000000,76.557234 57.000000,79.263272 58.000000,82.002866 59.000000,84.774840 60.000000,87.578374 61.000000,90.412658 62.000000,93.276489 63.000000,96.169147 64.000000,99.089638 65.000000,102.037072 66.000000,105.010507 67.000000,108.008864 68.000000,111.031249 69.000000,114.076768 [0m
[Test-1] [0m[INFO] [1780635589.480982238] [test_node_cpp]: [YAW_OPT] init=-5.212 best=-8.000 best_err=3.989 curve=-70.000000,126.156154 -69.000000,123.010733 -68.000000,119.886042 -67.000000,116.783058 -66.000000,113.702705 -65.000000,110.646144 -64.000000,107.614113 -63.000000,104.607657 -62.000000,101.627577 -61.000000,98.674851 -60.000000,95.750346 -59.000000,92.855049 -58.000000,89.989878 -57.000000,87.155520 -56.000000,84.353022 -55.000000,81.583194 -54.000000,78.846961 -53.000000,76.145074 -52.000000,73.478470 -51.000000,70.847834 -50.000000,68.254052 -49.000000,65.698053 -48.000000,63.180549 -47.000000,60.702297 -46.000000,58.264188 -45.000000,55.866941 -44.000000,53.511385 -43.000000,51.198259 -42.000000,48.928224 -41.000000,46.702259 -40.000000,44.520879 -39.000000,42.385020 -38.000000,40.295393 -37.000000,38.252613 -36.000000,36.257666 -35.000000,34.311193 -34.000000,32.413970 -33.000000,30.566711 -32.000000,28.770386 -31.000000,27.025768 -30.000000,25.333583 -29.000000,23.694878 -28.000000,22.110462 -27.000000,20.581507 -26.000000,19.108896 -25.000000,17.693712 -24.000000,16.337235 -23.000000,15.040671 -22.000000,13.805324 -21.000000,12.632410 -20.000000,11.523550 -19.000000,10.479801 -18.000000,9.502517 -17.000000,8.592759 -16.000000,7.751594 -15.000000,6.980208 -14.000000,6.280104 -13.000000,5.654104 -12.000000,5.108110 -11.000000,4.652029 -10.000000,4.299444 -9.000000,4.064396 -8.000000,3.988517 -7.000000,4.168651 -6.000000,4.477483 -5.000000,4.813438 -4.000000,5.152367 -3.000000,5.485956 -2.000000,5.811391 -1.000000,6.127994 0.000000,6.436235 1.000000,6.737091 2.000000,7.032529 3.000000,7.323933 4.000000,7.613291 5.000000,7.902303 6.000000,8.192707 7.000000,8.485967 8.000000,8.783757 9.000000,9.087456 10.000000,9.398494 11.000000,9.718496 12.000000,10.049208 13.000000,10.392461 14.000000,10.751028 15.000000,11.127935 16.000000,11.527217 17.000000,11.953667 18.000000,12.413046 19.000000,12.911693 20.000000,13.456463 21.000000,14.056865 22.000000,14.738558 23.000000,15.604571 24.000000,16.713009 25.000000,17.949416 26.000000,19.268775 27.000000,20.658934 28.000000,22.114621 29.000000,23.632255 30.000000,25.209414 31.000000,26.844087 32.000000,28.534696 33.000000,30.279798 34.000000,32.078019 35.000000,33.928467 36.000000,35.829795 37.000000,37.781349 38.000000,39.781947 39.000000,41.830785 40.000000,43.927136 41.000000,46.070040 42.000000,48.258706 43.000000,50.492258 44.000000,52.770012 45.000000,55.091079 46.000000,57.454574 47.000000,59.859938 48.000000,62.306225 49.000000,64.792520 50.000000,67.318161 51.000000,69.882174 52.000000,72.483907 53.000000,75.122400 54.000000,77.796815 55.000000,80.506409 56.000000,83.250227 57.000000,86.027364 58.000000,88.837030 59.000000,91.678337 60.000000,94.550409 61.000000,97.452247 62.000000,100.383110 63.000000,103.341930 64.000000,106.327845 65.000000,109.339993 66.000000,112.377248 67.000000,115.439003 68.000000,118.523960 69.000000,121.631429 [0m
[Test-1] [0m[INFO] [1780635589.508943516] [test_node_cpp]: [YAW_OPT] init=-1.491 best=-4.000 best_err=3.355 curve=-70.000000,126.638389 -69.000000,123.461075 -68.000000,120.305698 -67.000000,117.173123 -66.000000,114.064445 -65.000000,110.980342 -64.000000,107.922097 -63.000000,104.890383 -62.000000,101.886312 -61.000000,98.910797 -60.000000,95.964640 -59.000000,93.048706 -58.000000,90.164032 -57.000000,87.311482 -56.000000,84.491800 -55.000000,81.706095 -54.000000,78.954991 -53.000000,76.239469 -52.000000,73.560276 -51.000000,70.918352 -50.000000,68.314503 -49.000000,65.749483 -48.000000,63.224229 -47.000000,60.739257 -46.000000,58.295571 -45.000000,55.894001 -44.000000,53.535075 -43.000000,51.219753 -42.000000,48.948754 -41.000000,46.722759 -40.000000,44.542621 -39.000000,42.409032 -38.000000,40.322707 -37.000000,38.284539 -36.000000,36.295035 -35.000000,34.355131 -34.000000,32.465572 -33.000000,30.627125 -32.000000,28.840608 -31.000000,27.106984 -30.000000,25.426971 -29.000000,23.801732 -28.000000,22.232188 -27.000000,20.719583 -26.000000,19.265206 -25.000000,17.870365 -24.000000,16.536699 -23.000000,15.266048 -22.000000,14.060074 -21.000000,12.921010 -20.000000,11.850516 -19.000000,10.850509 -18.000000,9.921818 -17.000000,9.064769 -16.000000,8.278659 -15.000000,7.561302 -14.000000,6.909553 -13.000000,6.319150 -12.000000,5.785333 -11.000000,5.303647 -10.000000,4.869898 -9.000000,4.481718 -8.000000,4.138803 -7.000000,3.843995 -6.000000,3.605079 -5.000000,3.435991 -4.000000,3.354528 -3.000000,3.370346 -2.000000,3.468782 -1.000000,3.620129 0.000000,3.800355 1.000000,3.996297 2.000000,4.202080 3.000000,4.415840 4.000000,4.637627 5.000000,4.867539 6.000000,5.106143 7.000000,5.353703 8.000000,5.609987 9.000000,5.874693 10.000000,6.147228 11.000000,6.427152 12.000000,6.715955 13.000000,7.167508 14.000000,7.741584 15.000000,8.353388 16.000000,9.012082 17.000000,9.772942 18.000000,10.721081 19.000000,11.781598 20.000000,12.912286 21.000000,14.104542 22.000000,15.355818 23.000000,16.664401 24.000000,18.029664 25.000000,19.450547 26.000000,20.926589 27.000000,22.457087 28.000000,24.041255 29.000000,25.678797 30.000000,27.368821 31.000000,29.110850 32.000000,30.904269 33.000000,32.748449 34.000000,34.642791 35.000000,36.586687 36.000000,38.579368 37.000000,40.620347 38.000000,42.708803 39.000000,44.844206 40.000000,47.025808 41.000000,49.252896 42.000000,51.524837 43.000000,53.840825 44.000000,56.200273 45.000000,58.602322 46.000000,61.046278 47.000000,63.531336 48.000000,66.056748 49.000000,68.621821 50.000000,71.225583 51.000000,73.867337 52.000000,76.546221 53.000000,79.261563 54.000000,82.012306 55.000000,84.797718 56.000000,87.616996 57.000000,90.469161 58.000000,93.353405 59.000000,96.268803 60.000000,99.214510 61.000000,102.189530 62.000000,105.193016 63.000000,108.224167 64.000000,111.281814 65.000000,114.365162 66.000000,117.473359 67.000000,120.605175 68.000000,123.759929 69.000000,126.936417 [0m
[Test-1] [0m[INFO] [1780635589.536771830] [test_node_cpp]: [YAW_OPT] init=3.343 best=4.000 best_err=1.915 curve=-70.000000,122.607872 -69.000000,119.471922 -68.000000,116.358528 -67.000000,113.268607 -66.000000,110.203141 -65.000000,107.162914 -64.000000,104.149038 -63.000000,101.162426 -62.000000,98.203815 -61.000000,95.274366 -60.000000,92.374690 -59.000000,89.505898 -58.000000,86.668782 -57.000000,83.864315 -56.000000,81.093123 -55.000000,78.356177 -54.000000,75.654470 -53.000000,72.988610 -52.000000,70.359525 -51.000000,67.768004 -50.000000,65.214743 -49.000000,62.700764 -48.000000,60.226592 -47.000000,57.793137 -46.000000,55.401146 -45.000000,53.051302 -44.000000,50.744353 -43.000000,48.481046 -42.000000,46.261957 -41.000000,44.088012 -40.000000,41.959799 -39.000000,39.877873 -38.000000,37.843080 -37.000000,35.855943 -36.000000,33.917231 -35.000000,32.027496 -34.000000,30.187342 -33.000000,28.397465 -32.000000,26.658604 -31.000000,24.971266 -30.000000,23.336250 -29.000000,21.754166 -28.000000,20.225952 -27.000000,18.752600 -26.000000,17.335331 -25.000000,15.976395 -24.000000,14.680841 -23.000000,13.466630 -22.000000,12.418513 -21.000000,11.592294 -20.000000,10.860174 -19.000000,10.180964 -18.000000,9.552312 -17.000000,8.979232 -16.000000,8.465540 -15.000000,8.007322 -14.000000,7.592458 -13.000000,7.207487 -12.000000,6.842085 -11.000000,6.490075 -10.000000,6.147421 -9.000000,5.812068 -8.000000,5.482719 -7.000000,5.158556 -6.000000,4.839166 -5.000000,4.524046 -4.000000,4.212699 -3.000000,3.904908 -2.000000,3.600237 -1.000000,3.297973 0.000000,2.997867 1.000000,2.699673 2.000000,2.404995 3.000000,2.120566 4.000000,1.914720 5.000000,1.993349 6.000000,2.181390 7.000000,2.464828 8.000000,2.830078 9.000000,3.267306 10.000000,3.774476 11.000000,4.353817 12.000000,5.008073 13.000000,5.737370 14.000000,6.539941 15.000000,7.412564 16.000000,8.352450 17.000000,9.356887 18.000000,10.423603 19.000000,11.550933 20.000000,12.737312 21.000000,13.981703 22.000000,15.283116 23.000000,16.640509 24.000000,18.053205 25.000000,19.520467 26.000000,21.041394 27.000000,22.615620 28.000000,24.242571 29.000000,25.921263 30.000000,27.651442 31.000000,29.432395 32.000000,31.263396 33.000000,33.144029 34.000000,35.073578 35.000000,37.051397 36.000000,39.076971 37.000000,41.149478 38.000000,43.268531 39.000000,45.433256 40.000000,47.642913 41.000000,49.897118 42.000000,52.194947 43.000000,54.535654 44.000000,56.918753 45.000000,59.343254 46.000000,61.808662 47.000000,64.313995 48.000000,66.858646 49.000000,69.441877 50.000000,72.062640 51.000000,74.720329 52.000000,77.414208 53.000000,80.143299 54.000000,82.906747 55.000000,85.703816 56.000000,88.533711 57.000000,91.395396 58.000000,94.288077 59.000000,97.210959 60.000000,100.163005 61.000000,103.143419 62.000000,106.151287 63.000000,109.185629 64.000000,112.245656 65.000000,115.330148 66.000000,118.438429 67.000000,121.569463 68.000000,124.722334 69.000000,127.896071 [0m
[Test-1] [0m[INFO] [1780635589.565002883] [test_node_cpp]: [YAW_OPT] init=9.243 best=10.000 best_err=2.250 curve=-70.000000,114.559105 -69.000000,111.505803 -68.000000,108.475453 -67.000000,105.469086 -66.000000,102.487527 -65.000000,99.531817 -64.000000,96.602765 -63.000000,93.701375 -62.000000,90.828450 -61.000000,87.985047 -60.000000,85.171880 -59.000000,82.389929 -58.000000,79.640039 -57.000000,76.923144 -56.000000,74.240078 -55.000000,71.591696 -54.000000,68.978884 -53.000000,66.402492 -52.000000,63.863258 -51.000000,61.362183 -50.000000,58.900058 -49.000000,56.477753 -48.000000,54.096146 -47.000000,51.756000 -46.000000,49.458351 -45.000000,47.203973 -44.000000,44.993786 -43.000000,42.828841 -42.000000,40.710255 -41.000000,38.638867 -40.000000,36.616055 -39.000000,34.643241 -38.000000,32.721909 -37.000000,30.853991 -36.000000,29.041977 -35.000000,27.289018 -34.000000,25.599464 -33.000000,23.979490 -32.000000,22.438977 -31.000000,20.992012 -30.000000,19.658307 -29.000000,18.458881 -28.000000,17.402697 -27.000000,16.479198 -26.000000,15.667425 -25.000000,14.947978 -24.000000,14.305970 -23.000000,13.728585 -22.000000,13.204356 -21.000000,12.722567 -20.000000,12.273935 -19.000000,11.851421 -18.000000,11.449219 -17.000000,11.063236 -16.000000,10.690395 -15.000000,10.328663 -14.000000,9.976737 -13.000000,9.633654 -12.000000,9.298874 -11.000000,8.972343 -10.000000,8.653734 -9.000000,8.343116 -8.000000,8.040335 -7.000000,7.744983 -6.000000,7.456277 -5.000000,7.172896 -4.000000,6.892972 -3.000000,6.614033 -2.000000,6.333105 -1.000000,6.046409 0.000000,5.750176 1.000000,5.440196 2.000000,5.112688 3.000000,4.764594 4.000000,4.394862 5.000000,4.004552 6.000000,3.598241 7.000000,3.186237 8.000000,2.788588 9.000000,2.446648 10.000000,2.250473 11.000000,2.340869 12.000000,2.736155 13.000000,3.336741 14.000000,4.074464 15.000000,4.915634 16.000000,5.842582 17.000000,6.844967 18.000000,7.916278 19.000000,9.052254 20.000000,10.249750 21.000000,11.506364 22.000000,12.820575 23.000000,14.190774 24.000000,15.615790 25.000000,17.094841 26.000000,18.626893 27.000000,20.211323 28.000000,21.847271 29.000000,23.534050 30.000000,25.271017 31.000000,27.057439 32.000000,28.892844 33.000000,30.776422 34.000000,32.707680 35.000000,34.685890 36.000000,36.710458 37.000000,38.780614 38.000000,40.895839 39.000000,43.055375 40.000000,45.258589 41.000000,47.504790 42.000000,49.793294 43.000000,52.123354 44.000000,54.494226 45.000000,56.905291 46.000000,59.355686 47.000000,61.844672 48.000000,64.371632 49.000000,66.935646 50.000000,69.535979 51.000000,72.171831 52.000000,74.842347 53.000000,77.546789 54.000000,80.284365 55.000000,83.054157 56.000000,85.855246 57.000000,88.687021 58.000000,91.548384 59.000000,94.438537 60.000000,97.356751 61.000000,100.301864 62.000000,103.273143 63.000000,106.269673 64.000000,109.290417 65.000000,112.334701 66.000000,115.401428 67.000000,118.489621 68.000000,121.598486 69.000000,124.726987 [0m
[Test-1] [0m[INFO] [1780635589.594640578] [test_node_cpp]: [YAW_OPT] init=17.284 best=18.000 best_err=2.706 curve=-70.000000,104.129482 -69.000000,101.097718 -68.000000,98.089947 -67.000000,95.107105 -66.000000,92.150223 -65.000000,89.220139 -64.000000,86.317980 -63.000000,83.444325 -62.000000,80.600564 -61.000000,77.787255 -60.000000,75.005605 -59.000000,72.256547 -58.000000,69.540933 -57.000000,66.859715 -56.000000,64.214003 -55.000000,61.604728 -54.000000,59.032957 -53.000000,56.499666 -52.000000,54.006070 -51.000000,51.553094 -50.000000,49.142379 -49.000000,46.775157 -48.000000,44.452897 -47.000000,42.177523 -46.000000,39.951252 -45.000000,37.776833 -44.000000,35.658108 -43.000000,33.600595 -42.000000,31.613019 -41.000000,29.711201 -40.000000,27.926931 -39.000000,26.321603 -38.000000,24.965756 -37.000000,23.848662 -36.000000,22.898634 -35.000000,22.068308 -34.000000,21.335506 -33.000000,20.686934 -32.000000,20.109846 -31.000000,19.591688 -30.000000,19.120128 -29.000000,18.685044 -28.000000,18.278267 -27.000000,17.893743 -26.000000,17.527091 -25.000000,17.175349 -24.000000,16.836425 -23.000000,16.509148 -22.000000,16.193071 -21.000000,15.888289 -20.000000,15.595222 -19.000000,15.314807 -18.000000,15.048242 -17.000000,14.797068 -16.000000,14.562577 -15.000000,14.346397 -14.000000,14.149437 -13.000000,13.972502 -12.000000,13.816213 -11.000000,13.681575 -10.000000,13.570519 -9.000000,13.486191 -8.000000,13.430334 -7.000000,13.398708 -6.000000,13.378765 -5.000000,13.354399 -4.000000,13.310925 -3.000000,13.237537 -2.000000,13.126938 -1.000000,12.974357 0.000000,12.776545 1.000000,12.531480 2.000000,12.237428 3.000000,11.893763 4.000000,11.499867 5.000000,11.055715 6.000000,10.561544 7.000000,10.018005 8.000000,9.426040 9.000000,8.787586 10.000000,8.105056 11.000000,7.382437 12.000000,6.625656 13.000000,5.844220 14.000000,5.054113 15.000000,4.284771 16.000000,3.590170 17.000000,3.045207 18.000000,2.706334 19.000000,2.938969 20.000000,3.860504 21.000000,4.968438 22.000000,6.202213 23.000000,7.530900 24.000000,8.937946 25.000000,10.413939 26.000000,11.952999 27.000000,13.551289 28.000000,15.206218 29.000000,16.915628 30.000000,18.677799 31.000000,20.491439 32.000000,22.355407 33.000000,24.268810 34.000000,26.230512 35.000000,28.239621 36.000000,30.295556 37.000000,32.397291 38.000000,34.544131 39.000000,36.735358 40.000000,38.970079 41.000000,41.247672 42.000000,43.567334 43.000000,45.928156 44.000000,48.329546 45.000000,50.770672 46.000000,53.250888 47.000000,55.769253 48.000000,58.325067 49.000000,60.917397 50.000000,63.545673 51.000000,66.208844 52.000000,68.906164 53.000000,71.636826 54.000000,74.400026 55.000000,77.194841 56.000000,80.020468 57.000000,82.875986 58.000000,85.760473 59.000000,88.673190 60.000000,91.613095 61.000000,94.579513 62.000000,97.571280 63.000000,100.587601 64.000000,103.627555 65.000000,106.690165 66.000000,109.774573 67.000000,112.879678 68.000000,116.004809 69.000000,119.148802 [0m
[Test-1] [0m[INFO] [1780635589.622681479] [test_node_cpp]: [YAW_OPT] init=27.336 best=28.000 best_err=2.750 curve=-70.000000,86.806229 -69.000000,83.791326 -68.000000,80.802532 -67.000000,77.841048 -66.000000,74.908032 -65.000000,72.004691 -64.000000,69.132368 -63.000000,66.292443 -62.000000,63.486227 -61.000000,60.715393 -60.000000,57.981530 -59.000000,55.286959 -58.000000,52.633788 -57.000000,50.024850 -56.000000,47.463843 -55.000000,44.955451 -54.000000,42.506659 -53.000000,40.127767 -52.000000,37.836817 -51.000000,35.667887 -50.000000,33.687635 -49.000000,31.993155 -48.000000,30.617184 -47.000000,29.484122 -46.000000,28.519309 -45.000000,27.684343 -44.000000,26.957772 -43.000000,26.322460 -42.000000,25.762421 -41.000000,25.262781 -40.000000,24.810872 -39.000000,24.396755 -38.000000,24.012656 -37.000000,23.653272 -36.000000,23.314715 -35.000000,22.995006 -34.000000,22.693070 -33.000000,22.408902 -32.000000,22.143927 -31.000000,21.900327 -30.000000,21.681587 -29.000000,21.492366 -28.000000,21.338293 -27.000000,21.225306 -26.000000,21.159499 -25.000000,21.145951 -24.000000,21.189126 -23.000000,21.296400 -22.000000,21.487267 -21.000000,21.803409 -20.000000,22.276553 -19.000000,22.863979 -18.000000,23.494794 -17.000000,24.125316 -16.000000,24.733939 -15.000000,25.309160 -14.000000,25.844376 -13.000000,26.335187 -12.000000,26.778805 -11.000000,27.172850 -10.000000,27.515946 -9.000000,27.806781 -8.000000,28.044352 -7.000000,28.227983 -6.000000,28.357069 -5.000000,28.430976 -4.000000,28.449648 -3.000000,28.412491 -2.000000,28.319337 -1.000000,28.170080 0.000000,27.964624 1.000000,27.702808 2.000000,27.384590 3.000000,27.010223 4.000000,26.579457 5.000000,26.092504 6.000000,25.549577 7.000000,24.950743 8.000000,24.296271 9.000000,23.586401 10.000000,22.821522 11.000000,22.001795 12.000000,21.127803 13.000000,20.200027 14.000000,19.219068 15.000000,18.185593 16.000000,17.100613 17.000000,15.965132 18.000000,14.780683 19.000000,13.549264 20.000000,12.273562 21.000000,10.957411 22.000000,9.607019 23.000000,8.231831 24.000000,6.848404 25.000000,5.485919 26.000000,4.197409 27.000000,3.078595 28.000000,2.749782 29.000000,3.841692 30.000000,5.285419 31.000000,6.922677 32.000000,8.689748 33.000000,10.552443 34.000000,12.491510 35.000000,14.496164 36.000000,16.559540 37.000000,18.676961 38.000000,20.845527 39.000000,23.062525 40.000000,25.326268 41.000000,27.635156 42.000000,29.987690 43.000000,32.382911 44.000000,34.819672 45.000000,37.296819 46.000000,39.813525 47.000000,42.368635 48.000000,44.961455 49.000000,47.591016 50.000000,50.256364 51.000000,52.956569 52.000000,55.690826 53.000000,58.458294 54.000000,61.258002 55.000000,64.088940 56.000000,66.950401 57.000000,69.841498 58.000000,72.761234 59.000000,75.708727 60.000000,78.682984 61.000000,81.683132 62.000000,84.708365 63.000000,87.757509 64.000000,90.829883 65.000000,93.924315 66.000000,97.039882 67.000000,100.175783 68.000000,103.330910 69.000000,106.504407 [0m
[Test-1] [0m[INFO] [1780635589.650172841] [test_node_cpp]: [YAW_OPT] init=-49.941 best=-51.000 best_err=11.655 curve=-70.000000,55.115017 -69.000000,52.115695 -68.000000,49.142960 -67.000000,46.199157 -66.000000,43.286871 -65.000000,40.409353 -64.000000,37.570273 -63.000000,34.774252 -62.000000,32.027086 -61.000000,29.336169 -60.000000,26.711540 -59.000000,24.166565 -58.000000,21.720347 -57.000000,19.400509 -56.000000,17.247252 -55.000000,15.320033 -54.000000,13.702098 -53.000000,12.496040 -52.000000,11.798050 -51.000000,11.654736 -50.000000,12.043250 -49.000000,12.889044 -48.000000,14.097888 -47.000000,15.577696 -46.000000,17.249552 -45.000000,19.051790 -44.000000,20.938639 -43.000000,22.877098 -42.000000,24.843395 -41.000000,26.820725 -40.000000,28.796580 -39.000000,30.761600 -38.000000,32.708787 -37.000000,34.632691 -36.000000,36.529147 -35.000000,38.394665 -34.000000,40.226421 -33.000000,42.022054 -32.000000,43.779563 -31.000000,45.497297 -30.000000,47.173801 -29.000000,48.807800 -28.000000,50.398085 -27.000000,51.943591 -26.000000,53.443539 -25.000000,54.896960 -24.000000,56.303167 -23.000000,57.661331 -22.000000,58.971089 -21.000000,60.231434 -20.000000,61.442249 -19.000000,62.602633 -18.000000,63.712249 -17.000000,64.770895 -16.000000,65.777840 -15.000000,66.732733 -14.000000,67.635464 -13.000000,68.485455 -12.000000,69.282578 -11.000000,70.026551 -10.000000,70.717000 -9.000000,71.353832 -8.000000,71.936881 -7.000000,72.465850 -6.000000,72.940697 -5.000000,73.361322 -4.000000,73.727590 -3.000000,74.039419 -2.000000,74.296827 -1.000000,74.499688 0.000000,74.648256 1.000000,74.742304 2.000000,74.782050 3.000000,74.767492 4.000000,74.698838 5.000000,74.576223 6.000000,74.399833 7.000000,74.169879 8.000000,73.886654 9.000000,73.550469 10.000000,73.161630 11.000000,72.720522 12.000000,72.227541 13.000000,71.683262 14.000000,71.088281 15.000000,70.443184 16.000000,69.748525 17.000000,69.005227 18.000000,68.214046 19.000000,67.376136 20.000000,66.492483 21.000000,65.564415 22.000000,64.593268 23.000000,63.580969 24.000000,62.529079 25.000000,61.440007 26.000000,60.316209 27.000000,59.160951 28.000000,57.977372 29.000000,56.770062 30.000000,55.543823 31.000000,54.304516 32.000000,53.059288 33.000000,51.816418 34.000000,50.585581 35.000000,49.377790 36.000000,48.205468 37.000000,47.081674 38.000000,46.019839 39.000000,45.032554 40.000000,44.130511 41.000000,43.321796 42.000000,42.611540 43.000000,42.001667 44.000000,41.490797 45.000000,41.075342 46.000000,40.749683 47.000000,40.507058 48.000000,40.339878 49.000000,40.241141 50.000000,40.203985 51.000000,40.222672 52.000000,40.292575 53.000000,40.410308 54.000000,40.573739 55.000000,40.782157 56.000000,41.036166 57.000000,41.338024 58.000000,41.691670 59.000000,42.102555 60.000000,42.578623 61.000000,43.129850 62.000000,43.768820 63.000000,44.510529 64.000000,45.372381 65.000000,46.373334 66.000000,47.532077 67.000000,48.865370 68.000000,50.384846 69.000000,52.094631 [0m
[Test-1] [0m[INFO] [1780635589.652359113] [test_node_cpp]: [YAW_OPT] init=35.048 best=35.000 best_err=3.543 curve=-70.000000,68.297767 -69.000000,65.353472 -68.000000,62.442556 -67.000000,59.567742 -66.000000,56.732397 -65.000000,53.940761 -64.000000,51.198140 -63.000000,48.512589 -62.000000,45.895011 -61.000000,43.363981 -60.000000,40.954267 -59.000000,38.740597 -58.000000,36.867327 -57.000000,35.426515 -56.000000,34.309474 -55.000000,33.396227 -54.000000,32.628727 -53.000000,31.975363 -52.000000,31.412686 -51.000000,30.921160 -50.000000,30.485140 -49.000000,30.092216 -48.000000,29.733345 -47.000000,29.402099 -46.000000,29.093907 -45.000000,28.806243 -44.000000,28.537659 -43.000000,28.288089 -42.000000,28.058995 -41.000000,27.852479 -40.000000,27.672509 -39.000000,27.524208 -38.000000,27.414438 -37.000000,27.351148 -36.000000,27.342851 -35.000000,27.397598 -34.000000,27.521147 -33.000000,27.717410 -32.000000,27.990798 -31.000000,28.355774 -30.000000,28.855178 -29.000000,29.556886 -28.000000,30.457392 -27.000000,31.463410 -26.000000,32.500405 -25.000000,33.532030 -24.000000,34.540304 -23.000000,35.515774 -22.000000,36.452247 -21.000000,37.345942 -20.000000,38.193828 -19.000000,38.993892 -18.000000,39.744444 -17.000000,40.444204 -16.000000,41.092152 -15.000000,41.687315 -14.000000,42.229067 -13.000000,42.716556 -12.000000,43.149638 -11.000000,43.527636 -10.000000,43.850204 -9.000000,44.116992 -8.000000,44.327891 -7.000000,44.482532 -6.000000,44.580696 -5.000000,44.622353 -4.000000,44.607326 -3.000000,44.535535 -2.000000,44.406845 -1.000000,44.221334 0.000000,43.979043 1.000000,43.679937 2.000000,43.324036 3.000000,42.911440 4.000000,42.442255 5.000000,41.916499 6.000000,41.334543 7.000000,40.696267 8.000000,40.002253 9.000000,39.252353 10.000000,38.446889 11.000000,37.586317 12.000000,36.670715 13.000000,35.700436 14.000000,34.676087 15.000000,33.597707 16.000000,32.465839 17.000000,31.281001 18.000000,30.043741 19.000000,28.754398 20.000000,27.413887 21.000000,26.022752 22.000000,24.581714 23.000000,23.092001 24.000000,21.554452 25.000000,19.970705 26.000000,18.342365 27.000000,16.671640 28.000000,14.962018 29.000000,13.217776 30.000000,11.445843 31.000000,9.657285 32.000000,7.870386 33.000000,6.117661 34.000000,4.460024 35.000000,3.542863 36.000000,3.909454 37.000000,5.282230 38.000000,7.011395 39.000000,8.974561 40.000000,11.086617 41.000000,13.301142 42.000000,15.593480 43.000000,17.949607 44.000000,20.361015 45.000000,22.822265 46.000000,25.329288 47.000000,27.879476 48.000000,30.470451 49.000000,33.100442 50.000000,35.767800 51.000000,38.471267 52.000000,41.209436 53.000000,43.981255 54.000000,46.785583 55.000000,49.621371 56.000000,52.487529 57.000000,55.383068 58.000000,58.307079 59.000000,61.258367 60.000000,64.236184 61.000000,67.239427 62.000000,70.267187 63.000000,73.318372 64.000000,76.392157 65.000000,79.487524 66.000000,82.603343 67.000000,85.738918 68.000000,88.893068 69.000000,92.064857 [0m
[Test-1] [0m[INFO] [1780635589.680407171] [test_node_cpp]: [YAW_OPT] init=-40.002 best=-41.000 best_err=10.381 curve=-70.000000,76.220065 -69.000000,73.256310 -68.000000,70.313603 -67.000000,67.392941 -66.000000,64.495732 -65.000000,61.623015 -64.000000,58.776210 -63.000000,55.956453 -62.000000,53.165230 -61.000000,50.404155 -60.000000,47.674674 -59.000000,44.978558 -58.000000,42.318008 -57.000000,39.694934 -56.000000,37.112029 -55.000000,34.572322 -54.000000,32.079385 -53.000000,29.637608 -52.000000,27.252506 -51.000000,24.931080 -50.000000,22.682702 -49.000000,20.519909 -48.000000,18.459838 -47.000000,16.526086 -46.000000,14.751614 -45.000000,13.181948 -44.000000,11.879482 -43.000000,10.927975 -42.000000,10.418071 -41.000000,10.380978 -40.000000,10.752736 -39.000000,11.446815 -38.000000,12.396014 -37.000000,13.543414 -36.000000,14.835669 -35.000000,16.225873 -34.000000,17.676567 -33.000000,19.160623 -32.000000,20.657920 -31.000000,22.154051 -30.000000,23.638705 -29.000000,25.103945 -28.000000,26.543883 -27.000000,27.953983 -26.000000,29.330501 -25.000000,30.670756 -24.000000,31.972162 -23.000000,33.232764 -22.000000,34.451146 -21.000000,35.625792 -20.000000,36.755499 -19.000000,37.839368 -18.000000,38.876307 -17.000000,39.865667 -16.000000,40.806961 -15.000000,41.699374 -14.000000,42.542436 -13.000000,43.335630 -12.000000,44.078734 -11.000000,44.771241 -10.000000,45.412997 -9.000000,46.003604 -8.000000,46.543020 -7.000000,47.030978 -6.000000,47.467247 -5.000000,47.852065 -4.000000,48.185095 -3.000000,48.466478 -2.000000,48.696289 -1.000000,48.874578 0.000000,49.001524 1.000000,49.077332 2.000000,49.102100 3.000000,49.076291 4.000000,49.000335 5.000000,48.874520 6.000000,48.699461 7.000000,48.475848 8.000000,48.204345 9.000000,47.885755 10.000000,47.521121 11.000000,47.111648 12.000000,46.658835 13.000000,46.163949 14.000000,45.629256 15.000000,45.056855 16.000000,44.449583 17.000000,43.810476 18.000000,43.143707 19.000000,42.453836 20.000000,41.746590 21.000000,41.028716 22.000000,40.308357 23.000000,39.594821 24.000000,38.898339 25.000000,38.230188 26.000000,37.600902 27.000000,37.019925 28.000000,36.494699 29.000000,36.029581 30.000000,35.626781 31.000000,35.286202 32.000000,35.006279 33.000000,34.784978 34.000000,34.619534 35.000000,34.506993 36.000000,34.444253 37.000000,34.428309 38.000000,34.456012 39.000000,34.524835 40.000000,34.632237 41.000000,34.776410 42.000000,34.956095 43.000000,35.170694 44.000000,35.420221 45.000000,35.705738 46.000000,36.029254 47.000000,36.393789 48.000000,36.803682 49.000000,37.264895 50.000000,37.784676 51.000000,38.372744 52.000000,39.040858 53.000000,39.803271 54.000000,40.677158 55.000000,41.681964 56.000000,42.837864 57.000000,44.163033 58.000000,45.669224 59.000000,47.357402 60.000000,49.218410 61.000000,51.234807 62.000000,53.386864 63.000000,55.655197 64.000000,58.022735 65.000000,60.475373 66.000000,63.001613 67.000000,65.591956 68.000000,68.238786 69.000000,70.935597 [0m
[Test-1] [0m[INFO] [1780635589.682509644] [test_node_cpp]: [YAW_OPT] init=42.175 best=42.000 best_err=4.788 curve=-70.000000,48.950295 -69.000000,46.355732 -68.000000,43.906384 -67.000000,41.707813 -66.000000,39.944643 -65.000000,38.652519 -64.000000,37.659526 -63.000000,36.848239 -62.000000,36.167048 -61.000000,35.586694 -60.000000,35.086413 -59.000000,34.649547 -58.000000,34.263197 -57.000000,33.917474 -56.000000,33.605154 -55.000000,33.321034 -54.000000,33.062030 -53.000000,32.826116 -52.000000,32.613123 -51.000000,32.423881 -50.000000,32.260586 -49.000000,32.126798 -48.000000,32.027777 -47.000000,31.969826 -46.000000,31.961040 -45.000000,32.010432 -44.000000,32.126684 -43.000000,32.318005 -42.000000,32.590745 -41.000000,32.952394 -40.000000,33.419779 -39.000000,34.041457 -38.000000,34.912630 -37.000000,36.062049 -36.000000,37.375939 -35.000000,38.751939 -34.000000,40.140963 -33.000000,41.520375 -32.000000,42.877545 -31.000000,44.204922 -30.000000,45.497369 -29.000000,46.751102 -28.000000,47.963363 -27.000000,49.131980 -26.000000,50.254936 -25.000000,51.330984 -24.000000,52.358833 -23.000000,53.337291 -22.000000,54.265738 -21.000000,55.143060 -20.000000,55.968791 -19.000000,56.742250 -18.000000,57.462884 -17.000000,58.130167 -16.000000,58.743786 -15.000000,59.303249 -14.000000,59.808231 -13.000000,60.258527 -12.000000,60.653691 -11.000000,60.993751 -10.000000,61.278237 -9.000000,61.507120 -8.000000,61.680273 -7.000000,61.797462 -6.000000,61.858665 -5.000000,61.863834 -4.000000,61.812809 -3.000000,61.705606 -2.000000,61.542383 -1.000000,61.322919 0.000000,61.047308 1.000000,60.715772 2.000000,60.328127 3.000000,59.884698 4.000000,59.385561 5.000000,58.830689 6.000000,58.220447 7.000000,57.554950 8.000000,56.834390 9.000000,56.058968 10.000000,55.229105 11.000000,54.344768 12.000000,53.406396 13.000000,52.414378 14.000000,51.368872 15.000000,50.270400 16.000000,49.119127 17.000000,47.915792 18.000000,46.660445 19.000000,45.353832 20.000000,43.996315 21.000000,42.588459 22.000000,41.130745 23.000000,39.623897 24.000000,38.068463 25.000000,36.465209 26.000000,34.814964 27.000000,33.118586 28.000000,31.376962 29.000000,29.591323 30.000000,27.763063 31.000000,25.893466 32.000000,23.984804 33.000000,22.039176 34.000000,20.060043 35.000000,18.051354 36.000000,16.019331 37.000000,13.972448 38.000000,11.924136 39.000000,9.895358 40.000000,7.920050 41.000000,6.053587 42.000000,4.787935 43.000000,4.913993 44.000000,6.289723 45.000000,8.052493 46.000000,10.097474 47.000000,12.335163 48.000000,14.705215 49.000000,17.171389 50.000000,19.711744 51.000000,22.312587 52.000000,24.964799 53.000000,27.662582 54.000000,30.401150 55.000000,33.177346 56.000000,35.988473 57.000000,38.832192 58.000000,41.706824 59.000000,44.610521 60.000000,47.542072 61.000000,50.499863 62.000000,53.482792 63.000000,56.489581 64.000000,59.519011 65.000000,62.569975 66.000000,65.641438 67.000000,68.732419 68.000000,71.841519 69.000000,74.967962 [0m
[Test-1] [0m[INFO] [1780635589.710046448] [test_node_cpp]: [YAW_OPT] init=-31.624 best=-34.000 best_err=10.469 curve=-70.000000,93.496161 -69.000000,90.465507 -68.000000,87.455769 -67.000000,84.468203 -66.000000,81.503641 -65.000000,78.563170 -64.000000,75.647830 -63.000000,72.758577 -62.000000,69.896608 -61.000000,67.062911 -60.000000,64.258563 -59.000000,61.484701 -58.000000,58.742446 -57.000000,56.033036 -56.000000,53.357590 -55.000000,50.717493 -54.000000,48.114061 -53.000000,45.548819 -52.000000,43.023202 -51.000000,40.539048 -50.000000,38.098156 -49.000000,35.702728 -48.000000,33.355321 -47.000000,31.058734 -46.000000,28.816520 -45.000000,26.632825 -44.000000,24.513122 -43.000000,22.464184 -42.000000,20.495178 -41.000000,18.618109 -40.000000,16.849861 -39.000000,15.213711 -38.000000,13.742167 -37.000000,12.479239 -36.000000,11.479639 -35.000000,10.799174 -34.000000,10.468819 -33.000000,10.472608 -32.000000,10.756979 -31.000000,11.262354 -30.000000,11.938830 -29.000000,12.747002 -28.000000,13.654213 -27.000000,14.632870 -26.000000,15.659494 -25.000000,16.714412 -24.000000,17.781820 -23.000000,18.849114 -22.000000,19.906146 -21.000000,20.945000 -20.000000,21.959419 -19.000000,22.944438 -18.000000,23.896187 -17.000000,24.811402 -16.000000,25.687546 -15.000000,26.522507 -14.000000,27.314843 -13.000000,28.062879 -12.000000,28.765707 -11.000000,29.422411 -10.000000,30.032185 -9.000000,30.594588 -8.000000,31.109358 -7.000000,31.576051 -6.000000,31.994654 -5.000000,32.365152 -4.000000,32.687478 -3.000000,32.962274 -2.000000,33.189564 -1.000000,33.370112 0.000000,33.504484 1.000000,33.593544 2.000000,33.638452 3.000000,33.640405 4.000000,33.600960 5.000000,33.521821 6.000000,33.405517 7.000000,33.254411 8.000000,33.071410 9.000000,32.860261 10.000000,32.624927 11.000000,32.370051 12.000000,32.100989 13.000000,31.823361 14.000000,31.543500 15.000000,31.267726 16.000000,31.002355 17.000000,30.753537 18.000000,30.526647 19.000000,30.326080 20.000000,30.155673 21.000000,30.017926 22.000000,29.914657 23.000000,29.846862 24.000000,29.814717 25.000000,29.818017 26.000000,29.855988 27.000000,29.927700 28.000000,30.032138 29.000000,30.167938 30.000000,30.334129 31.000000,30.530190 32.000000,30.755372 33.000000,31.009687 34.000000,31.293756 35.000000,31.608430 36.000000,31.955721 37.000000,32.338187 38.000000,32.759477 39.000000,33.224192 40.000000,33.738424 41.000000,34.309339 42.000000,34.945832 43.000000,35.658489 44.000000,36.459429 45.000000,37.361978 46.000000,38.380605 47.000000,39.529410 48.000000,40.820825 49.000000,42.263167 50.000000,43.858516 51.000000,45.602677 52.000000,47.485788 53.000000,49.494729 54.000000,51.615999 55.000000,53.835957 56.000000,56.142909 57.000000,58.527067 58.000000,60.979958 59.000000,63.494530 60.000000,66.065008 61.000000,68.686439 62.000000,71.354607 63.000000,74.066048 64.000000,76.817632 65.000000,79.606529 66.000000,82.430397 67.000000,85.286834 68.000000,88.174143 69.000000,91.090283 [0m
[Test-1] [0m[INFO] [1780635589.712194239] [test_node_cpp]: [YAW_OPT] init=50.694 best=51.000 best_err=4.553 curve=-70.000000,38.516841 -69.000000,38.107898 -68.000000,37.754653 -67.000000,37.444992 -66.000000,37.170539 -65.000000,36.925440 -64.000000,36.705629 -63.000000,36.509001 -62.000000,36.335065 -61.000000,36.184574 -60.000000,36.059793 -59.000000,35.964631 -58.000000,35.904795 -57.000000,35.888177 -56.000000,35.924816 -55.000000,36.026993 -54.000000,36.208176 -53.000000,36.481998 -52.000000,36.861102 -51.000000,37.359344 -50.000000,38.002908 -49.000000,38.863172 -48.000000,40.064808 -47.000000,41.606198 -46.000000,43.329976 -45.000000,45.125379 -44.000000,46.943083 -43.000000,48.759295 -42.000000,50.560941 -41.000000,52.339460 -40.000000,54.089283 -39.000000,55.806099 -38.000000,57.486689 -37.000000,59.128432 -36.000000,60.729300 -35.000000,62.287588 -34.000000,63.801653 -33.000000,65.270353 -32.000000,66.692568 -31.000000,68.067365 -30.000000,69.393828 -29.000000,70.670973 -28.000000,71.898432 -27.000000,73.075278 -26.000000,74.200980 -25.000000,75.275101 -24.000000,76.296973 -23.000000,77.266230 -22.000000,78.182505 -21.000000,79.045176 -20.000000,79.854024 -19.000000,80.608707 -18.000000,81.308844 -17.000000,81.954235 -16.000000,82.544522 -15.000000,83.079584 -14.000000,83.558983 -13.000000,83.982756 -12.000000,84.350619 -11.000000,84.662443 -10.000000,84.918147 -9.000000,85.117535 -8.000000,85.260495 -7.000000,85.347010 -6.000000,85.377062 -5.000000,85.350555 -4.000000,85.267554 -3.000000,85.127955 -2.000000,84.931882 -1.000000,84.679261 0.000000,84.370369 1.000000,84.005094 2.000000,83.583474 3.000000,83.105873 4.000000,82.572223 5.000000,81.982815 6.000000,81.337717 7.000000,80.637232 8.000000,79.881417 9.000000,79.070696 10.000000,78.205130 11.000000,77.285104 12.000000,76.310785 13.000000,75.282613 14.000000,74.200726 15.000000,73.065667 16.000000,71.877651 17.000000,70.637096 18.000000,69.344462 19.000000,68.000011 20.000000,66.604368 21.000000,65.157693 22.000000,63.660800 23.000000,62.113846 24.000000,60.517624 25.000000,58.872524 26.000000,57.179223 27.000000,55.438112 28.000000,53.649920 29.000000,51.815224 30.000000,49.934778 31.000000,48.009241 32.000000,46.039383 33.000000,44.025947 34.000000,41.969881 35.000000,39.871976 36.000000,37.733402 37.000000,35.555129 38.000000,33.338639 39.000000,31.085213 40.000000,28.796651 41.000000,26.475104 42.000000,24.123327 43.000000,21.744795 44.000000,19.344421 45.000000,16.929298 46.000000,14.509953 47.000000,12.103463 48.000000,9.738771 49.000000,7.465882 50.000000,5.375178 51.000000,4.553224 52.000000,5.746004 53.000000,7.588986 54.000000,9.809310 55.000000,12.271813 56.000000,14.887313 57.000000,17.604919 58.000000,20.395857 59.000000,23.243205 60.000000,26.136254 61.000000,29.068056 62.000000,32.033680 63.000000,35.029347 64.000000,38.052223 65.000000,41.100110 66.000000,44.170892 67.000000,47.262962 68.000000,50.374544 69.000000,53.504489 [0m
[Test-1] [0m[INFO] [1780635589.740034449] [test_node_cpp]: [YAW_OPT] init=-26.095 best=-28.000 best_err=9.085 curve=-70.000000,105.558065 -69.000000,102.410172 -68.000000,99.284400 -67.000000,96.181767 -66.000000,93.103054 -65.000000,90.049587 -64.000000,87.022156 -63.000000,84.021806 -62.000000,81.049526 -61.000000,78.106245 -60.000000,75.192972 -59.000000,72.310780 -58.000000,69.460643 -57.000000,66.643422 -56.000000,63.860310 -55.000000,61.112204 -54.000000,58.400285 -53.000000,55.725512 -52.000000,53.088868 -51.000000,50.491705 -50.000000,47.935071 -49.000000,45.420134 -48.000000,42.948188 -47.000000,40.520527 -46.000000,38.138794 -45.000000,35.804470 -44.000000,33.519371 -43.000000,31.285582 -42.000000,29.105361 -41.000000,26.981537 -40.000000,24.917442 -39.000000,22.917176 -38.000000,20.986049 -37.000000,19.130816 -36.000000,17.360843 -35.000000,15.688556 -34.000000,14.131688 -33.000000,12.714749 -32.000000,11.471324 -31.000000,10.444013 -30.000000,9.680213 -29.000000,9.222363 -28.000000,9.085328 -27.000000,9.235724 -26.000000,9.608142 -25.000000,10.140027 -24.000000,10.784833 -23.000000,11.509464 -22.000000,12.289050 -21.000000,13.103577 -20.000000,13.936675 -19.000000,14.775110 -18.000000,15.607759 -17.000000,16.425972 -16.000000,17.222505 -15.000000,17.991824 -14.000000,18.729424 -13.000000,19.431893 -12.000000,20.096505 -11.000000,20.721284 -10.000000,21.304554 -9.000000,21.845193 -8.000000,22.342583 -7.000000,22.796250 -6.000000,23.206302 -5.000000,23.572760 -4.000000,23.896347 -3.000000,24.177840 -2.000000,24.418430 -1.000000,24.619749 0.000000,24.783605 1.000000,24.912219 2.000000,25.008493 3.000000,25.075425 4.000000,25.116571 5.000000,25.135972 6.000000,25.137911 7.000000,25.127065 8.000000,25.107847 9.000000,25.085166 10.000000,25.063198 11.000000,25.046416 12.000000,25.038440 13.000000,25.042758 14.000000,25.062172 15.000000,25.099247 16.000000,25.155947 17.000000,25.233900 18.000000,25.334050 19.000000,25.457390 20.000000,25.604222 21.000000,25.774787 22.000000,25.969081 23.000000,26.186960 24.000000,26.428559 25.000000,26.693936 26.000000,26.983491 27.000000,27.298006 28.000000,27.638796 29.000000,28.007718 30.000000,28.407417 31.000000,28.841298 32.000000,29.313838 33.000000,29.830925 34.000000,30.399634 35.000000,31.028745 36.000000,31.728908 37.000000,32.512300 38.000000,33.392871 39.000000,34.385674 40.000000,35.505375 41.000000,36.764604 42.000000,38.171544 43.000000,39.727658 44.000000,41.427949 45.000000,43.262134 46.000000,45.217459 47.000000,47.281089 48.000000,49.440733 49.000000,51.686177 50.000000,54.008593 51.000000,56.400463 52.000000,58.855902 53.000000,61.369660 54.000000,63.937537 55.000000,66.555924 56.000000,69.221657 57.000000,71.931832 58.000000,74.684197 59.000000,77.476445 60.000000,80.306677 61.000000,83.172967 62.000000,86.073745 63.000000,89.007386 64.000000,91.972337 65.000000,94.967063 66.000000,97.990425 67.000000,101.040972 68.000000,104.117358 69.000000,107.218536 [0m
[Test-1] [0m[INFO] [1780635589.767797437] [test_node_cpp]: [YAW_OPT] init=-18.687 best=-22.000 best_err=8.112 curve=-70.000000,114.894501 -69.000000,111.721155 -68.000000,108.570796 -67.000000,105.444353 -66.000000,102.342834 -65.000000,99.267176 -64.000000,96.218380 -63.000000,93.197395 -62.000000,90.205169 -61.000000,87.242716 -60.000000,84.310807 -59.000000,81.410590 -58.000000,78.542846 -57.000000,75.708551 -56.000000,72.908742 -55.000000,70.144168 -54.000000,67.415940 -53.000000,64.724770 -52.000000,62.071854 -51.000000,59.457863 -50.000000,56.883832 -49.000000,54.350662 -48.000000,51.859442 -47.000000,49.411019 -46.000000,47.006322 -45.000000,44.646458 -44.000000,42.332344 -43.000000,40.065182 -42.000000,37.846004 -41.000000,35.675979 -40.000000,33.556487 -39.000000,31.488614 -38.000000,29.474075 -37.000000,27.514267 -36.000000,25.611266 -35.000000,23.766933 -34.000000,21.983835 -33.000000,20.264835 -32.000000,18.613559 -31.000000,17.034343 -30.000000,15.532845 -29.000000,14.116859 -28.000000,12.796711 -27.000000,11.586864 -26.000000,10.507388 -25.000000,9.585781 -24.000000,8.855966 -23.000000,8.355360 -22.000000,8.112394 -21.000000,8.122269 -20.000000,8.335355 -19.000000,8.687715 -18.000000,9.128669 -17.000000,9.624351 -16.000000,10.152512 -15.000000,10.697435 -14.000000,11.247599 -13.000000,11.794273 -12.000000,12.330774 -11.000000,12.851729 -10.000000,13.353289 -9.000000,13.832457 -8.000000,14.287364 -7.000000,14.716766 -6.000000,15.119969 -5.000000,15.497161 -4.000000,15.848901 -3.000000,16.176545 -2.000000,16.481402 -1.000000,16.765624 0.000000,17.031439 1.000000,17.281304 2.000000,17.517976 3.000000,17.744176 4.000000,17.962832 5.000000,18.176668 6.000000,18.388351 7.000000,18.600587 8.000000,18.815460 9.000000,19.035344 10.000000,19.262060 11.000000,19.497192 12.000000,19.742531 13.000000,19.999143 14.000000,20.268250 15.000000,20.550890 16.000000,20.848276 17.000000,21.161366 18.000000,21.491579 19.000000,21.840287 20.000000,22.209316 21.000000,22.601046 22.000000,23.018113 23.000000,23.464210 24.000000,23.943661 25.000000,24.461805 26.000000,25.025209 27.000000,25.641779 28.000000,26.320869 29.000000,27.073258 30.000000,27.910922 31.000000,28.846747 32.000000,29.893428 33.000000,31.061886 34.000000,32.359051 35.000000,33.786239 36.000000,35.339798 37.000000,37.011285 38.000000,38.790843 39.000000,40.668093 40.000000,42.633565 41.000000,44.679430 42.000000,46.798530 43.000000,48.985506 44.000000,51.235580 45.000000,53.544593 46.000000,55.909426 47.000000,58.327142 48.000000,60.795211 49.000000,63.311368 50.000000,65.873736 51.000000,68.480410 52.000000,71.129728 53.000000,73.820236 54.000000,76.550485 55.000000,79.319085 56.000000,82.124679 57.000000,84.965962 58.000000,87.841969 59.000000,90.751200 60.000000,93.692766 61.000000,96.665256 62.000000,99.667768 63.000000,102.699162 64.000000,105.758259 65.000000,108.843939 66.000000,111.955352 67.000000,115.091162 68.000000,118.250512 69.000000,121.432108 [0m
[Test-1] [0m[INFO] [1780635589.796449637] [test_node_cpp]: [YAW_OPT] init=-11.478 best=-16.000 best_err=6.487 curve=-70.000000,120.509835 -69.000000,117.310873 -68.000000,114.135985 -67.000000,110.986044 -66.000000,107.861969 -65.000000,104.764876 -64.000000,101.695633 -63.000000,98.655229 -62.000000,95.644538 -61.000000,92.664676 -60.000000,89.716339 -59.000000,86.800584 -58.000000,83.918415 -57.000000,81.070471 -56.000000,78.257826 -55.000000,75.481485 -54.000000,72.742048 -53.000000,70.040714 -52.000000,67.378086 -51.000000,64.755256 -50.000000,62.172847 -49.000000,59.631840 -48.000000,57.133168 -47.000000,54.677605 -46.000000,52.266104 -45.000000,49.899331 -44.000000,47.578291 -43.000000,45.303736 -42.000000,43.076694 -41.000000,40.897916 -40.000000,38.768250 -39.000000,36.688858 -38.000000,34.660418 -37.000000,32.683983 -36.000000,30.760538 -35.000000,28.891170 -34.000000,27.077074 -33.000000,25.319158 -32.000000,23.618773 -31.000000,21.977240 -30.000000,20.395977 -29.000000,18.876530 -28.000000,17.420556 -27.000000,16.029855 -26.000000,14.706491 -25.000000,13.452799 -24.000000,12.271400 -23.000000,11.165723 -22.000000,10.140397 -21.000000,9.201933 -20.000000,8.361134 -19.000000,7.636005 -18.000000,7.056497 -17.000000,6.663085 -16.000000,6.487157 -15.000000,6.523279 -14.000000,6.726737 -13.000000,7.038996 -12.000000,7.412602 -11.000000,7.816438 -10.000000,8.232252 -9.000000,8.648790 -8.000000,9.059115 -7.000000,9.459278 -6.000000,9.846683 -5.000000,10.220499 -4.000000,10.580414 -3.000000,10.926887 -2.000000,11.261104 -1.000000,11.584580 0.000000,11.898890 1.000000,12.206099 2.000000,12.508254 3.000000,12.807519 4.000000,13.105934 5.000000,13.405519 6.000000,13.708129 7.000000,14.015718 8.000000,14.330102 9.000000,14.652800 10.000000,14.985671 11.000000,15.330619 12.000000,15.689755 13.000000,16.065376 14.000000,16.460230 15.000000,16.877818 16.000000,17.322381 17.000000,17.799120 18.000000,18.314201 19.000000,18.875461 20.000000,19.491605 21.000000,20.172587 22.000000,20.929134 23.000000,21.772214 24.000000,22.711843 25.000000,23.756122 26.000000,24.910186 27.000000,26.174787 28.000000,27.547003 29.000000,29.020893 30.000000,30.589462 31.000000,32.245375 32.000000,33.981673 33.000000,35.792758 34.000000,37.673766 35.000000,39.620268 36.000000,41.629109 37.000000,43.697232 38.000000,45.822234 39.000000,48.001849 40.000000,50.234321 41.000000,52.517877 42.000000,54.851197 43.000000,57.232553 44.000000,59.660768 45.000000,62.134688 46.000000,64.653063 47.000000,67.214803 48.000000,69.818659 49.000000,72.463737 50.000000,75.148972 51.000000,77.873262 52.000000,80.635702 53.000000,83.435170 54.000000,86.270747 55.000000,89.141347 56.000000,92.046107 57.000000,94.983953 58.000000,97.953998 59.000000,100.955055 60.000000,103.986283 61.000000,107.046666 62.000000,110.135212 63.000000,113.250916 64.000000,116.392700 65.000000,119.559575 66.000000,122.750663 67.000000,125.964798 68.000000,129.201066 69.000000,132.458373 [0m
[Test-1] [0m[INFO] [1780635589.824601658] [test_node_cpp]: [YAW_OPT] init=-5.047 best=-10.000 best_err=5.897 curve=-70.000000,123.087133 -69.000000,119.837155 -68.000000,116.612530 -67.000000,113.414369 -66.000000,110.243717 -65.000000,107.101440 -64.000000,103.988594 -63.000000,100.906041 -62.000000,97.854835 -61.000000,94.835908 -60.000000,91.850078 -59.000000,88.898524 -58.000000,85.981814 -57.000000,83.101199 -56.000000,80.257502 -55.000000,77.451493 -54.000000,74.684301 -53.000000,71.956517 -52.000000,69.269110 -51.000000,66.623099 -50.000000,64.019225 -49.000000,61.458396 -48.000000,58.941492 -47.000000,56.469199 -46.000000,54.042479 -45.000000,51.662338 -44.000000,49.329349 -43.000000,47.044556 -42.000000,44.808724 -41.000000,42.622777 -40.000000,40.487539 -39.000000,38.403911 -38.000000,36.372862 -37.000000,34.395233 -36.000000,32.472077 -35.000000,30.604427 -34.000000,28.793265 -33.000000,27.039895 -32.000000,25.345158 -31.000000,23.710715 -30.000000,22.137656 -29.000000,20.627498 -28.000000,19.181929 -27.000000,17.802510 -26.000000,16.490960 -25.000000,15.249103 -24.000000,14.079008 -23.000000,12.982443 -22.000000,11.961267 -21.000000,11.016977 -20.000000,10.151201 -19.000000,9.365006 -18.000000,8.658953 -17.000000,8.033103 -16.000000,7.487154 -15.000000,7.020219 -14.000000,6.631250 -13.000000,6.319369 -12.000000,6.085758 -11.000000,5.937914 -10.000000,5.897210 -9.000000,5.990754 -8.000000,6.201350 -7.000000,6.477930 -6.000000,6.786483 -5.000000,7.111379 -4.000000,7.445802 -3.000000,7.786367 -2.000000,8.131666 -1.000000,8.481323 0.000000,8.835565 1.000000,9.195171 2.000000,9.561135 3.000000,9.934940 4.000000,10.318049 5.000000,10.712279 6.000000,11.119679 7.000000,11.542388 8.000000,11.982703 9.000000,12.443334 10.000000,12.927636 11.000000,13.438963 12.000000,13.981739 13.000000,14.561431 14.000000,15.184664 15.000000,15.859925 16.000000,16.596494 17.000000,17.405066 18.000000,18.294408 19.000000,19.270792 20.000000,20.336102 21.000000,21.488848 22.000000,22.725432 23.000000,24.042240 24.000000,25.435185 25.000000,26.901184 26.000000,28.437541 27.000000,30.041643 28.000000,31.711524 29.000000,33.445382 30.000000,35.241405 31.000000,37.098031 32.000000,39.013937 33.000000,40.987614 34.000000,43.017793 35.000000,45.103240 36.000000,47.242831 37.000000,49.435189 38.000000,51.679466 39.000000,53.974378 40.000000,56.318924 41.000000,58.712134 42.000000,61.152862 43.000000,63.640113 44.000000,66.173009 45.000000,68.750519 46.000000,71.371491 47.000000,74.035111 48.000000,76.740409 49.000000,79.486303 50.000000,82.271932 51.000000,85.096277 52.000000,87.958330 53.000000,90.857157 54.000000,93.791835 55.000000,96.761298 56.000000,99.764471 57.000000,102.800614 58.000000,105.868496 59.000000,108.967222 60.000000,112.095865 61.000000,115.253238 62.000000,118.438436 63.000000,121.650431 64.000000,124.888202 65.000000,128.150701 66.000000,131.436828 67.000000,134.745727 68.000000,138.076122 69.000000,141.427264 [0m
[Test-1] [0m[INFO] [1780635589.852185228] [test_node_cpp]: [YAW_OPT] init=5.965 best=-7.000 best_err=5.347 curve=-70.000000,117.867387 -69.000000,114.628477 -68.000000,111.415900 -67.000000,108.230756 -66.000000,105.074033 -65.000000,101.946585 -64.000000,98.849523 -63.000000,95.783699 -62.000000,92.750051 -61.000000,89.749499 -60.000000,86.783087 -59.000000,83.851618 -58.000000,80.956093 -57.000000,78.097375 -56.000000,75.276224 -55.000000,72.493686 -54.000000,69.750594 -53.000000,67.047750 -52.000000,64.386059 -51.000000,61.766403 -50.000000,59.189564 -49.000000,56.656377 -48.000000,54.167761 -47.000000,51.724396 -46.000000,49.327148 -45.000000,46.976982 -44.000000,44.674497 -43.000000,42.420743 -42.000000,40.216569 -41.000000,38.062656 -40.000000,35.960102 -39.000000,33.909752 -38.000000,31.912751 -37.000000,29.970080 -36.000000,28.082951 -35.000000,26.253060 -34.000000,24.481880 -33.000000,22.771719 -32.000000,21.125072 -31.000000,19.545619 -30.000000,18.038366 -29.000000,16.609688 -28.000000,15.268742 -27.000000,14.026217 -26.000000,12.892842 -25.000000,11.875118 -24.000000,10.972855 -23.000000,10.180993 -22.000000,9.492625 -21.000000,8.898833 -20.000000,8.387465 -19.000000,7.943976 -18.000000,7.555880 -17.000000,7.213487 -16.000000,6.910804 -15.000000,6.643638 -14.000000,6.408717 -13.000000,6.202473 -12.000000,6.020390 -11.000000,5.857078 -10.000000,5.707166 -9.000000,5.565979 -8.000000,5.432196 -7.000000,5.347020 -6.000000,5.445991 -5.000000,5.560247 -4.000000,5.643768 -3.000000,5.692945 -2.000000,5.708200 -1.000000,5.691443 0.000000,5.646038 1.000000,5.577141 2.000000,5.496021 3.000000,5.457310 4.000000,5.646146 5.000000,5.965508 6.000000,6.325405 7.000000,6.716472 8.000000,7.140226 9.000000,7.600154 10.000000,8.101906 11.000000,8.653427 12.000000,9.265685 13.000000,9.951553 14.000000,10.722280 15.000000,11.583809 16.000000,12.535065 17.000000,13.571657 18.000000,14.688923 19.000000,15.882755 20.000000,17.150161 21.000000,18.488625 22.000000,19.896150 23.000000,21.370892 24.000000,22.911203 25.000000,24.515617 26.000000,26.182669 27.000000,27.910942 28.000000,29.699212 29.000000,31.546095 30.000000,33.450591 31.000000,35.411252 32.000000,37.427395 33.000000,39.497686 34.000000,41.621128 35.000000,43.796788 36.000000,46.023474 37.000000,48.300551 38.000000,50.626782 39.000000,53.001521 40.000000,55.423686 41.000000,57.892200 42.000000,60.406406 43.000000,62.965292 44.000000,65.567938 45.000000,68.213434 46.000000,70.900792 47.000000,73.629395 48.000000,76.397915 49.000000,79.205737 50.000000,82.051832 51.000000,84.935181 52.000000,87.854978 53.000000,90.810187 54.000000,93.799950 55.000000,96.823194 56.000000,99.879109 57.000000,102.966514 58.000000,106.084638 59.000000,109.232308 60.000000,112.408782 61.000000,115.612797 62.000000,118.843447 63.000000,122.099778 64.000000,125.380713 65.000000,128.685222 66.000000,132.012305 67.000000,135.361079 68.000000,138.730193 69.000000,142.118787 [0m
[Test-1] [0m[INFO] [1780635589.880657291] [test_node_cpp]: [YAW_OPT] init=12.282 best=11.000 best_err=4.217 curve=-70.000000,110.782834 -69.000000,107.518117 -68.000000,104.281154 -67.000000,101.072995 -66.000000,97.894571 -65.000000,94.746869 -64.000000,91.630864 -63.000000,88.547546 -62.000000,85.497972 -61.000000,82.482903 -60.000000,79.503443 -59.000000,76.560237 -58.000000,73.654644 -57.000000,70.787193 -56.000000,67.958973 -55.000000,65.171001 -54.000000,62.424005 -53.000000,59.718986 -52.000000,57.056749 -51.000000,54.438401 -50.000000,51.864705 -49.000000,49.336814 -48.000000,46.855644 -47.000000,44.422228 -46.000000,42.037696 -45.000000,39.703620 -44.000000,37.421239 -43.000000,35.192709 -42.000000,33.020355 -41.000000,30.907802 -40.000000,28.860094 -39.000000,26.885128 -38.000000,24.996084 -37.000000,23.213034 -36.000000,21.563156 -35.000000,20.066982 -34.000000,18.719545 -33.000000,17.492048 -32.000000,16.355268 -31.000000,15.298228 -30.000000,14.372534 -29.000000,13.763296 -28.000000,13.333347 -27.000000,12.940890 -26.000000,12.560517 -25.000000,12.185718 -24.000000,11.814409 -23.000000,11.445578 -22.000000,11.079208 -21.000000,10.715532 -20.000000,10.355971 -19.000000,10.002692 -18.000000,9.660069 -17.000000,9.336675 -16.000000,9.048865 -15.000000,8.823848 -14.000000,8.685165 -13.000000,8.623763 -12.000000,8.617287 -11.000000,8.680156 -10.000000,8.846187 -9.000000,9.059691 -8.000000,9.255263 -7.000000,9.408301 -6.000000,9.509972 -5.000000,9.556998 -4.000000,9.547949 -3.000000,9.482465 -2.000000,9.360746 -1.000000,9.183288 0.000000,8.951317 1.000000,8.666240 2.000000,8.330372 3.000000,7.946732 4.000000,7.519442 5.000000,7.054417 6.000000,6.559632 7.000000,6.046498 8.000000,5.530243 9.000000,5.030352 10.000000,4.570169 11.000000,4.216502 12.000000,4.401516 13.000000,4.847371 14.000000,5.410491 15.000000,6.108934 16.000000,6.974348 17.000000,8.004344 18.000000,9.166281 19.000000,10.433632 20.000000,11.791197 21.000000,13.229764 22.000000,14.743406 23.000000,16.327840 24.000000,17.979668 25.000000,19.696202 26.000000,21.475193 27.000000,23.314943 28.000000,25.213569 29.000000,27.169764 30.000000,29.182319 31.000000,31.249897 32.000000,33.371572 33.000000,35.546172 34.000000,37.772642 35.000000,40.050185 36.000000,42.377792 37.000000,44.754580 38.000000,47.179682 39.000000,49.652142 40.000000,52.171147 41.000000,54.735835 42.000000,57.345159 43.000000,59.998516 44.000000,62.694817 45.000000,65.433255 46.000000,68.212896 47.000000,71.032774 48.000000,73.892167 49.000000,76.790066 50.000000,79.725529 51.000000,82.697709 52.000000,85.705496 53.000000,88.748202 54.000000,91.824613 55.000000,94.933996 56.000000,98.075179 57.000000,101.247397 58.000000,104.449472 59.000000,107.680493 60.000000,110.939507 61.000000,114.225489 62.000000,117.537317 63.000000,120.874194 64.000000,124.234751 65.000000,127.618266 66.000000,131.023568 67.000000,134.449669 68.000000,137.895464 69.000000,141.359793 [0m
[Test-1] [0m[INFO] [1780635589.910123469] [test_node_cpp]: [YAW_OPT] init=16.941 best=16.000 best_err=2.656 curve=-70.000000,100.179931 -69.000000,96.978389 -68.000000,93.805636 -67.000000,90.662902 -66.000000,87.551104 -65.000000,84.471230 -64.000000,81.424416 -63.000000,78.411620 -62.000000,75.433895 -61.000000,72.492362 -60.000000,69.588059 -59.000000,66.722060 -58.000000,63.895736 -57.000000,61.109959 -56.000000,58.366325 -55.000000,55.665813 -54.000000,53.010274 -53.000000,50.401161 -52.000000,47.840659 -51.000000,45.330722 -50.000000,42.874613 -49.000000,40.475723 -48.000000,38.139150 -47.000000,35.871596 -46.000000,33.682836 -45.000000,31.586364 -44.000000,29.601294 -43.000000,27.751224 -42.000000,26.058807 -41.000000,24.538005 -40.000000,23.189142 -39.000000,22.007059 -38.000000,20.988093 -37.000000,20.126961 -36.000000,19.405451 -35.000000,18.793118 -34.000000,18.257975 -33.000000,17.775162 -32.000000,17.327364 -31.000000,16.903633 -30.000000,16.497167 -29.000000,16.103395 -28.000000,15.719712 -27.000000,15.344693 -26.000000,14.978037 -25.000000,14.620910 -24.000000,14.276141 -23.000000,13.950158 -22.000000,13.657347 -21.000000,13.429781 -20.000000,13.321895 -19.000000,13.359420 -18.000000,13.497518 -17.000000,13.694299 -16.000000,13.938308 -15.000000,14.226925 -14.000000,14.546759 -13.000000,14.873745 -12.000000,15.184323 -11.000000,15.461972 -10.000000,15.696300 -9.000000,15.880924 -8.000000,16.012129 -7.000000,16.087470 -6.000000,16.105339 -5.000000,16.064534 -4.000000,15.964518 -3.000000,15.804804 -2.000000,15.585027 -1.000000,15.305117 0.000000,14.964999 1.000000,14.564708 2.000000,14.104527 3.000000,13.584463 4.000000,13.005140 5.000000,12.366960 6.000000,11.670422 7.000000,10.916595 8.000000,10.106574 9.000000,9.242147 10.000000,8.325882 11.000000,7.361599 12.000000,6.356081 13.000000,5.322081 14.000000,4.286429 15.000000,3.317814 16.000000,2.656366 17.000000,2.741021 18.000000,3.215613 19.000000,4.247947 20.000000,5.561350 21.000000,7.002751 22.000000,8.545320 23.000000,10.172627 24.000000,11.874194 25.000000,13.643197 26.000000,15.475032 27.000000,17.366690 28.000000,19.315858 29.000000,21.320689 30.000000,23.379636 31.000000,25.491607 32.000000,27.655342 33.000000,29.869892 34.000000,32.134499 35.000000,34.447916 36.000000,36.809556 37.000000,39.218486 38.000000,41.673877 39.000000,44.174842 40.000000,46.720511 41.000000,49.310302 42.000000,51.942981 43.000000,54.618025 44.000000,57.334554 45.000000,60.091478 46.000000,62.888247 47.000000,65.723724 48.000000,68.597241 49.000000,71.507775 50.000000,74.454412 51.000000,77.436287 52.000000,80.452531 53.000000,83.502168 54.000000,86.584130 55.000000,89.697693 56.000000,92.841878 57.000000,96.015570 58.000000,99.217854 59.000000,102.447879 60.000000,105.704463 61.000000,108.986762 62.000000,112.293610 63.000000,115.624149 64.000000,118.977280 65.000000,122.352140 66.000000,125.747397 67.000000,129.162185 68.000000,132.595528 69.000000,136.046271 [0m
[Test-1] [0m[INFO] [1780635589.938001853] [test_node_cpp]: [YAW_OPT] init=24.414 best=24.000 best_err=2.580 curve=-70.000000,84.033261 -69.000000,80.885752 -68.000000,77.770518 -67.000000,74.689306 -66.000000,71.643647 -65.000000,68.635167 -64.000000,65.666170 -63.000000,62.738896 -62.000000,59.855884 -61.000000,57.020721 -60.000000,54.237416 -59.000000,51.511538 -58.000000,48.849941 -57.000000,46.262593 -56.000000,43.762929 -55.000000,41.369203 -54.000000,39.104983 -53.000000,36.997857 -52.000000,35.073118 -51.000000,33.346115 -50.000000,31.820516 -49.000000,30.493129 -48.000000,29.358347 -47.000000,28.404755 -46.000000,27.609809 -45.000000,26.941313 -44.000000,26.367466 -43.000000,25.861714 -42.000000,25.404854 -41.000000,24.983557 -40.000000,24.589223 -39.000000,24.216103 -38.000000,23.860819 -37.000000,23.521411 -36.000000,23.197640 -35.000000,22.890493 -34.000000,22.602549 -33.000000,22.338362 -32.000000,22.105504 -31.000000,21.915540 -30.000000,21.785190 -29.000000,21.736717 -28.000000,21.793902 -27.000000,21.971336 -26.000000,22.268041 -25.000000,22.669140 -24.000000,23.155888 -23.000000,23.708167 -22.000000,24.304611 -21.000000,24.923535 -20.000000,25.545540 -19.000000,26.154463 -18.000000,26.738019 -17.000000,27.286985 -16.000000,27.794889 -15.000000,28.256703 -14.000000,28.669051 -13.000000,29.029266 -12.000000,29.335090 -11.000000,29.585335 -10.000000,29.778731 -9.000000,29.914259 -8.000000,29.991346 -7.000000,30.009037 -6.000000,29.967551 -5.000000,29.865814 -4.000000,29.704149 -3.000000,29.482071 -2.000000,29.199469 -1.000000,28.856354 0.000000,28.452634 1.000000,27.988185 2.000000,27.463215 3.000000,26.878077 4.000000,26.232367 5.000000,25.526620 6.000000,24.761018 7.000000,23.935672 8.000000,23.050889 9.000000,22.106986 10.000000,21.104537 11.000000,20.043844 12.000000,18.925546 13.000000,17.750144 14.000000,16.518485 15.000000,15.231700 16.000000,13.891048 17.000000,12.498418 18.000000,11.056363 19.000000,9.569640 20.000000,8.045780 21.000000,6.500343 22.000000,4.968756 23.000000,3.552196 24.000000,2.580351 25.000000,2.710416 26.000000,3.893007 27.000000,5.546860 28.000000,7.404410 29.000000,9.377752 30.000000,11.434046 31.000000,13.558485 32.000000,15.743394 33.000000,17.984317 34.000000,20.278344 35.000000,22.623169 36.000000,25.017214 37.000000,27.459161 38.000000,29.947721 39.000000,32.481920 40.000000,35.060579 41.000000,37.682871 42.000000,40.347812 43.000000,43.054491 44.000000,45.801912 45.000000,48.589326 46.000000,51.415765 47.000000,54.280203 48.000000,57.181872 49.000000,60.119827 50.000000,63.093061 51.000000,66.100874 52.000000,69.142048 53.000000,72.215692 54.000000,75.321077 55.000000,78.457018 56.000000,81.622717 57.000000,84.817070 58.000000,88.039151 59.000000,91.287978 60.000000,94.562571 61.000000,97.861765 62.000000,101.184826 63.000000,104.530593 64.000000,107.898015 65.000000,111.286060 66.000000,114.693872 67.000000,118.120167 68.000000,121.563964 69.000000,125.024348 [0m
[Test-1] [0m[INFO] [1780635589.965533183] [test_node_cpp]: [YAW_OPT] init=30.809 best=31.000 best_err=1.340 curve=-70.000000,66.534147 -69.000000,63.527583 -68.000000,60.566693 -67.000000,57.656652 -66.000000,54.804371 -65.000000,52.019055 -64.000000,49.313175 -63.000000,46.704950 -62.000000,44.219555 -61.000000,41.891897 -60.000000,39.763676 -59.000000,37.873411 -58.000000,36.239225 -57.000000,34.851632 -56.000000,33.682883 -55.000000,32.699922 -54.000000,31.870585 -53.000000,31.164485 -52.000000,30.555554 -51.000000,30.022227 -50.000000,29.547687 -49.000000,29.119547 -48.000000,28.729031 -47.000000,28.369889 -46.000000,28.039134 -45.000000,27.734958 -44.000000,27.457894 -43.000000,27.210183 -42.000000,26.996533 -41.000000,26.824249 -40.000000,26.703285 -39.000000,26.646187 -38.000000,26.668273 -37.000000,26.783711 -36.000000,27.003807 -35.000000,27.335629 -34.000000,27.783948 -33.000000,28.354617 -32.000000,29.051854 -31.000000,29.868800 -30.000000,30.780160 -29.000000,31.750545 -28.000000,32.746757 -27.000000,33.743586 -26.000000,34.723536 -25.000000,35.675118 -24.000000,36.590256 -23.000000,37.463175 -22.000000,38.290091 -21.000000,39.067935 -20.000000,39.794581 -19.000000,40.467956 -18.000000,41.086867 -17.000000,41.650443 -16.000000,42.157404 -15.000000,42.607185 -14.000000,42.999261 -13.000000,43.332851 -12.000000,43.607895 -11.000000,43.823613 -10.000000,43.979918 -9.000000,44.076466 -8.000000,44.113307 -7.000000,44.089895 -6.000000,44.006413 -5.000000,43.862514 -4.000000,43.658481 -3.000000,43.393953 -2.000000,43.069068 -1.000000,42.683868 0.000000,42.238359 1.000000,41.732653 2.000000,41.166914 3.000000,40.541076 4.000000,39.855424 5.000000,39.110223 6.000000,38.305488 7.000000,37.441472 8.000000,36.518360 9.000000,35.536657 10.000000,34.496438 11.000000,33.397993 12.000000,32.241697 13.000000,31.027779 14.000000,29.756829 15.000000,28.429119 16.000000,27.045009 17.000000,25.604876 18.000000,24.109297 19.000000,22.558730 20.000000,20.953667 21.000000,19.294795 22.000000,17.582533 23.000000,15.817637 24.000000,14.001169 25.000000,12.134076 26.000000,10.217851 27.000000,8.255525 28.000000,6.252710 29.000000,4.228063 30.000000,2.291115 31.000000,1.340124 32.000000,2.630321 33.000000,4.808832 34.000000,7.092840 35.000000,9.438235 36.000000,11.835193 37.000000,14.280102 38.000000,16.770851 39.000000,19.305692 40.000000,21.883608 41.000000,24.503690 42.000000,27.164742 43.000000,29.866234 44.000000,32.606807 45.000000,35.385808 46.000000,38.202465 47.000000,41.055648 48.000000,43.944733 49.000000,46.868597 50.000000,49.826568 51.000000,52.817407 52.000000,55.840504 53.000000,58.894933 54.000000,61.979533 55.000000,65.093571 56.000000,68.235819 57.000000,71.405603 58.000000,74.602014 59.000000,77.823764 60.000000,81.070000 61.000000,84.339867 62.000000,87.632207 63.000000,90.946162 64.000000,94.280576 65.000000,97.634533 66.000000,101.006936 67.000000,104.396810 68.000000,107.803054 69.000000,111.224818 [0m
[Test-1] [0m[INFO] [1780635589.992857466] [test_node_cpp]: [YAW_OPT] init=-48.097 best=-49.000 best_err=8.857 curve=-70.000000,59.091704 -69.000000,56.071275 -68.000000,53.077074 -67.000000,50.110726 -66.000000,47.173812 -65.000000,44.268378 -64.000000,41.396380 -63.000000,38.560249 -62.000000,35.762669 -61.000000,33.007202 -60.000000,30.297959 -59.000000,27.640295 -58.000000,25.041197 -57.000000,22.510133 -56.000000,20.060492 -55.000000,17.711552 -54.000000,15.491977 -53.000000,13.445447 -52.000000,11.638681 -51.000000,10.173182 -50.000000,9.195436 -49.000000,8.856695 -48.000000,9.176031 -47.000000,10.037892 -46.000000,11.302980 -45.000000,12.839002 -44.000000,14.541135 -43.000000,16.338639 -42.000000,18.186464 -41.000000,20.055834 -40.000000,21.928099 -39.000000,23.790270 -38.000000,25.633300 -37.000000,27.450711 -36.000000,29.237446 -35.000000,30.989810 -34.000000,32.704749 -33.000000,34.380001 -32.000000,36.013391 -31.000000,37.603360 -30.000000,39.148403 -29.000000,40.647482 -28.000000,42.099380 -27.000000,43.503180 -26.000000,44.858134 -25.000000,46.163352 -24.000000,47.418223 -23.000000,48.622145 -22.000000,49.774432 -21.000000,50.874730 -20.000000,51.922494 -19.000000,52.917254 -18.000000,53.858579 -17.000000,54.746185 -16.000000,55.579719 -15.000000,56.358934 -14.000000,57.083312 -13.000000,57.752848 -12.000000,58.367188 -11.000000,58.926305 -10.000000,59.429825 -9.000000,59.877761 -8.000000,60.269874 -7.000000,60.606152 -6.000000,60.886408 -5.000000,61.110712 -4.000000,61.279085 -3.000000,61.391555 -2.000000,61.447937 -1.000000,61.448608 0.000000,61.393537 1.000000,61.282684 2.000000,61.116448 3.000000,60.895000 4.000000,60.618531 5.000000,60.287346 6.000000,59.901777 7.000000,59.462203 8.000000,58.969053 9.000000,58.422861 10.000000,57.824076 11.000000,57.173430 12.000000,56.471743 13.000000,55.719853 14.000000,54.918726 15.000000,54.069505 16.000000,53.173545 17.000000,52.232692 18.000000,51.248757 19.000000,50.224054 20.000000,49.161723 21.000000,48.065334 22.000000,46.939678 23.000000,45.790915 24.000000,44.626959 25.000000,43.458572 26.000000,42.299995 27.000000,41.170031 28.000000,40.091751 29.000000,39.091264 30.000000,38.192278 31.000000,37.410348 32.000000,36.749331 33.000000,36.203860 34.000000,35.764883 35.000000,35.422647 36.000000,35.167981 37.000000,34.992180 38.000000,34.886767 39.000000,34.843656 40.000000,34.855140 41.000000,34.914350 42.000000,35.015825 43.000000,35.154742 44.000000,35.327847 45.000000,35.533118 46.000000,35.769567 47.000000,36.037749 48.000000,36.339599 49.000000,36.678121 50.000000,37.058643 51.000000,37.488262 52.000000,37.976912 53.000000,38.537275 54.000000,39.185934 55.000000,39.944396 56.000000,40.839856 57.000000,41.906692 58.000000,43.185468 59.000000,44.714788 60.000000,46.512469 61.000000,48.562947 62.000000,50.826148 63.000000,53.257397 64.000000,55.819287 65.000000,58.484136 66.000000,61.231660 67.000000,64.047416 68.000000,66.920488 69.000000,69.842502 [0m
[Test-1] [0m[INFO] [1780635589.995007782] [test_node_cpp]: [YAW_OPT] init=36.846 best=37.000 best_err=2.177 curve=-70.000000,49.108511 -69.000000,46.651468 -68.000000,44.391421 -67.000000,42.377341 -66.000000,40.642962 -65.000000,39.188044 -64.000000,37.982301 -63.000000,36.984010 -62.000000,36.152402 -61.000000,35.452757 -60.000000,34.856495 -59.000000,34.340617 -58.000000,33.888255 -57.000000,33.486113 -56.000000,33.125400 -55.000000,32.799752 -54.000000,32.505070 -53.000000,32.239723 -52.000000,32.003659 -51.000000,31.798346 -50.000000,31.627901 -49.000000,31.498100 -48.000000,31.416823 -47.000000,31.395009 -46.000000,31.445500 -45.000000,31.582402 -44.000000,31.819138 -43.000000,32.167956 -42.000000,32.639021 -41.000000,33.242347 -40.000000,33.988846 -39.000000,34.884607 -38.000000,35.919344 -37.000000,37.064412 -36.000000,38.281919 -35.000000,39.537400 -34.000000,40.804509 -33.000000,42.064807 -32.000000,43.305515 -31.000000,44.517700 -30.000000,45.694911 -29.000000,46.832647 -28.000000,47.927147 -27.000000,48.975858 -26.000000,49.976516 -25.000000,50.927713 -24.000000,51.827670 -23.000000,52.675126 -22.000000,53.469547 -21.000000,54.209616 -20.000000,54.895009 -19.000000,55.524820 -18.000000,56.098680 -17.000000,56.615830 -16.000000,57.076120 -15.000000,57.479105 -14.000000,57.824452 -13.000000,58.111936 -12.000000,58.341259 -11.000000,58.512332 -10.000000,58.624896 -9.000000,58.678760 -8.000000,58.674004 -7.000000,58.610183 -6.000000,58.487702 -5.000000,58.306124 -4.000000,58.065707 -3.000000,57.766469 -2.000000,57.408272 -1.000000,56.991234 0.000000,56.515649 1.000000,55.981315 2.000000,55.388681 3.000000,54.737683 4.000000,54.028382 5.000000,53.261176 6.000000,52.436280 7.000000,51.553889 8.000000,50.614261 9.000000,49.617463 10.000000,48.564095 11.000000,47.454209 12.000000,46.288399 13.000000,45.066800 14.000000,43.789786 15.000000,42.457893 16.000000,41.071440 17.000000,39.630985 18.000000,38.136557 19.000000,36.589093 20.000000,34.989054 21.000000,33.336772 22.000000,31.632757 23.000000,29.877866 24.000000,28.072585 25.000000,26.217574 26.000000,24.313606 27.000000,22.361657 28.000000,20.362565 29.000000,18.317493 30.000000,16.228128 31.000000,14.096299 32.000000,11.925396 33.000000,9.720813 34.000000,7.494045 35.000000,5.274189 36.000000,3.181015 37.000000,2.176946 38.000000,3.275270 39.000000,5.340218 40.000000,7.716075 41.000000,10.215053 42.000000,12.786839 43.000000,15.413595 44.000000,18.087098 45.000000,20.803128 46.000000,23.558727 47.000000,26.352115 48.000000,29.181390 49.000000,32.045267 50.000000,34.942685 51.000000,37.872422 52.000000,40.833276 53.000000,43.824503 54.000000,46.845095 55.000000,49.893813 56.000000,52.969687 57.000000,56.071875 58.000000,59.199425 59.000000,62.351148 60.000000,65.526288 61.000000,68.723787 62.000000,71.942528 63.000000,75.181647 64.000000,78.440214 65.000000,81.716878 66.000000,85.011021 67.000000,88.321476 68.000000,91.647323 69.000000,94.987458 [0m
[Test-1] [0m[INFO] [1780635590.024321615] [test_node_cpp]: [YAW_OPT] init=45.544 best=46.000 best_err=3.343 curve=-70.000000,39.623770 -69.000000,39.111519 -68.000000,38.671040 -67.000000,38.288890 -66.000000,37.955425 -65.000000,37.663964 -64.000000,37.409657 -63.000000,37.191027 -62.000000,37.007900 -61.000000,36.862167 -60.000000,36.758109 -59.000000,36.701958 -58.000000,36.702803 -57.000000,36.772356 -56.000000,36.924861 -55.000000,37.177323 -54.000000,37.547689 -53.000000,38.055178 -52.000000,38.719871 -51.000000,39.563521 -50.000000,40.603938 -49.000000,41.843519 -48.000000,43.258419 -47.000000,44.804954 -46.000000,46.437597 -45.000000,48.118969 -44.000000,49.821950 -43.000000,51.527469 -42.000000,53.222545 -41.000000,54.897201 -40.000000,56.544936 -39.000000,58.160410 -38.000000,59.739269 -37.000000,61.278881 -36.000000,62.776077 -35.000000,64.229083 -34.000000,65.636025 -33.000000,66.995296 -32.000000,68.305909 -31.000000,69.566417 -30.000000,70.775900 -29.000000,71.933496 -28.000000,73.038145 -27.000000,74.089649 -26.000000,75.087091 -25.000000,76.029938 -24.000000,76.917438 -23.000000,77.749407 -22.000000,78.525220 -21.000000,79.244665 -20.000000,79.906936 -19.000000,80.512336 -18.000000,81.060129 -17.000000,81.550088 -16.000000,81.982030 -15.000000,82.355748 -14.000000,82.671085 -13.000000,82.927811 -12.000000,83.125818 -11.000000,83.264960 -10.000000,83.345206 -9.000000,83.366208 -8.000000,83.328418 -7.000000,83.231286 -6.000000,83.075245 -5.000000,82.859983 -4.000000,82.585684 -3.000000,82.252350 -2.000000,81.860112 -1.000000,81.409001 0.000000,80.899111 1.000000,80.330744 2.000000,79.703805 3.000000,79.018715 4.000000,78.275462 5.000000,77.474454 6.000000,76.615685 7.000000,75.699464 8.000000,74.726320 9.000000,73.696249 10.000000,72.609541 11.000000,71.466706 12.000000,70.268149 13.000000,69.013939 14.000000,67.704620 15.000000,66.340448 16.000000,64.922095 17.000000,63.449818 18.000000,61.924294 19.000000,60.345834 20.000000,58.714659 21.000000,57.031633 22.000000,55.297381 23.000000,53.512254 24.000000,51.676644 25.000000,49.791415 26.000000,47.857155 27.000000,45.874667 28.000000,43.844402 29.000000,41.767211 30.000000,39.643852 31.000000,37.475209 32.000000,35.261892 33.000000,33.005055 34.000000,30.705917 35.000000,28.365528 36.000000,25.985350 37.000000,23.567302 38.000000,21.113567 39.000000,18.627431 40.000000,16.113301 41.000000,13.579357 42.000000,11.038459 43.000000,8.518607 44.000000,6.086513 45.000000,3.959777 46.000000,3.342741 47.000000,4.850780 48.000000,7.128886 49.000000,9.729374 50.000000,12.485768 51.000000,15.332780 52.000000,18.243100 53.000000,21.202099 54.000000,24.201981 55.000000,27.237726 56.000000,30.305853 57.000000,33.403881 58.000000,36.529852 59.000000,39.681792 60.000000,42.858301 61.000000,46.058118 62.000000,49.279590 63.000000,52.522124 64.000000,55.784077 65.000000,59.064683 66.000000,62.362015 67.000000,65.676088 68.000000,69.005001 69.000000,72.348082 [0m
[Test-1] [0m[INFO] [1780635590.053202354] [test_node_cpp]: [YAW_OPT] init=-33.350 best=-35.000 best_err=9.933 curve=-70.000000,92.084656 -69.000000,88.933711 -68.000000,85.808579 -67.000000,82.710400 -66.000000,79.640202 -65.000000,76.599097 -64.000000,73.588163 -63.000000,70.608470 -62.000000,67.661106 -61.000000,64.747357 -60.000000,61.868180 -59.000000,59.024981 -58.000000,56.218710 -57.000000,53.450949 -56.000000,50.722788 -55.000000,48.035745 -54.000000,45.391380 -53.000000,42.791346 -52.000000,40.237368 -51.000000,37.731436 -50.000000,35.275989 -49.000000,32.873560 -48.000000,30.527236 -47.000000,28.240766 -46.000000,26.018841 -45.000000,23.866970 -44.000000,21.792682 -43.000000,19.805619 -42.000000,17.918795 -41.000000,16.149662 -40.000000,14.522467 -39.000000,13.070031 -38.000000,11.835799 -37.000000,10.871551 -36.000000,10.227824 -35.000000,9.933430 -34.000000,9.978778 -33.000000,10.319576 -32.000000,10.897209 -31.000000,11.654380 -30.000000,12.541391 -29.000000,13.517284 -28.000000,14.549755 -27.000000,15.613435 -26.000000,16.689143 -25.000000,17.762040 -24.000000,18.821037 -23.000000,19.857551 -22.000000,20.865082 -21.000000,21.838485 -20.000000,22.773596 -19.000000,23.667526 -18.000000,24.517445 -17.000000,25.321516 -16.000000,26.077918 -15.000000,26.785651 -14.000000,27.443372 -13.000000,28.050402 -12.000000,28.606026 -11.000000,29.109749 -10.000000,29.561305 -9.000000,29.960427 -8.000000,30.307084 -7.000000,30.601453 -6.000000,30.843686 -5.000000,31.034133 -4.000000,31.173319 -3.000000,31.262013 -2.000000,31.301124 -1.000000,31.291928 0.000000,31.235533 1.000000,31.134202 2.000000,30.989919 3.000000,30.805351 4.000000,30.583766 5.000000,30.329445 6.000000,30.047072 7.000000,29.742397 8.000000,29.422406 9.000000,29.094883 10.000000,28.768508 11.000000,28.452436 12.000000,28.155616 13.000000,27.886173 14.000000,27.651003 15.000000,27.455206 16.000000,27.302324 17.000000,27.193853 18.000000,27.130678 19.000000,27.112114 20.000000,27.137105 21.000000,27.203475 22.000000,27.309304 23.000000,27.451817 24.000000,27.628975 25.000000,27.838792 26.000000,28.079592 27.000000,28.350419 28.000000,28.650809 29.000000,28.981425 30.000000,29.343450 31.000000,29.739323 32.000000,30.172420 33.000000,30.647697 34.000000,31.171519 35.000000,31.751712 36.000000,32.398169 37.000000,33.122525 38.000000,33.938536 39.000000,34.861535 40.000000,35.908122 41.000000,37.095817 42.000000,38.440711 43.000000,39.954561 44.000000,41.641626 45.000000,43.496328 46.000000,45.505033 47.000000,47.650063 48.000000,49.913577 49.000000,52.279271 50.000000,54.733481 51.000000,57.265475 52.000000,59.866574 53.000000,62.529551 54.000000,65.248828 55.000000,68.019620 56.000000,70.838212 57.000000,73.701148 58.000000,76.605622 59.000000,79.549157 60.000000,82.529375 61.000000,85.544305 62.000000,88.592219 63.000000,91.671150 64.000000,94.779678 65.000000,97.916351 66.000000,101.079384 67.000000,104.267707 68.000000,107.479686 69.000000,110.714330 [0m
[Test-1] [0m[INFO] [1780635590.082048817] [test_node_cpp]: [YAW_OPT] init=-28.589 best=-30.000 best_err=8.187 curve=-70.000000,102.343736 -69.000000,99.096397 -68.000000,95.876058 -67.000000,92.683487 -66.000000,89.519905 -65.000000,86.386180 -64.000000,83.283591 -63.000000,80.212953 -62.000000,77.175330 -61.000000,74.171742 -60.000000,71.203327 -59.000000,68.271037 -58.000000,65.375900 -57.000000,62.519024 -56.000000,59.701498 -55.000000,56.924311 -54.000000,54.188667 -53.000000,51.495598 -52.000000,48.846400 -51.000000,46.242309 -50.000000,43.684591 -49.000000,41.174577 -48.000000,38.713715 -47.000000,36.303719 -46.000000,33.946223 -45.000000,31.643382 -44.000000,29.397418 -43.000000,27.210998 -42.000000,25.087272 -41.000000,23.030146 -40.000000,21.044278 -39.000000,19.135875 -38.000000,17.312749 -37.000000,15.585144 -36.000000,13.967196 -35.000000,12.477758 -34.000000,11.143316 -33.000000,9.999913 -32.000000,9.093888 -31.000000,8.476908 -30.000000,8.186506 -29.000000,8.221167 -28.000000,8.536852 -27.000000,9.069286 -26.000000,9.755226 -25.000000,10.541166 -24.000000,11.386632 -23.000000,12.261661 -22.000000,13.144669 -21.000000,14.020107 -20.000000,14.876741 -19.000000,15.706247 -18.000000,16.502286 -17.000000,17.260279 -16.000000,17.976634 -15.000000,18.648625 -14.000000,19.274366 -13.000000,19.851941 -12.000000,20.380542 -11.000000,20.859284 -10.000000,21.287734 -9.000000,21.665793 -8.000000,21.993309 -7.000000,22.270959 -6.000000,22.499448 -5.000000,22.679501 -4.000000,22.812605 -3.000000,22.900316 -2.000000,22.945029 -1.000000,22.949341 0.000000,22.916492 1.000000,22.850534 2.000000,22.756220 3.000000,22.639030 4.000000,22.505397 5.000000,22.362386 6.000000,22.218103 7.000000,22.080657 8.000000,21.958333 9.000000,21.859323 10.000000,21.790757 11.000000,21.758195 12.000000,21.765824 13.000000,21.815570 14.000000,21.907467 15.000000,22.039873 16.000000,22.210402 17.000000,22.416142 18.000000,22.654450 19.000000,22.922726 20.000000,23.219445 21.000000,23.543283 22.000000,23.894356 23.000000,24.273374 24.000000,24.682288 25.000000,25.124153 26.000000,25.603807 27.000000,26.127142 28.000000,26.702622 29.000000,27.340123 30.000000,28.051720 31.000000,28.851050 32.000000,29.752250 33.000000,30.768853 34.000000,31.912945 35.000000,33.194072 36.000000,34.618162 37.000000,36.187885 38.000000,37.900998 39.000000,39.751732 40.000000,41.730384 41.000000,43.825773 42.000000,46.026102 43.000000,48.320788 44.000000,50.699835 45.000000,53.155135 46.000000,55.679778 47.000000,58.267956 48.000000,60.915003 49.000000,63.616854 50.000000,66.369993 51.000000,69.171668 52.000000,72.019243 53.000000,74.910213 54.000000,77.842880 55.000000,80.815166 56.000000,83.825354 57.000000,86.871799 58.000000,89.953116 59.000000,93.067887 60.000000,96.214458 61.000000,99.391824 62.000000,102.598527 63.000000,105.833252 64.000000,109.094916 65.000000,112.382110 66.000000,115.693940 67.000000,119.028862 68.000000,122.385901 69.000000,125.763934 [0m
[Test-1] [0m[INFO] [1780635590.109318514] [test_node_cpp]: [YAW_OPT] init=-13.542 best=-17.000 best_err=8.014 curve=-70.000000,113.536215 -69.000000,110.387618 -68.000000,107.265568 -67.000000,104.170943 -66.000000,101.104997 -65.000000,98.068421 -64.000000,95.062231 -63.000000,92.087495 -62.000000,89.145103 -61.000000,86.235956 -60.000000,83.361015 -59.000000,80.521251 -58.000000,77.717508 -57.000000,74.950705 -56.000000,72.221885 -55.000000,69.531807 -54.000000,66.881400 -53.000000,64.271817 -52.000000,61.703507 -51.000000,59.177767 -50.000000,56.695329 -49.000000,54.257207 -48.000000,51.864252 -47.000000,49.517252 -46.000000,47.217416 -45.000000,44.965513 -44.000000,42.762569 -43.000000,40.609585 -42.000000,38.507586 -41.000000,36.457635 -40.000000,34.460765 -39.000000,32.518189 -38.000000,30.631194 -37.000000,28.801018 -36.000000,27.028954 -35.000000,25.316618 -34.000000,23.665564 -33.000000,22.077537 -32.000000,20.554705 -31.000000,19.098991 -30.000000,17.712879 -29.000000,16.399215 -28.000000,15.161041 -27.000000,14.001986 -26.000000,12.926100 -25.000000,11.938039 -24.000000,11.043209 -23.000000,10.247414 -22.000000,9.556977 -21.000000,8.978566 -20.000000,8.520754 -19.000000,8.196256 -18.000000,8.023344 -17.000000,8.014161 -16.000000,8.150102 -15.000000,8.387399 -14.000000,8.685060 -13.000000,9.015872 -12.000000,9.363049 -11.000000,9.716185 -10.000000,10.068543 -9.000000,10.416255 -8.000000,10.756539 -7.000000,11.088125 -6.000000,11.410736 -5.000000,11.724552 -4.000000,12.030329 -3.000000,12.329565 -2.000000,12.623323 -1.000000,12.913407 0.000000,13.201409 1.000000,13.489159 2.000000,13.778365 3.000000,14.070682 4.000000,14.367871 5.000000,14.671584 6.000000,14.983568 7.000000,15.305272 8.000000,15.638545 9.000000,15.985079 10.000000,16.346859 11.000000,16.725918 12.000000,17.124870 13.000000,17.546517 14.000000,17.994278 15.000000,18.472515 16.000000,18.986345 17.000000,19.542156 18.000000,20.147759 19.000000,20.813579 20.000000,21.551795 21.000000,22.377886 22.000000,23.308037 23.000000,24.355893 24.000000,25.528254 25.000000,26.822571 26.000000,28.230266 27.000000,29.740405 28.000000,31.342954 29.000000,33.029621 30.000000,34.793628 31.000000,36.629655 32.000000,38.533400 33.000000,40.501244 34.000000,42.530381 35.000000,44.618140 36.000000,46.762387 37.000000,48.961087 38.000000,51.212570 39.000000,53.515208 40.000000,55.867466 41.000000,58.268159 42.000000,60.715684 43.000000,63.209083 44.000000,65.747080 45.000000,68.328523 46.000000,70.952206 47.000000,73.617294 48.000000,76.322485 49.000000,79.066897 50.000000,81.849385 51.000000,84.669026 52.000000,87.524693 53.000000,90.415484 54.000000,93.340235 55.000000,96.298229 56.000000,99.288064 57.000000,102.309073 58.000000,105.360114 59.000000,108.440156 60.000000,111.548142 61.000000,114.683297 62.000000,117.844335 63.000000,121.030414 64.000000,124.240387 65.000000,127.473245 66.000000,130.728133 67.000000,134.003684 68.000000,137.299200 69.000000,140.613546 [0m
[Test-1] [0m[INFO] [1780635590.137046588] [test_node_cpp]: [YAW_OPT] init=-10.131 best=-14.000 best_err=5.080 curve=-70.000000,116.336721 -69.000000,113.125905 -68.000000,109.942613 -67.000000,106.788020 -66.000000,103.663056 -65.000000,100.568649 -64.000000,97.505904 -63.000000,94.475517 -62.000000,91.478716 -61.000000,88.516205 -60.000000,85.589087 -59.000000,82.698071 -58.000000,79.844269 -57.000000,77.028451 -56.000000,74.251566 -55.000000,71.514486 -54.000000,68.818069 -53.000000,66.163138 -52.000000,63.550595 -51.000000,60.981423 -50.000000,58.456218 -49.000000,55.976050 -48.000000,53.541524 -47.000000,51.153722 -46.000000,48.813291 -45.000000,46.521142 -44.000000,44.278086 -43.000000,42.084869 -42.000000,39.942648 -41.000000,37.851921 -40.000000,35.813601 -39.000000,33.828781 -38.000000,31.898231 -37.000000,30.022877 -36.000000,28.203668 -35.000000,26.441568 -34.000000,24.737806 -33.000000,23.093140 -32.000000,21.509024 -31.000000,19.986436 -30.000000,18.526670 -29.000000,17.130974 -28.000000,15.800671 -27.000000,14.536941 -26.000000,13.341206 -25.000000,12.214733 -24.000000,11.158661 -23.000000,10.174465 -22.000000,9.263405 -21.000000,8.427380 -20.000000,7.668429 -19.000000,6.989668 -18.000000,6.394934 -17.000000,5.890193 -16.000000,5.485799 -15.000000,5.203154 -14.000000,5.080272 -13.000000,5.125315 -12.000000,5.282211 -11.000000,5.498473 -10.000000,5.746512 -9.000000,6.012024 -8.000000,6.286868 -7.000000,6.566426 -6.000000,6.848599 -5.000000,7.132776 -4.000000,7.419333 -3.000000,7.709369 -2.000000,8.004338 -1.000000,8.305647 0.000000,8.614738 1.000000,8.933120 2.000000,9.262022 3.000000,9.602935 4.000000,9.957202 5.000000,10.326673 6.000000,10.713432 7.000000,11.120144 8.000000,11.550780 9.000000,12.010089 10.000000,12.504718 11.000000,13.043172 12.000000,13.635001 13.000000,14.290698 14.000000,15.019520 15.000000,15.828635 16.000000,16.721575 17.000000,17.700492 18.000000,18.765301 19.000000,19.915905 20.000000,21.151428 21.000000,22.470187 22.000000,23.870464 23.000000,25.349819 24.000000,26.905245 25.000000,28.533753 26.000000,30.232645 27.000000,31.998865 28.000000,33.830120 29.000000,35.723923 30.000000,37.678295 31.000000,39.691254 32.000000,41.761183 33.000000,43.886531 34.000000,46.065857 35.000000,48.297811 36.000000,50.581090 37.000000,52.914603 38.000000,55.297274 39.000000,57.728022 40.000000,60.205673 41.000000,62.729404 42.000000,65.298132 43.000000,67.910819 44.000000,70.566523 45.000000,73.264338 46.000000,76.003313 47.000000,78.782507 48.000000,81.600819 49.000000,84.457501 50.000000,87.351429 51.000000,90.281737 52.000000,93.247531 53.000000,96.247629 54.000000,99.281376 55.000000,102.347509 56.000000,105.445188 57.000000,108.573457 58.000000,111.731191 59.000000,114.917486 60.000000,118.131364 61.000000,121.371678 62.000000,124.637681 63.000000,127.928057 64.000000,131.241882 65.000000,134.578223 66.000000,137.935959 67.000000,141.314031 68.000000,144.711398 69.000000,148.127062 [0m
[Test-1] [0m[INFO] [1780635590.166040952] [test_node_cpp]: [YAW_OPT] init=-4.942 best=-9.000 best_err=4.179 curve=-70.000000,115.978637 -69.000000,112.760105 -68.000000,109.570083 -67.000000,106.409431 -66.000000,103.279315 -65.000000,100.180480 -64.000000,97.114033 -63.000000,94.080957 -62.000000,91.082006 -61.000000,88.118224 -60.000000,85.190538 -59.000000,82.299770 -58.000000,79.446970 -57.000000,76.632888 -56.000000,73.858473 -55.000000,71.124538 -54.000000,68.432036 -53.000000,65.781728 -52.000000,63.174574 -51.000000,60.611357 -50.000000,58.092790 -49.000000,55.619923 -48.000000,53.193421 -47.000000,50.814231 -46.000000,48.483055 -45.000000,46.200660 -44.000000,43.968040 -43.000000,41.785884 -42.000000,39.655101 -41.000000,37.576545 -40.000000,35.551100 -39.000000,33.579521 -38.000000,31.662982 -37.000000,29.802286 -36.000000,27.998582 -35.000000,26.253005 -34.000000,24.566826 -33.000000,22.941355 -32.000000,21.378313 -31.000000,19.879410 -30.000000,18.446503 -29.000000,17.082143 -28.000000,15.788864 -27.000000,14.569668 -26.000000,13.427274 -25.000000,12.364646 -24.000000,11.383302 -23.000000,10.483455 -22.000000,9.662744 -21.000000,8.916718 -20.000000,8.239017 -19.000000,7.622522 -18.000000,7.060554 -17.000000,6.547469 -16.000000,6.078471 -15.000000,5.651226 -14.000000,5.264998 -13.000000,4.921996 -12.000000,4.628083 -11.000000,4.394661 -10.000000,4.239072 -9.000000,4.179145 -8.000000,4.217200 -7.000000,4.332011 -6.000000,4.494477 -5.000000,4.684158 -4.000000,4.890802 -3.000000,5.110589 -2.000000,5.343509 -1.000000,5.590805 0.000000,5.854389 1.000000,6.136494 2.000000,6.439366 3.000000,6.765731 4.000000,7.118594 5.000000,7.501290 6.000000,7.917656 7.000000,8.370973 8.000000,8.864421 9.000000,9.400926 10.000000,9.984788 11.000000,10.631373 12.000000,11.422335 13.000000,12.411943 14.000000,13.508576 15.000000,14.681149 16.000000,15.922444 17.000000,17.229542 18.000000,18.600349 19.000000,20.033687 20.000000,21.528330 21.000000,23.083157 22.000000,24.697110 23.000000,26.369572 24.000000,28.099497 25.000000,29.886032 26.000000,31.728452 27.000000,33.625993 28.000000,35.577830 29.000000,37.583274 30.000000,39.641518 31.000000,41.751827 32.000000,43.913319 33.000000,46.125453 34.000000,48.387337 35.000000,50.698239 36.000000,53.057348 37.000000,55.463996 38.000000,57.917199 39.000000,60.416318 40.000000,62.960434 41.000000,65.548834 42.000000,68.180569 43.000000,70.854887 44.000000,73.570996 45.000000,76.327910 46.000000,79.124806 47.000000,81.960855 48.000000,84.835068 49.000000,87.746640 50.000000,90.694676 51.000000,93.678197 52.000000,96.696330 53.000000,99.748084 54.000000,102.832471 55.000000,105.948732 56.000000,109.095716 57.000000,112.272544 58.000000,115.478112 59.000000,118.711624 60.000000,121.972012 61.000000,125.258067 62.000000,128.569101 63.000000,131.904010 64.000000,135.261636 65.000000,138.640987 66.000000,142.041201 67.000000,145.460871 68.000000,148.899327 69.000000,152.355397 [0m
[Test-1] [0m[INFO] [1780635590.193782785] [test_node_cpp]: [YAW_OPT] init=-0.036 best=-2.000 best_err=3.177 curve=-70.000000,112.991936 -69.000000,109.784768 -68.000000,106.606656 -67.000000,103.458581 -66.000000,100.341521 -65.000000,97.256457 -64.000000,94.204303 -63.000000,91.185922 -62.000000,88.202355 -61.000000,85.254398 -60.000000,82.343037 -59.000000,79.469194 -58.000000,76.633670 -57.000000,73.837386 -56.000000,71.081213 -55.000000,68.366020 -54.000000,65.692486 -53.000000,63.061671 -52.000000,60.474206 -51.000000,57.930972 -50.000000,55.432909 -49.000000,52.980603 -48.000000,50.574954 -47.000000,48.216735 -46.000000,45.906691 -45.000000,43.645555 -44.000000,41.434281 -43.000000,39.273413 -42.000000,37.163997 -41.000000,35.106646 -40.000000,33.102258 -39.000000,31.151921 -38.000000,29.256391 -37.000000,27.416804 -36.000000,25.634596 -35.000000,23.911135 -34.000000,22.248502 -33.000000,20.649087 -32.000000,19.116724 -31.000000,17.656782 -30.000000,16.277295 -29.000000,14.990686 -28.000000,13.812794 -27.000000,12.757689 -26.000000,11.828059 -25.000000,11.012596 -24.000000,10.296110 -23.000000,9.664178 -22.000000,9.102242 -21.000000,8.595220 -20.000000,8.129094 -19.000000,7.692667 -18.000000,7.277995 -17.000000,6.879633 -16.000000,6.494421 -15.000000,6.120188 -14.000000,5.756000 -13.000000,5.401893 -12.000000,5.058829 -11.000000,4.728637 -10.000000,4.415265 -9.000000,4.125269 -8.000000,3.868962 -7.000000,3.656729 -6.000000,3.489265 -5.000000,3.357989 -4.000000,3.258388 -3.000000,3.195285 -2.000000,3.177413 -1.000000,3.209233 0.000000,3.292183 1.000000,3.429137 2.000000,3.623883 3.000000,3.879593 4.000000,4.215303 5.000000,4.692413 6.000000,5.270148 7.000000,5.933579 8.000000,6.678782 9.000000,7.502326 10.000000,8.401340 11.000000,9.373019 12.000000,10.415093 13.000000,11.525350 14.000000,12.702175 15.000000,13.944021 16.000000,15.249429 17.000000,16.617280 18.000000,18.046549 19.000000,19.536212 20.000000,21.085415 21.000000,22.693226 22.000000,24.358829 23.000000,26.081617 24.000000,27.860713 25.000000,29.695348 26.000000,31.584858 27.000000,33.528537 28.000000,35.525550 29.000000,37.575364 30.000000,39.677184 31.000000,41.830218 32.000000,44.033813 33.000000,46.287167 34.000000,48.589626 35.000000,50.940432 36.000000,53.338718 37.000000,55.783825 38.000000,58.274853 39.000000,60.811182 40.000000,63.391906 41.000000,66.016210 42.000000,68.683293 43.000000,71.392263 44.000000,74.142374 45.000000,76.932627 46.000000,79.762461 47.000000,82.630644 48.000000,85.536423 49.000000,88.478991 50.000000,91.457313 51.000000,94.470442 52.000000,97.517598 53.000000,100.597834 54.000000,103.710061 55.000000,106.853473 56.000000,110.027019 57.000000,113.229725 58.000000,116.460599 59.000000,119.718608 60.000000,123.002950 61.000000,126.312454 62.000000,129.646143 63.000000,133.002987 64.000000,136.381920 65.000000,139.781989 66.000000,143.202071 67.000000,146.641262 68.000000,150.098382 69.000000,153.572351 [0m
[Test-1] [0m[INFO] [1780635590.221134917] [test_node_cpp]: [YAW_OPT] init=3.783 best=4.000 best_err=2.038 curve=-70.000000,107.177520 -69.000000,104.033469 -68.000000,100.918788 -67.000000,97.834223 -66.000000,94.780875 -65.000000,91.759584 -64.000000,88.771342 -63.000000,85.816942 -62.000000,82.897420 -61.000000,80.013515 -60.000000,77.166330 -59.000000,74.356526 -58.000000,71.585100 -57.000000,68.852780 -56.000000,66.160603 -55.000000,63.509186 -54.000000,60.899339 -53.000000,58.332033 -52.000000,55.807824 -51.000000,53.327767 -50.000000,50.892472 -49.000000,48.502561 -48.000000,46.159206 -47.000000,43.862495 -46.000000,41.613587 -45.000000,39.413195 -44.000000,37.262000 -43.000000,35.160474 -42.000000,33.109378 -41.000000,31.109466 -40.000000,29.161515 -39.000000,27.266074 -38.000000,25.423711 -37.000000,23.635639 -36.000000,21.902342 -35.000000,20.225400 -34.000000,18.607033 -33.000000,17.068491 -32.000000,16.008037 -31.000000,15.109215 -30.000000,14.274807 -29.000000,13.563184 -28.000000,13.032852 -27.000000,12.614478 -26.000000,12.235489 -25.000000,11.870935 -24.000000,11.512250 -23.000000,11.156672 -22.000000,10.802830 -21.000000,10.449912 -20.000000,10.098207 -19.000000,9.747506 -18.000000,9.398245 -17.000000,9.050820 -16.000000,8.705693 -15.000000,8.363463 -14.000000,8.024838 -13.000000,7.690678 -12.000000,7.361800 -11.000000,7.038650 -10.000000,6.721598 -9.000000,6.409846 -8.000000,6.101382 -7.000000,5.793494 -6.000000,5.481992 -5.000000,5.162121 -4.000000,4.829572 -3.000000,4.480397 -2.000000,4.112276 -1.000000,3.724838 0.000000,3.322049 1.000000,2.914129 2.000000,2.524210 3.000000,2.201090 4.000000,2.037515 5.000000,2.144895 6.000000,2.537242 7.000000,3.142377 8.000000,3.894567 9.000000,4.755586 10.000000,5.704779 11.000000,6.731182 12.000000,7.828328 13.000000,8.992117 14.000000,10.219930 15.000000,11.509798 16.000000,12.859883 17.000000,14.269630 18.000000,15.737618 19.000000,17.263019 20.000000,18.845303 21.000000,20.483657 22.000000,22.177270 23.000000,23.925732 24.000000,25.728152 25.000000,27.583889 26.000000,29.492754 27.000000,31.453526 28.000000,33.465790 29.000000,35.529104 30.000000,37.642679 31.000000,39.805576 32.000000,42.017485 33.000000,44.277397 34.000000,46.585060 35.000000,48.939357 36.000000,51.339849 37.000000,53.785485 38.000000,56.275667 39.000000,58.809819 40.000000,61.386720 41.000000,64.006062 42.000000,66.666740 43.000000,69.368083 44.000000,72.109043 45.000000,74.889187 46.000000,77.707431 47.000000,80.562719 48.000000,83.454506 49.000000,86.381813 50.000000,89.343726 51.000000,92.339259 52.000000,95.367685 53.000000,98.427910 54.000000,101.519130 55.000000,104.640252 56.000000,107.790472 57.000000,110.968766 58.000000,114.174149 59.000000,117.405703 60.000000,120.662399 61.000000,123.943129 62.000000,127.247170 63.000000,130.573351 64.000000,133.920642 65.000000,137.287944 66.000000,140.674464 67.000000,144.078977 68.000000,147.500572 69.000000,150.938147 [0m
[Test-1] [0m[INFO] [1780635590.249643951] [test_node_cpp]: [YAW_OPT] init=11.951 best=12.000 best_err=2.117 curve=-70.000000,96.268893 -69.000000,93.178281 -68.000000,90.117397 -67.000000,87.087046 -66.000000,84.088231 -65.000000,81.121762 -64.000000,78.188832 -63.000000,75.290196 -62.000000,72.426803 -61.000000,69.599497 -60.000000,66.809404 -59.000000,64.057090 -58.000000,61.343650 -57.000000,58.670142 -56.000000,56.037263 -55.000000,53.446071 -54.000000,50.897374 -53.000000,48.392272 -52.000000,45.931564 -51.000000,43.516618 -50.000000,41.148476 -49.000000,38.828396 -48.000000,36.557996 -47.000000,34.339330 -46.000000,32.175189 -45.000000,30.070033 -44.000000,28.033072 -43.000000,26.094150 -42.000000,24.419265 -41.000000,23.220406 -40.000000,22.228529 -39.000000,21.366398 -38.000000,20.639584 -37.000000,20.040074 -36.000000,19.536370 -35.000000,19.094412 -34.000000,18.690012 -33.000000,18.308441 -32.000000,17.941512 -31.000000,17.584145 -30.000000,17.233607 -29.000000,16.888403 -28.000000,16.547536 -27.000000,16.211139 -26.000000,15.879050 -25.000000,15.552142 -24.000000,15.231418 -23.000000,14.918572 -22.000000,14.615734 -21.000000,14.325850 -20.000000,14.052117 -19.000000,13.798618 -18.000000,13.568917 -17.000000,13.365366 -16.000000,13.187829 -15.000000,13.033500 -14.000000,12.898046 -13.000000,12.777419 -12.000000,12.669603 -11.000000,12.574399 -10.000000,12.491544 -9.000000,12.413708 -8.000000,12.327593 -7.000000,12.218107 -6.000000,12.073132 -5.000000,11.884602 -4.000000,11.647367 -3.000000,11.358170 -2.000000,11.015199 -1.000000,10.617118 0.000000,10.162936 1.000000,9.652784 2.000000,9.086466 3.000000,8.464760 4.000000,7.788214 5.000000,7.059214 6.000000,6.281118 7.000000,5.461792 8.000000,4.618747 9.000000,3.795318 10.000000,3.063774 11.000000,2.480799 12.000000,2.116607 13.000000,2.174211 14.000000,2.949577 15.000000,4.122484 16.000000,5.434034 17.000000,6.831176 18.000000,8.297936 19.000000,9.828181 20.000000,11.417815 21.000000,13.064929 22.000000,14.768019 23.000000,16.525790 24.000000,18.337683 25.000000,20.202503 26.000000,22.119364 27.000000,24.087757 28.000000,26.107074 29.000000,28.176252 30.000000,30.295170 31.000000,32.462432 32.000000,34.677881 33.000000,36.940620 34.000000,39.249840 35.000000,41.605098 36.000000,44.005267 37.000000,46.450149 38.000000,48.938340 39.000000,51.469648 40.000000,54.043013 41.000000,56.657590 42.000000,59.312694 43.000000,62.007533 44.000000,64.741060 45.000000,67.512913 46.000000,70.321735 47.000000,73.167047 48.000000,76.047743 49.000000,78.963155 50.000000,81.912179 51.000000,84.894084 52.000000,87.907764 53.000000,90.952495 54.000000,94.027296 55.000000,97.131311 56.000000,100.263388 57.000000,103.422600 58.000000,106.608225 59.000000,109.819031 60.000000,113.054298 61.000000,116.312735 62.000000,119.593613 63.000000,122.895712 64.000000,126.218180 65.000000,129.560038 66.000000,132.920185 67.000000,136.297468 68.000000,139.691150 69.000000,143.099771 [0m
[Test-1] [0m[INFO] [1780635590.277130941] [test_node_cpp]: [YAW_OPT] init=19.373 best=20.000 best_err=2.050 curve=-70.000000,82.412564 -69.000000,79.385977 -68.000000,76.389787 -67.000000,73.424931 -66.000000,70.492578 -65.000000,67.593916 -64.000000,64.729764 -63.000000,61.901576 -62.000000,59.110651 -61.000000,56.357958 -60.000000,53.645299 -59.000000,50.974221 -58.000000,48.346942 -57.000000,45.765972 -56.000000,43.235100 -55.000000,40.759609 -54.000000,38.348674 -53.000000,36.019925 -52.000000,33.814225 -51.000000,31.827532 -50.000000,30.192363 -49.000000,28.886211 -48.000000,27.801729 -47.000000,26.896527 -46.000000,26.154109 -45.000000,25.546975 -44.000000,25.037961 -43.000000,24.594111 -42.000000,24.192407 -41.000000,23.818150 -40.000000,23.462316 -39.000000,23.119572 -38.000000,22.786326 -37.000000,22.460750 -36.000000,22.141764 -35.000000,21.829336 -34.000000,21.523581 -33.000000,21.225612 -32.000000,20.937254 -31.000000,20.661293 -30.000000,20.401439 -29.000000,20.162951 -28.000000,19.952989 -27.000000,19.780642 -26.000000,19.655773 -25.000000,19.587434 -24.000000,19.580845 -23.000000,19.636944 -22.000000,19.754858 -21.000000,19.936506 -20.000000,20.184526 -19.000000,20.494363 -18.000000,20.846834 -17.000000,21.214966 -16.000000,21.574071 -15.000000,21.907852 -14.000000,22.204892 -13.000000,22.458290 -12.000000,22.663606 -11.000000,22.817274 -10.000000,22.917717 -9.000000,22.963284 -8.000000,22.952941 -7.000000,22.885514 -6.000000,22.760835 -5.000000,22.578363 -4.000000,22.337684 -3.000000,22.038720 -2.000000,21.681315 -1.000000,21.265291 0.000000,20.790653 1.000000,20.257621 2.000000,19.665971 3.000000,19.016000 4.000000,18.307877 5.000000,17.541784 6.000000,16.718228 7.000000,15.837082 8.000000,14.899270 9.000000,13.905051 10.000000,12.855069 11.000000,11.750562 12.000000,10.592739 13.000000,9.383790 14.000000,8.128005 15.000000,6.833707 16.000000,5.520787 17.000000,4.248120 18.000000,3.174522 19.000000,2.464663 20.000000,2.049605 21.000000,2.801655 22.000000,4.432499 23.000000,6.164881 24.000000,7.963195 25.000000,9.819777 26.000000,11.730740 27.000000,13.694376 28.000000,15.709058 29.000000,17.773897 30.000000,19.887642 31.000000,22.049524 32.000000,24.258707 33.000000,26.514583 34.000000,28.816276 35.000000,31.162809 36.000000,33.553645 37.000000,35.988130 38.000000,38.465321 39.000000,40.984340 40.000000,43.544619 41.000000,46.145166 42.000000,48.785482 43.000000,51.464455 44.000000,54.181349 45.000000,56.935357 46.000000,59.725565 47.000000,62.551289 48.000000,65.411559 49.000000,68.305387 50.000000,71.232100 51.000000,74.190662 52.000000,77.180216 53.000000,80.199965 54.000000,83.248749 55.000000,86.325832 56.000000,89.430243 57.000000,92.560940 58.000000,95.717066 59.000000,98.897710 60.000000,102.101831 61.000000,105.328272 62.000000,108.576235 63.000000,111.844930 64.000000,115.133015 65.000000,118.439574 66.000000,121.763627 67.000000,125.104326 68.000000,128.460325 69.000000,131.830952 [0m
[Test-1] [0m[INFO] [1780635590.330089917] [test_node_cpp]: [YAW_OPT] init=-49.209 best=-50.000 best_err=8.302 curve=-70.000000,58.397908 -69.000000,55.257844 -68.000000,52.146068 -67.000000,49.063985 -66.000000,46.013449 -65.000000,42.996373 -64.000000,40.015053 -63.000000,37.072097 -62.000000,34.170451 -61.000000,31.314079 -60.000000,28.507714 -59.000000,25.757801 -58.000000,23.072952 -57.000000,20.465205 -56.000000,17.952810 -55.000000,15.563161 -54.000000,13.339741 -53.000000,11.353488 -52.000000,9.721339 -51.000000,8.633548 -50.000000,8.302183 -49.000000,8.734458 -48.000000,9.766877 -47.000000,11.221759 -46.000000,12.939979 -45.000000,14.808720 -44.000000,16.758362 -43.000000,18.746914 -42.000000,20.747853 -41.000000,22.744085 -40.000000,24.724069 -39.000000,26.679655 -38.000000,28.604907 -37.000000,30.495524 -36.000000,32.347836 -35.000000,34.159320 -34.000000,35.927680 -33.000000,37.651343 -32.000000,39.328330 -31.000000,40.957774 -30.000000,42.538263 -29.000000,44.069002 -28.000000,45.548990 -27.000000,46.977337 -26.000000,48.353558 -25.000000,49.676815 -24.000000,50.946472 -23.000000,52.162135 -22.000000,53.323226 -21.000000,54.429229 -20.000000,55.479808 -19.000000,56.474552 -18.000000,57.413112 -17.000000,58.295050 -16.000000,59.120296 -15.000000,59.888283 -14.000000,60.599069 -13.000000,61.252238 -12.000000,61.847707 -11.000000,62.385330 -10.000000,62.864901 -9.000000,63.286251 -8.000000,63.649517 -7.000000,63.954535 -6.000000,64.201267 -5.000000,64.389738 -4.000000,64.520038 -3.000000,64.592169 -2.000000,64.606366 -1.000000,64.562541 0.000000,64.461101 1.000000,64.302025 2.000000,64.085916 3.000000,63.812675 4.000000,63.482984 5.000000,63.096985 6.000000,62.655255 7.000000,62.158329 8.000000,61.606792 9.000000,61.001326 10.000000,60.342727 11.000000,59.631949 12.000000,58.869925 13.000000,58.057884 14.000000,57.197367 15.000000,56.289758 16.000000,55.337192 17.000000,54.342052 18.000000,53.306796 19.000000,52.235079 20.000000,51.131077 21.000000,49.999743 22.000000,48.847840 23.000000,47.683569 24.000000,46.517393 25.000000,45.362753 26.000000,44.236071 27.000000,43.156521 28.000000,42.145192 29.000000,41.221916 30.000000,40.401767 31.000000,39.692278 32.000000,39.094213 33.000000,38.602679 34.000000,38.210730 35.000000,37.910211 36.000000,37.693194 37.000000,37.551752 38.000000,37.478017 39.000000,37.465052 40.000000,37.506537 41.000000,37.596962 42.000000,37.732211 43.000000,37.909116 44.000000,38.125656 45.000000,38.381238 46.000000,38.676816 47.000000,39.014319 48.000000,39.397366 49.000000,39.831572 50.000000,40.324531 51.000000,40.885865 52.000000,41.528465 53.000000,42.267654 54.000000,43.122906 55.000000,44.117073 56.000000,45.277305 57.000000,46.632112 58.000000,48.207547 59.000000,50.017822 60.000000,52.058014 61.000000,54.306224 62.000000,56.731496 63.000000,59.302481 64.000000,61.992486 65.000000,64.780219 66.000000,67.649176 67.000000,70.586692 68.000000,73.582759 69.000000,76.629593 [0m
[Test-1] [0m[INFO] [1780635590.332242933] [test_node_cpp]: [YAW_OPT] init=35.348 best=35.000 best_err=3.020 curve=-70.000000,45.692266 -69.000000,43.168026 -68.000000,40.890341 -67.000000,39.015620 -66.000000,37.585735 -65.000000,36.474577 -64.000000,35.576906 -63.000000,34.837520 -62.000000,34.220366 -61.000000,33.696564 -60.000000,33.243711 -59.000000,32.843956 -58.000000,32.484190 -57.000000,32.155456 -56.000000,31.851498 -55.000000,31.568383 -54.000000,31.303638 -53.000000,31.056860 -52.000000,30.827898 -51.000000,30.619222 -50.000000,30.433979 -49.000000,30.277358 -48.000000,30.157045 -47.000000,30.082416 -46.000000,30.066121 -45.000000,30.121945 -44.000000,30.263445 -43.000000,30.501596 -42.000000,30.845393 -41.000000,31.308965 -40.000000,31.929388 -39.000000,32.774329 -38.000000,33.860928 -37.000000,35.101369 -36.000000,36.403678 -35.000000,37.717871 -34.000000,39.019120 -33.000000,40.294007 -32.000000,41.534527 -31.000000,42.735670 -30.000000,43.893193 -29.000000,45.004927 -28.000000,46.068707 -27.000000,47.082767 -26.000000,48.045997 -25.000000,48.957006 -24.000000,49.815335 -23.000000,50.620232 -22.000000,51.370560 -21.000000,52.065982 -20.000000,52.706225 -19.000000,53.290573 -18.000000,53.818834 -17.000000,54.290449 -16.000000,54.705285 -15.000000,55.063223 -14.000000,55.363672 -13.000000,55.606756 -12.000000,55.792171 -11.000000,55.919728 -10.000000,55.989701 -9.000000,56.001468 -8.000000,55.955289 -7.000000,55.851169 -6.000000,55.689031 -5.000000,55.468755 -4.000000,55.190418 -3.000000,54.854227 -2.000000,54.460181 -1.000000,54.008358 0.000000,53.499003 1.000000,52.931973 2.000000,52.307635 3.000000,51.626064 4.000000,50.887536 5.000000,50.092292 6.000000,49.240547 7.000000,48.332560 8.000000,47.368592 9.000000,46.348876 10.000000,45.273923 11.000000,44.143863 12.000000,42.958970 13.000000,41.720129 14.000000,40.427233 15.000000,39.080960 16.000000,37.681830 17.000000,36.230147 18.000000,34.726273 19.000000,33.171256 20.000000,31.565367 21.000000,29.909489 22.000000,28.203852 23.000000,26.449972 24.000000,24.648203 25.000000,22.799960 26.000000,20.906301 27.000000,18.969043 28.000000,16.990103 29.000000,14.972761 30.000000,12.921426 31.000000,10.843593 32.000000,8.752784 33.000000,6.675222 34.000000,4.669021 35.000000,3.019636 36.000000,3.037226 37.000000,4.604155 38.000000,6.635086 39.000000,8.902643 40.000000,11.298472 41.000000,13