name init coarse refined old_err coarse_err new_err delta improved mutated
2 -0.407588 -0.477401 -0.471752 13.323875 12.456849 12.447653 -0.064164 1 0
2 -0.233949 -0.338669 -0.336353 10.072216 8.459465 8.458038 -0.102404 1 0
2 -0.163480 -0.268200 -0.267652 7.275832 5.697530 5.697506 -0.104172 1 0
2 -0.025699 -0.095512 -0.087998 4.204389 3.830299 3.827450 -0.062299 1 0
2 0.077401 0.077401 0.072254 2.039298 2.039298 2.017500 -0.005147 1 0
2 0.204218 0.204218 0.202881 1.968996 1.968996 1.966674 -0.001338 1 0
2 0.355847 0.355847 0.355706 2.620457 2.620457 2.620469 -0.000141 0 0
2 0.513202 0.513202 0.514647 1.742031 1.742031 1.724056 0.001445 1 0
2 -0.863901 -0.881354 -0.880587 9.662806 9.349003 9.348531 -0.016686 1 0
2 0.661760 0.661760 0.664868 2.629269 2.629269 2.581232 0.003108 1 0
2 -0.641228 -0.658682 -0.659154 8.331912 8.089789 8.089614 -0.017925 1 0
2 -0.491496 -0.508949 -0.513068 9.131526 8.943153 8.935026 -0.021572 1 0
2 -0.301517 -0.336424 -0.343503 7.170607 6.616129 6.593756 -0.041985 1 0
2 -0.185455 -0.255268 -0.255875 6.517897 5.680169 5.680042 -0.070420 1 0
2 -0.089130 -0.176396 -0.183365 4.942302 4.052921 4.045164 -0.094235 1 0
2 -0.021873 -0.056780 -0.063073 3.353577 3.223868 3.220401 -0.041200 1 0
2 0.108666 0.108666 0.103784 2.272934 2.272934 2.261444 -0.004883 1 0
2 0.205472 0.222925 0.218547 1.868412 1.677739 1.650226 0.013075 1 0
2 0.358652 0.358652 0.365618 2.045004 2.045004 1.945788 0.006966 1 0
2 0.458717 0.458717 0.464409 2.790601 2.790601 2.720770 0.005692 1 0
2 -0.869027 -0.886481 -0.884086 8.262075 7.962920 7.954958 -0.015059 1 0
2 0.603186 0.603186 0.609007 3.108280 3.108280 3.008409 0.005821 1 0
2 -0.749091 -0.766544 -0.763720 7.557305 7.309997 7.300366 -0.014629 1 0
2 0.718903 0.718903 0.725927 4.737158 4.737158 4.600499 0.007024 1 0
2 -0.628585 -0.646038 -0.641494 5.235602 5.062215 5.035094 -0.012909 1 0
2 -0.512109 -0.529562 -0.524302 4.977487 4.851428 4.819391 -0.012193 1 0
2 -0.427234 -0.427234 -0.434672 3.411328 3.411328 3.362675 -0.007437 1 0
2 -0.306362 -0.306362 -0.315566 2.738018 2.738018 2.684486 -0.009204 1 0
2 -0.224151 -0.171791 -0.165950 4.484047 4.101962 4.098499 0.058200 1 0
2 -0.211294 0.085412 0.080020 7.548822 4.171050 4.165815 0.291314 1 1
2 0.259054 0.259054 0.256623 3.565578 3.565578 3.560970 -0.002431 1 0
2 0.373078 0.390531 0.381952 6.477985 6.466991 6.403296 0.008874 1 0
2 0.458924 0.476377 0.479410 12.194397 11.969750 11.964872 0.020486 1 0
2 0.567919 0.585372 0.590727 12.415322 12.061005 12.039012 0.022808 1 0
2 -0.875154 -0.892607 -0.888641 9.790805 9.545379 9.519759 -0.013486 1 0
2 0.680956 0.698409 0.698252 10.381942 10.026882 10.026900 0.017297 1 0
2 -0.735520 -0.752973 -0.752351 10.619270 10.359357 10.358894 -0.016831 1 0
2 0.799112 0.816565 0.814203 10.224518 9.897700 9.885466 0.015091 1 0
2 -0.571742 -0.484476 -0.479969 30.841911 29.001583 28.998020 0.091773 1 0
2 -0.483802 -0.501255 -0.495816 5.225360 5.126398 5.093594 -0.012015 1 0
2 -0.354596 -0.354596 -0.360692 2.451031 2.451031 2.405229 -0.006096 1 0
2 -0.199726 -0.199726 -0.203664 2.779993 2.779993 2.774945 -0.003937 1 0
2 -0.081642 -0.116549 -0.108063 2.654359 2.534408 2.517254 -0.026420 1 0
2 -0.012655 -0.012655 -0.008815 1.293900 1.293900 1.291305 0.003840 1 0
2 0.145882 0.145882 0.144397 1.518886 1.518886 1.509098 -0.001485 1 0
2 0.269940 0.269940 0.275701 2.526785 2.526785 2.495692 0.005761 1 0
2 0.429319 0.429319 0.440357 2.395502 2.395502 2.249101 0.011038 1 0
2 -0.908413 -0.925866 -0.928572 11.066115 10.678795 10.670708 -0.020160 1 0
2 0.560336 0.560336 0.566812 2.680310 2.680310 2.603084 0.006475 1 0
2 -0.771301 -0.788754 -0.794983 10.945448 10.548469 10.516952 -0.023682 1 0
2 0.699934 0.699934 0.702158 2.494937 2.494937 2.417325 0.002224 1 0
2 -0.641885 -0.659338 -0.666610 10.258399 9.897730 9.860296 -0.024725 1 0
2 0.827658 0.827658 0.829977 4.113552 4.113552 4.078218 0.002319 1 0
2 -0.504170 -0.539077 -0.531804 9.113361 8.762608 8.730717 -0.027634 1 0
2 -0.381987 -0.416894 -0.412956 7.180405 6.773100 6.765660 -0.030969 1 0
2 -0.252733 -0.305093 -0.303118 7.301521 6.622762 6.621564 -0.050385 1 0
2 -0.145441 -0.232707 -0.227197 7.172749 5.916419 5.905403 -0.081757 1 0
2 -0.053296 -0.123109 -0.117507 4.330328 3.636526 3.628136 -0.064211 1 0
2 0.066710 0.084163 0.084829 2.254806 2.160784 2.160597 0.018119 1 0
2 0.197075 0.197075 0.203362 2.176769 2.176769 2.144515 0.006288 1 0
2 0.305477 0.305477 0.307516 2.582098 2.582098 2.577266 0.002040 1 0
2 0.520010 0.520010 0.524398 2.151394 2.151394 2.095391 0.004388 1 0
2 0.632838 0.632838 0.636940 3.346972 3.346972 3.306785 0.004102 1 0
2 -0.761930 -0.779383 -0.774262 8.109776 7.945206 7.911192 -0.012332 1 0
2 0.750979 0.750979 0.748626 3.183564 3.183564 3.140597 -0.002352 1 0
2 -0.475477 -0.492930 -0.490971 6.541377 6.366763 6.363090 -0.015493 1 0
2 -0.296238 -0.331145 -0.327324 6.363939 5.981335 5.973232 -0.031086 1 0
2 -0.175608 -0.227968 -0.222141 5.668332 4.934485 4.910927 -0.046534 1 0
2 -0.104778 -0.157138 -0.154970 4.873729 4.229385 4.228019 -0.050192 1 0
2 0.016135 -0.053678 -0.045068 3.626274 3.101757 3.083444 -0.061204 1 0
2 0.067013 0.084467 0.082467 2.902278 2.871394 2.870904 0.015453 1 0
2 0.181201 0.198654 0.201672 1.883841 1.471201 1.433989 0.020471 1 0
2 0.330761 0.330761 0.341384 1.350358 1.350358 1.169919 0.010622 1 0
2 0.453257 0.453257 0.460143 1.816145 1.816145 1.633969 0.006886 1 0
2 0.553049 0.570502 0.564454 2.796696 2.762744 2.641867 0.011405 1 0
2 -0.784788 -0.784788 -0.790634 2.821541 2.821541 2.747786 -0.005846 1 0
2 0.691682 0.709136 0.702816 3.910541 3.884049 3.724981 0.011134 1 0
2 -0.665407 -0.665407 -0.669880 2.705737 2.705737 2.639871 -0.004473 1 0
2 0.828818 0.846271 0.839719 4.393477 4.354211 4.262346 0.010901 1 0
2 -0.538942 -0.538942 -0.542823 1.351436 1.351436 1.278893 -0.003882 1 0
2 -0.438453 -0.438453 -0.440921 2.144865 2.144865 2.132717 -0.002467 1 0
2 -0.288416 -0.288416 -0.290800 1.840796 1.840796 1.831179 -0.002384 1 0
2 -0.182050 -0.164597 -0.170136 2.357963 2.322650 2.311602 0.011914 1 0
2 -0.017083 0.035277 0.041485 2.588921 2.221517 2.207220 0.058568 1 0
2 0.137837 0.172743 0.166492 2.851802 2.604429 2.585972 0.028655 1 0
2 0.277480 0.277480 0.286065 3.768800 3.768800 3.711188 0.008585 1 0
2 0.411966 0.429419 0.423540 4.022759 4.015070 3.854230 0.011575 1 0
2 0.530593 0.548047 0.543555 4.880458 4.803600 4.694109 0.012962 1 0
2 -0.896231 -0.913685 -0.907128 7.877901 7.733141 7.644074 -0.010896 1 0
2 0.663679 0.663679 0.672695 7.178918 7.178918 7.076925 0.009016 1 0
2 -0.765945 -0.783398 -0.778876 7.324056 7.119161 7.076373 -0.012931 1 0
2 0.785086 0.785086 0.791630 8.344510 8.344510 8.288128 0.006544 1 0
2 -0.645328 -0.662781 -0.659411 7.044409 6.833665 6.820325 -0.014083 1 0
2 0.882776 0.882776 0.887741 8.799649 8.799649 8.764045 0.004965 1 0
2 -0.490284 -0.507737 -0.506052 6.834939 6.657499 6.655746 -0.015768 1 0
2 -0.335182 -0.352635 -0.359955 5.901429 5.644878 5.615289 -0.024774 1 0
2 -0.197921 -0.232827 -0.241071 5.705353 5.220835 5.195826 -0.043150 1 0
2 -0.090967 -0.143327 -0.142439 4.741541 3.985258 3.984828 -0.051472 1 0
2 -0.026029 -0.060936 -0.064219 3.540988 3.350674 3.349078 -0.038190 1 0
2 0.058339 0.075793 0.070757 2.029337 1.925469 1.914225 0.012418 1 0
2 0.161327 0.178781 0.178654 2.380331 2.241482 2.241457 0.017326 1 0
2 0.301666 0.319119 0.321750 2.925817 2.657801 2.647677 0.020084 1 0
2 0.477102 0.477102 0.483429 2.783494 2.783494 2.656215 0.006327 1 0
2 -0.871630 -0.889084 -0.894313 12.081467 11.663549 11.638717 -0.022682 1 0
2 0.611696 0.611696 0.618652 3.522448 3.522448 3.398069 0.006956 1 0
2 -0.698159 -0.715612 -0.723064 10.751881 10.380635 10.341541 -0.024905 1 0
2 0.736096 0.736096 0.742867 4.713151 4.713151 4.615088 0.006771 1 0
2 -0.551943 -0.586850 -0.584964 10.924042 10.433393 10.431733 -0.033021 1 0
2 0.884776 0.884776 0.889128 4.605616 4.605616 4.548181 0.004352 1 0
2 -0.455436 -0.490342 -0.489574 9.565271 9.085053 9.084877 -0.034138 1 0
2 -0.326145 -0.378505 -0.376054 8.818171 8.089867 8.087653 -0.049909 1 0
2 -0.200328 -0.270141 -0.273658 7.620996 6.481720 6.477122 -0.073330 1 0
2 -0.088078 -0.175345 -0.177479 7.096022 5.896250 5.895140 -0.089401 1 0
2 0.104106 -0.122787 -0.122565 6.312259 5.346795 5.346799 -0.226670 1 0
2 0.214357 0.196904 0.195344 4.514526 4.202150 4.198228 -0.019013 1 0
2 0.295684 0.278230 0.284900 2.722129 2.675284 2.611366 -0.010784 1 0
2 0.426106 0.426106 0.425811 2.473181 2.473181 2.473054 -0.000295 1 0
2 0.537719 0.537719 0.539863 1.352677 1.352677 1.332532 0.002145 1 0
2 -0.839453 -0.856906 -0.855244 9.119071 8.859606 8.856689 -0.015791 1 0
2 0.643084 0.643084 0.643954 2.168196 2.168196 2.164399 0.000871 1 0
2 -0.880373 -0.897826 -0.890266 11.718537 11.694812 11.606083 -0.009894 1 0
2 0.794892 0.794892 0.797927 3.271449 3.271449 3.223440 0.003035 1 0
2 -0.582065 -0.599519 -0.604420 10.170278 9.926512 9.912367 -0.022354 1 0
2 -0.498977 -0.516430 -0.517008 8.320293 8.163166 8.162975 -0.018031 1 0
2 -0.236345 -0.306158 -0.304705 8.833816 7.999032 7.998317 -0.068360 1 0
2 -0.176824 -0.246637 -0.241021 5.712726 5.086204 5.077054 -0.064197 1 0
2 -0.086249 -0.156062 -0.155484 4.695814 4.178734 4.178660 -0.069235 1 0
2 -0.000622 -0.035528 -0.037429 3.288291 3.177217 3.176926 -0.036807 1 0
2 0.066027 0.066027 0.072224 2.053176 2.053176 2.034357 0.006197 1 0
2 0.208578 0.208578 0.216859 2.127295 2.127295 2.069054 0.008281 1 0
2 0.338118 0.355572 0.352079 2.277769 2.071924 2.028490 0.013961 1 0
2 -0.858867 -0.876320 -0.874336 8.588252 8.304285 8.298797 -0.015469 1 0
2 0.616943 0.616943 0.622477 2.827436 2.827436 2.730588 0.005534 1 0
2 -0.717271 -0.734724 -0.731863 7.552919 7.335191 7.326532 -0.014592 1 0
2 0.747285 0.747285 0.751186 4.658625 4.658625 4.603789 0.003901 1 0
2 -0.625760 -0.643213 -0.637294 6.381028 6.285946 6.251204 -0.011535 1 0
2 -0.484910 -0.502363 -0.500157 5.317927 5.166103 5.162857 -0.015247 1 0
2 -0.394132 -0.394132 -0.401463 3.831922 3.831922 3.797162 -0.007331 1 0
2 -0.252101 -0.269554 -0.265045 2.231769 2.174525 2.166797 -0.012944 1 0
2 0.010009 -0.024898 -0.017611 3.232864 3.133236 3.126310 -0.027620 1 0
2 0.166502 0.149049 0.156300 4.954803 4.937617 4.911889 -0.010203 1 0
2 0.288231 0.288231 0.289569 5.693160 5.693160 5.691762 0.001338 1 0
2 0.406934 0.406934 0.411120 5.589724 5.589724 5.530914 0.004186 1 0
2 -1.043041 -1.060494 -1.055955 9.844677 9.570722 9.532703 -0.012914 1 0
2 0.537767 0.537767 0.546187 7.424825 7.424825 7.275774 0.008420 1 0
2 -0.905004 -0.922457 -0.919142 9.386282 9.113833 9.096971 -0.014138 1 0
2 0.637538 0.654991 0.651781 8.494445 8.237392 8.179605 0.014243 1 0
2 -0.765113 -0.782566 -0.779567 8.772267 8.525019 8.513795 -0.014454 1 0
2 0.775467 0.775467 0.781894 8.328270 8.328270 8.251316 0.006427 1 0
2 -0.623807 -0.641261 -0.640216 8.188811 7.985428 7.984046 -0.016408 1 0
2 -0.470501 -0.487954 -0.492568 7.074784 6.846659 6.834866 -0.022067 1 0
2 -0.311021 -0.345928 -0.348687 6.124589 5.668499 5.665729 -0.037666 1 0
2 -0.160693 -0.230506 -0.232305 5.932602 5.066053 5.065206 -0.071611 1 0
2 -0.092050 -0.144410 -0.142316 3.379823 2.950286 2.949069 -0.050266 1 0
2 0.003616 0.003616 0.009679 1.349015 1.349015 1.342382 0.006063 1 0
2 0.146731 0.146731 0.155573 1.541009 1.541009 1.445738 0.008841 1 0
2 0.292095 0.292095 0.299047 2.465038 2.465038 2.358347 0.006952 1 0
2 -1.030343 -1.047797 -1.050570 12.501021 12.089291 12.080826 -0.020227 1 0
2 0.444296 0.444296 0.449987 2.845353 2.845353 2.764488 0.005692 1 0
2 -0.877377 -0.894830 -0.899254 11.731188 11.342857 11.324823 -0.021878 1 0
2 0.593522 0.593522 0.598036 3.848536 3.848536 3.772913 0.004515 1 0
2 -0.732317 -0.749771 -0.756058 10.853301 10.497345 10.468122 -0.023740 1 0
2 0.738003 0.738003 0.745267 5.085024 5.085024 4.940202 0.007264 1 0
2 -0.592998 -0.610451 -0.619169 9.409933 9.076987 9.030796 -0.026171 1 0
2 -0.434546 -0.469453 -0.476344 8.956408 8.380992 8.362054 -0.041798 1 0
2 -0.297255 -0.367068 -0.360408 8.251532 7.269886 7.254072 -0.063153 1 0
2 -0.219960 -0.289773 -0.289839 6.548588 5.348564 5.348457 -0.069879 1 0
2 -0.123521 -0.210788 -0.218839 5.733447 4.568436 4.554565 -0.095317 1 0
2 -0.008507 -0.130680 -0.124514 4.214559 3.605401 3.603322 -0.116007 1 0
2 0.145321 0.127868 0.123540 3.830749 3.561047 3.546434 -0.021781 1 0
2 0.312607 0.312607 0.306590 2.649951 2.649951 2.600105 -0.006017 1 0
2 0.432076 0.432076 0.430474 2.574011 2.574011 2.562931 -0.001602 1 0
2 0.553151 0.553151 0.554266 1.925372 1.925372 1.917509 0.001115 1 0
2 -0.818742 -0.836195 -0.832765 7.830334 7.624808 7.609479 -0.014022 1 0
2 0.675114 0.675114 0.678244 2.293105 2.293105 2.236191 0.003130 1 0
2 -0.636056 -0.531336 -0.534710 28.357299 26.172493 26.170161 0.101346 1 0
2 -0.565280 -0.582733 -0.586580 7.040389 6.783323 6.774947 -0.021301 1 0
2 -0.437610 -0.455064 -0.461398 7.044958 6.848197 6.830590 -0.023787 1 0
2 -0.305105 -0.340012 -0.347439 5.785184 5.371738 5.352785 -0.042334 1 0
2 -0.166533 -0.253799 -0.253221 4.844141 3.895662 3.895362 -0.086688 1 0
2 0.001190 -0.016264 -0.022216 4.849263 4.679612 4.661779 -0.023406 1 0
2 0.014786 -0.002667 0.001583 3.018675 2.980949 2.975853 -0.013204 1 0
2 0.209037 0.209037 0.211302 5.816283 5.816283 5.813296 0.002265 1 0
2 0.338521 0.338521 0.341592 6.802821 6.802821 6.794560 0.003071 1 0
2 0.526454 0.526454 0.531340 2.405584 2.405584 2.311900 0.004886 1 0
2 -0.818823 -0.836276 -0.837707 9.018506 8.695217 8.693263 -0.018884 1 0
2 0.652787 0.652787 0.655166 4.935325 4.935325 4.923504 0.002379 1 0
2 -0.684733 -0.702186 -0.704654 7.171032 6.870147 6.864774 -0.019921 1 0
2 -0.570399 -0.587852 -0.589692 5.747673 5.503421 5.500416 -0.019293 1 0
2 -0.469642 -0.487095 -0.482234 4.769430 4.695603 4.680892 -0.012592 1 0
2 -0.322652 -0.340105 -0.335606 2.665220 2.603331 2.590399 -0.012954 1 0
2 -0.201301 -0.218754 -0.226088 3.513685 3.461361 3.456158 -0.024787 1 0
2 -0.054848 -0.072301 -0.075362 2.665197 2.548635 2.545955 -0.020514 1 0
2 0.138483 0.138483 0.135658 5.050975 5.050975 5.045408 -0.002825 1 0
2 0.254447 0.254447 0.254488 5.094634 5.094634 5.094687 0.000041 0 0
2 -1.162835 -1.180288 -1.184904 13.117390 12.613174 12.588738 -0.022069 1 0
2 0.399112 0.399112 0.400192 5.978597 5.978597 5.976779 0.001080 1 0
2 -1.027480 -1.044934 -1.051818 13.790967 13.334085 13.292277 -0.024337 1 0
2 -0.900778 -0.918231 -0.924833 12.312842 11.928982 11.894880 -0.024055 1 0
2 -0.748534 -0.783441 -0.777395 11.816899 11.416158 11.396756 -0.028861 1 0
2 -0.596567 -0.648927 -0.641488 12.441026 11.899625 11.879703 -0.044920 1 0
2 -0.473012 -0.542825 -0.540212 12.183812 11.345178 11.342983 -0.067200 1 0
2 -0.371603 -0.458869 -0.458431 12.093386 11.230416 11.230390 -0.086828 1 0
2 -0.266508 -0.371228 -0.364040 7.838667 6.653476 6.643387 -0.097532 1 0
2 -0.188648 -0.328274 -0.326592 6.727243 5.686617 5.686233 -0.137944 1 0
2 -0.097903 -0.132810 -0.136302 4.698265 4.582002 4.581447 -0.038399 1 0
2 0.060135 0.042682 0.041333 3.956283 3.770568 3.769430 -0.018802 1 0
2 0.194003 0.176549 0.184437 3.543052 3.533046 3.438953 -0.009566 1 0
2 -1.136638 -1.171545 -1.165384 13.584316 12.999839 12.968521 -0.028746 1 0
2 0.326076 0.326076 0.323492 2.792813 2.792813 2.782158 -0.002583 1 0
2 -0.984816 -1.019722 -1.015158 12.982304 12.431803 12.418584 -0.030342 1 0
2 0.465517 0.465517 0.464041 2.568339 2.568339 2.563014 -0.001476 1 0
2 0.588555 0.588555 0.588432 2.859859 2.859859 2.859660 -0.000123 1 0
2 -0.732191 -0.767098 -0.772510 12.689606 12.092743 12.079711 -0.040319 1 0
2 0.725835 0.725835 0.726370 3.471690 3.471690 3.470459 0.000534 1 0
2 -0.628837 -0.681197 -0.676642 12.247672 11.573717 11.566639 -0.047805 1 0
2 -0.474206 -0.544020 -0.544764 12.536961 11.663919 11.663590 -0.070558 1 0
2 -0.365332 -0.470052 -0.462965 12.175207 11.060914 11.051467 -0.097632 1 0
2 -0.275574 -0.397747 -0.393017 9.602288 8.117353 8.112809 -0.117443 1 0
2 -0.174624 -0.314251 -0.312791 7.643552 6.268173 6.267832 -0.138167 1 0
2 -0.080172 -0.289612 -0.287406 6.907413 5.799715 5.799314 -0.207234 1 0
2 0.006103 -0.028803 -0.027407 5.490477 5.309173 5.308906 -0.033510 1 0
2 0.155131 0.137677 0.140545 4.473692 4.349701 4.343259 -0.014585 1 0
2 0.287388 0.287388 0.282430 3.018446 3.018446 2.963317 -0.004958 1 0
2 0.450876 0.450876 0.442941 3.284990 3.284990 3.157391 -0.007935 1 0
2 0.573050 0.573050 0.569107 2.087136 2.087136 2.023775 -0.003943 1 0
2 -0.986444 -1.003897 -1.007773 18.703753 18.480764 18.473357 -0.021329 1 0
2 0.711007 0.711007 0.710863 2.444079 2.444079 2.444025 -0.000145 1 0
2 -0.596166 -0.631072 -0.627411 9.165292 8.831508 8.825315 -0.031246 1 0
2 -0.490029 -0.524936 -0.527992 7.614907 7.199621 7.196091 -0.037963 1 0
2 -0.314014 -0.383827 -0.379639 7.858233 7.248095 7.244899 -0.065625 1 0
2 -0.227555 -0.314822 -0.316262 7.043579 6.207421 6.207029 -0.088707 1 0
2 -0.164666 -0.251932 -0.246334 5.163568 4.310162 4.302126 -0.081668 1 0
2 -0.048820 -0.153540 -0.146429 4.077832 3.793565 3.791148 -0.097609 1 0
2 0.031882 0.014429 0.021633 2.264078 2.247520 2.234847 -0.010249 1 0
2 0.086507 0.086507 0.093353 1.866504 1.866504 1.841971 0.006846 1 0
2 0.257078 0.257078 0.251399 1.554888 1.554888 1.532188 -0.005679 1 0
2 0.379699 0.379699 0.383488 1.352154 1.352154 1.334481 0.003789 1 0
2 0.495957 0.495957 0.499580 2.982805 2.982805 2.963263 0.003623 1 0
2 0.650623 0.650623 0.654278 3.014452 3.014452 2.991553 0.003654 1 0
2 -0.726920 -0.744373 -0.739392 5.511567 5.377234 5.352421 -0.012472 1 0
2 -0.589946 -0.607399 -0.603124 4.438672 4.316071 4.299241 -0.013179 1 0
2 -0.521964 -0.521964 -0.524170 3.130541 3.130541 3.125439 -0.002206 1 0
2 -0.301130 -0.318584 -0.315185 2.564302 2.511937 2.508063 -0.014054 1 0
2 -0.233980 -0.233980 -0.225981 1.329691 1.329691 1.312065 0.007998 1 0
2 0.006478 0.006478 -0.001555 4.177280 4.177280 4.169106 -0.008033 1 0
2 0.116472 0.116472 0.120902 2.796284 2.796284 2.787673 0.004430 1 0
2 0.245551 0.245551 0.245704 3.894952 3.894952 3.894998 0.000152 0 0
2 0.367153 0.367153 0.368383 5.102877 5.102877 5.101009 0.001230 1 0
2 -1.059945 -1.077398 -1.073045 7.507791 7.246349 7.199084 -0.013100 1 0
2 0.505572 0.505572 0.510607 5.468545 5.468545 5.432238 0.005035 1 0
2 -0.923734 -0.941187 -0.934924 6.731911 6.578039 6.490311 -0.011191 1 0
2 -0.798652 -0.816105 -0.810670 6.642298 6.486598 6.441517 -0.012018 1 0
2 0.740598 0.740598 0.744916 7.543659 7.543659 7.516551 0.004318 1 0
2 -0.652123 -0.669576 -0.670059 6.357203 6.118859 6.118596 -0.017936 1 0
2 -0.504849 -0.539756 -0.535910 7.811434 7.456840 7.449864 -0.031061 1 0
2 -0.365022 -0.417382 -0.409072 7.441220 6.995147 6.973051 -0.044050 1 0
2 -0.229802 -0.299615 -0.304797 7.626497 6.943833 6.938695 -0.074995 1 0
2 -0.156654 -0.226467 -0.234150 5.212443 4.257147 4.232726 -0.077496 1 0
2 -0.084144 -0.136504 -0.135832 3.915892 3.764512 3.764300 -0.051688 1 0
2 -0.033797 -0.051251 -0.043231 1.509022 1.502693 1.486072 -0.009434 1 0
2 0.141236 0.141236 0.136482 1.610973 1.610973 1.584025 -0.004754 1 0
2 0.276649 0.276649 0.276741 1.326251 1.326251 1.326242 0.000092 1 0
2 -1.046943 -1.081850 -1.073392 14.116407 13.637784 13.583375 -0.026450 1 0
2 0.419749 0.419749 0.419517 1.836265 1.836265 1.835556 -0.000232 1 0
2 -0.922169 -0.957075 -0.949124 12.463796 12.003127 11.954426 -0.026956 1 0
2 0.539900 0.539900 0.540155 3.800399 3.800399 3.800235 0.000255 1 0
2 -0.848514 -0.865967 -0.871861 13.909587 13.498791 13.465832 -0.023347 1 0
2 0.665230 0.665230 0.665952 3.638551 3.638551 3.633215 0.000723 1 0
2 -0.630864 -0.665771 -0.674088 13.275445 12.660520 12.634507 -0.043223 1 0
2 0.813891 0.813891 0.812054 4.169882 4.169882 4.122616 -0.001837 1 0
2 -0.525221 -0.577581 -0.573458 11.985347 11.341928 11.335534 -0.048237 1 0
2 -0.392415 -0.462228 -0.466476 11.504903 10.468490 10.464156 -0.074061 1 0
2 -0.293148 -0.397867 -0.392014 10.404872 8.969448 8.961841 -0.098867 1 0
2 -0.205078 -0.327251 -0.325063 9.298365 7.768701 7.767620 -0.119985 1 0
2 -0.074445 -0.283885 -0.288174 9.167316 7.233390 7.232455 -0.213728 1 0
2 -0.004284 -0.056644 -0.054455 5.489879 5.104085 5.103396 -0.050170 1 0
2 0.179828 0.144921 0.147896 5.071026 4.645893 4.639551 -0.031932 1 0
2 0.319436 0.319436 0.311870 4.337270 4.337270 4.244894 -0.007566 1 0
2 0.424270 0.424270 0.418138 3.457536 3.457536 3.359342 -0.006132 1 0
2 -0.942028 -0.959481 -0.967076 12.009967 11.596390 11.550007 -0.025048 1 0
2 0.551458 0.551458 0.546324 1.554873 1.554873 1.458283 -0.005134 1 0
2 0.672244 0.672244 0.670598 2.999168 2.999168 2.988910 -0.001645 1 0
2 -0.711820 -0.729273 -0.736540 9.762135 9.457238 9.425369 -0.024720 1 0
2 -0.562792 -0.597698 -0.603673 9.625212 9.071175 9.055247 -0.040881 1 0
2 -0.453397 -0.505757 -0.507590 10.629873 10.077436 10.076771 -0.054194 1 0
2 -0.322026 -0.409292 -0.413544 9.444134 8.462126 8.458624 -0.091518 1 0
2 -0.205154 -0.344780 -0.344706 8.729488 7.274805 7.274856 -0.139552 1 0
2 -0.127329 -0.249502 -0.248137 6.501080 6.030541 6.030376 -0.120809 1 0
2 -0.029285 -0.046738 -0.048922 4.941561 4.822297 4.821033 -0.019637 1 0
2 -1.008107 -1.025561 -1.030564 11.536968 11.102851 11.078932 -0.022456 1 0
2 -0.875197 -0.892651 -0.899582 10.217701 9.807495 9.765880 -0.024385 1 0
2 -0.743560 -0.761014 -0.767295 8.675450 8.353947 8.328329 -0.023735 1 0
2 -0.585997 -0.620903 -0.621583 8.205124 7.724465 7.724424 -0.035586 1 0
2 -0.506934 -0.541841 -0.540946 7.290430 6.964580 6.964328 -0.034012 1 0
2 -0.355677 -0.425490 -0.426159 7.587794 6.933504 6.933370 -0.070483 1 0
2 -0.225196 -0.364822 -0.369985 5.962582 4.404028 4.401298 -0.144789 1 0
2 -1.109008 -1.126461 -1.131503 12.846120 12.391168 12.366982 -0.022495 1 0
2 -0.992010 -1.009464 -1.016118 12.476190 12.049963 12.011661 -0.024107 1 0
2 -0.735393 -0.770299 -0.766333 11.453811 11.014508 11.005552 -0.030940 1 0
2 -0.616487 -0.651394 -0.649600 10.941192 10.582030 10.580939 -0.033113 1 0
2 -0.476625 -0.528985 -0.529438 10.062008 9.487125 9.487079 -0.052813 1 0
2 -0.338433 -0.425700 -0.429378 10.300600 9.396711 9.394930 -0.090944 1 0
2 -0.263343 -0.368062 -0.366625 7.466945 6.546584 6.546306 -0.103283 1 0
2 -0.181262 -0.320888 -0.313683 6.762987 5.758754 5.753257 -0.132421 1 0
2 -0.055939 -0.090846 -0.096823 5.107681 4.895424 4.891244 -0.040884 1 0
2 0.038324 0.020870 0.024310 2.775212 2.655510 2.647896 -0.014014 1 0
2 0.216433 0.198980 0.205449 2.792784 2.706724 2.654154 -0.010984 1 0
2 -1.136896 -1.154349 -1.160517 13.084008 12.636822 12.602680 -0.023621 1 0
2 0.352199 0.352199 0.345533 2.286546 2.286546 2.191347 -0.006667 1 0
2 -0.987496 -1.022402 -1.015492 11.932829 11.423528 11.386385 -0.027997 1 0
2 0.481077 0.481077 0.479133 2.641188 2.641188 2.631418 -0.001944 1 0
2 -0.840193 -0.875100 -0.871835 12.412012 11.898709 11.892852 -0.031642 1 0
2 0.612590 0.612590 0.613412 3.489909 3.489909 3.487215 0.000822 1 0
2 -0.723712 -0.758618 -0.760735 12.413624 11.861098 11.858951 -0.037023 1 0
2 0.736831 0.736831 0.737231 3.904495 3.904495 3.903889 0.000399 1 0
2 -0.597479 -0.649839 -0.641866 12.051220 11.475525 11.454491 -0.044386 1 0
2 -0.495651 -0.548011 -0.544392 10.919995 10.365066 10.361799 -0.048742 1 0
2 -0.311527 -0.416246 -0.409225 11.180739 10.095792 10.086985 -0.097698 1 0
2 -0.246475 -0.368648 -0.363368 9.682569 8.237411 8.232048 -0.116893 1 0
2 -0.159618 -0.281791 -0.290426 7.760164 6.333457 6.320642 -0.130808 1 0
2 -0.044330 -0.253770 -0.249687 6.182041 5.128974 5.126924 -0.205357 1 0
2 0.075899 0.058446 0.056190 4.879919 4.761425 4.759438 -0.019710 1 0
2 0.209646 0.209646 0.202120 3.728887 3.728887 3.676928 -0.007526 1 0
2 0.315840 0.315840 0.318455 2.434046 2.434046 2.409376 0.002615 1 0
2 0.475848 0.475848 0.475298 1.296170 1.296170 1.294865 -0.000549 1 0
2 -0.868812 -0.886265 -0.884723 8.067128 7.821063 7.818771 -0.015911 1 0
2 0.623369 0.623369 0.624038 0.824093 0.824093 0.818912 0.000670 1 0
2 0.743665 0.743665 0.743989 2.166756 2.166756 2.166253 0.000325 1 0
2 -0.585948 -0.603402 -0.610823 6.878814 6.588744 6.552485 -0.024875 1 0
2 -0.441360 -0.476267 -0.472054 7.224042 6.884831 6.875336 -0.030694 1 0
2 -0.324038 -0.376398 -0.376088 6.633683 5.939011 5.938953 -0.052049 1 0
2 -0.200470 -0.270283 -0.269317 5.841286 5.058274 5.058013 -0.068847 1 0
2 -0.140685 -0.175592 -0.183963 4.427257 4.249882 4.240772 -0.043278 1 0
2 -0.041799 -0.041799 -0.039116 3.507463 3.507463 3.506611 0.002684 1 0
2 0.056137 0.056137 0.053391 2.404211 2.404211 2.401359 -0.002746 1 0
2 0.144697 0.144697 0.147402 2.658192 2.658192 2.653146 0.002706 1 0
2 0.267069 0.267069 0.273182 2.106897 2.106897 2.073061 0.006113 1 0
2 -0.901293 -0.918746 -0.917270 8.274806 7.974314 7.971985 -0.015977 1 0
2 0.553409 0.553409 0.557839 3.047441 3.047441 2.996714 0.004429 1 0
2 -0.785356 -0.802810 -0.800558 7.427273 7.192091 7.185315 -0.015201 1 0
2 0.688965 0.688965 0.692080 3.871544 3.871544 3.836463 0.003115 1 0
2 -0.671894 -0.689348 -0.688402 6.482634 6.231123 6.230636 -0.016508 1 0
2 -0.565454 -0.582908 -0.581081 5.267263 5.075808 5.073209 -0.015626 1 0
2 -0.431722 -0.449175 -0.453846 5.500040 5.294541 5.283182 -0.022124 1 0
2 -0.259793 -0.312153 -0.310964 6.218691 5.841548 5.841381 -0.051171 1 0
2 -0.217632 -0.252539 -0.260924 3.141942 2.862247 2.849156 -0.043292 1 0
2 0.064500 0.047047 0.048337 4.512880 4.424793 4.424034 -0.016163 1 0
2 0.143801 0.143801 0.146051 4.789774 4.789774 4.786113 0.002250 1 0
2 0.231823 0.231823 0.235499 5.548465 5.548465 5.528272 0.003676 1 0
2 0.407872 0.407872 0.410472 7.452701 7.452701 7.442078 0.002600 1 0
2 -1.034012 -1.051465 -1.054136 14.352382 13.919222 13.911559 -0.020125 1 0
2 0.512691 0.512691 0.515613 6.691284 6.691284 6.662072 0.002922 1 0
2 -0.907479 -0.924933 -0.931064 15.535366 15.121739 15.089637 -0.023584 1 0
2 0.620414 0.620414 0.628533 8.898013 8.898013 8.640409 0.008119 1 0
2 -0.723665 -0.636399 -0.639001 24.133754 22.162882 22.159788 0.084664 1 0
2 0.747811 0.747811 0.755353 9.269721 9.269721 8.943032 0.007541 1 0
2 -0.630221 -0.665127 -0.665270 14.509054 14.036669 14.036586 -0.035049 1 0
2 -0.481821 -0.534180 -0.528665 12.562818 12.008584 12.000073 -0.046845 1 0
2 -0.374818 -0.444631 -0.442111 11.675269 10.879779 10.878233 -0.067293 1 0
2 -0.270768 -0.375487 -0.371506 10.141423 8.754177 8.749548 -0.100739 1 0
2 -0.194076 -0.298796 -0.303532 7.356194 5.984101 5.979764 -0.109456 1 0
2 -0.138425 -0.208239 -0.211384 3.222265 2.731055 2.729357 -0.072959 1 0
2 -0.020143 -0.020143 -0.023204 1.227463 1.227463 1.214837 -0.003061 1 0
2 0.174670 0.174670 0.176912 1.283453 1.283453 1.266887 0.002242 1 0
2 -1.157112 -1.174565 -1.182561 16.335203 15.761694 15.696228 -0.025450 1 0
2 0.318416 0.318416 0.318984 1.559182 1.559182 1.538379 0.000568 1 0
2 -1.020963 -1.055869 -1.050003 16.279298 15.629657 15.599667 -0.029040 1 0
2 0.452723 0.452723 0.452108 3.139266 3.139266 3.138137 -0.000615 1 0
2 -0.883863 -0.918770 -0.918074 17.038831 16.333778 16.333403 -0.034211 1 0
2 0.589022 0.589022 0.589207 3.448538 3.448538 3.448345 0.000184 1 0
2 -0.751303 -0.786210 -0.789644 16.385176 15.705586 15.699695 -0.038341 1 0
2 0.720659 0.720659 0.723932 4.409576 4.409576 4.375532 0.003273 1 0
2 -0.607470 -0.659830 -0.654516 16.043772 15.334680 15.324108 -0.047047 1 0
2 -0.477342 -0.547155 -0.540690 15.342433 14.469681 14.457632 -0.063348 1 0
2 -0.379445 -0.466712 -0.464526 14.212353 13.032896 13.031715 -0.085080 1 0
2 -0.268158 -0.390331 -0.383185 11.379040 9.747448 9.737854 -0.115027 1 0
2 -0.231514 -0.318781 -0.322604 6.594087 5.081249 5.075887 -0.091090 1 0
2 -0.080953 -0.272939 -0.272743 6.657741 5.028939 5.028836 -0.191790 1 0
2 -0.008630 -0.026083 -0.020051 2.640030 2.553152 2.482350 -0.011421 1 0
2 0.171390 0.153936 0.159960 2.864697 2.837538 2.684977 -0.011429 1 0
2 0.310279 0.310279 0.310518 2.691167 2.691167 2.691057 0.000239 1 0
2 0.440484 0.440484 0.439709 2.798139 2.798139 2.796787 -0.000775 1 0
2 -0.917213 -0.934667 -0.935603 10.094439 9.731373 9.730278 -0.018390 1 0
2 0.589783 0.589783 0.590688 1.331335 1.331335 1.326481 0.000905 1 0
2 -0.930059 -0.947512 -0.940195 11.524521 11.477184 11.427920 -0.010136 1 0
2 0.726043 0.726043 0.724927 3.219820 3.219820 3.214138 -0.001116 1 0
2 -0.625601 -0.643055 -0.648621 10.173423 9.896097 9.876144 -0.023020 1 0
2 -0.480499 -0.515406 -0.514295 9.946340 9.565514 9.564862 -0.033796 1 0
2 -0.360883 -0.413243 -0.410745 9.502982 8.970232 8.968663 -0.049863 1 0
2 -0.224277 -0.311544 -0.308591 8.526671 7.464296 7.462511 -0.084313 1 0
2 -0.135305 -0.205118 -0.210833 6.129729 5.028170 5.011861 -0.075528 1 0
2 -0.089106 -0.158919 -0.154119 3.854608 3.447028 3.446070 -0.065013 1 0
2 0.026202 0.008748 0.016574 2.581613 2.555143 2.538598 -0.009628 1 0
2 0.146244 0.146244 0.141130 1.328587 1.328587 1.299078 -0.005114 1 0
2 0.263609 0.263609 0.274139 1.644028 1.644028 1.426605 0.010531 1 0
2 0.384543 0.384543 0.391412 2.953440 2.953440 2.864752 0.006869 1 0
2 0.516254 0.516254 0.523293 3.113076 3.113076 3.037299 0.007040 1 0
2 0.650319 0.650319 0.652883 3.716823 3.716823 3.694518 0.002564 1 0
2 -0.719058 -0.736511 -0.732654 4.804236 4.586557 4.558356 -0.013596 1 0
2 0.789585 0.789585 0.792841 5.541055 5.541055 5.511516 0.003255 1 0
2 -0.592862 -0.610315 -0.602170 3.349082 3.337834 3.211646 -0.009308 1 0
2 -0.490792 -0.490792 -0.499055 4.058374 4.058374 3.990934 -0.008264 1 0
2 -0.388803 -0.406256 -0.398052 3.737252 3.729162 3.667724 -0.009249 1 0
2 -0.300390 -0.265483 -0.257091 3.702065 3.092319 3.058688 0.043299 1 0
2 0.042132 0.024679 0.032646 2.213184 2.198145 2.178576 -0.009486 1 0
2 0.191962 0.174509 0.178397 3.156980 3.100376 3.018051 -0.013565 1 0
2 0.248029 0.248029 0.254014 3.126056 3.126056 3.046299 0.005985 1 0
2 0.365367 0.365367 0.371855 4.704265 4.704265 4.643138 0.006488 1 0
2 0.527385 0.527385 0.533979 6.533487 6.533487 6.461336 0.006594 1 0
2 -0.938304 -0.955758 -0.951492 9.082991 8.815029 8.782664 -0.013187 1 0
2 0.646452 0.646452 0.652108 7.629590 7.629590 7.572441 0.005656 1 0
2 -0.805563 -0.823016 -0.819766 9.075102 8.812439 8.794911 -0.014203 1 0
2 0.754833 0.754833 0.758637 8.228086 8.228086 8.196058 0.003804 1 0
2 -0.547763 -0.565216 -0.562301 7.268082 7.109746 7.101971 -0.014538 1 0
2 -0.378018 -0.412925 -0.406361 7.248665 6.953496 6.932914 -0.028343 1 0
2 -0.244466 -0.296826 -0.289104 6.961059 6.554216 6.538519 -0.044638 1 0
2 -0.137765 -0.207578 -0.206314 5.854322 5.142300 5.142187 -0.068549 1 0
2 -0.033586 -0.085946 -0.089969 3.450755 3.099999 3.097827 -0.056383 1 0
2 0.004101 0.021554 0.018886 2.399095 2.311222 2.309223 0.014786 1 0
2 0.152929 0.170383 0.163190 1.837125 1.813647 1.765949 0.010261 1 0
2 0.297987 0.297987 0.303249 2.350401 2.350401 2.311237 0.005262 1 0
2 -1.016851 -1.034305 -1.035340 10.776179 10.367832 10.366464 -0.018488 1 0
2 0.451047 0.451047 0.458993 2.703024 2.703024 2.605225 0.007946 1 0
2 -0.868499 -0.885952 -0.890052 11.284438 10.884060 10.868974 -0.021553 1 0
2 0.604368 0.604368 0.607880 3.172294 3.172294 3.121977 0.003512 1 0
2 -0.730237 -0.747690 -0.755593 11.633879 11.238615 11.192996 -0.025357 1 0
2 0.730777 0.730777 0.734071 4.285748 4.285748 4.229509 0.003294 1 0
2 -0.585059 -0.619966 -0.618910 11.858473 11.319005 11.318548 -0.033851 1 0
2 0.866927 0.866927 0.869473 4.913645 4.913645 4.862236 0.002547 1 0
2 -0.478602 -0.513508 -0.518493 11.149731 10.570917 10.560834 -0.039891 1 0
2 -0.351871 -0.404230 -0.403037 10.058294 9.357310 9.356932 -0.051167 1 0
2 -0.225760 -0.295573 -0.293600 7.888343 7.028675 7.027661 -0.067840 1 0
2 -0.122414 -0.209680 -0.208018 5.794005 4.479419 4.478442 -0.085604 1 0
2 0.023126 -0.133954 -0.137326 7.844347 6.354126 6.350068 -0.160452 1 0
2 0.142708 0.125255 0.121066 5.381328 5.009879 4.972615 -0.021643 1 0
2 0.267776 0.267776 0.261555 3.257976 3.257976 3.220248 -0.006221 1 0
2 0.400214 0.400214 0.399919 1.397150 1.397150 1.396489 -0.000295 1 0
2 0.503307 0.503307 0.506066 1.311208 1.311208 1.258854 0.002760 1 0
2 -0.870428 -0.887882 -0.886841 11.072617 10.791539 10.790417 -0.016413 1 0
2 0.617553 0.617553 0.620872 3.170109 3.170109 3.124034 0.003319 1 0
2 -0.777192 -0.794645 -0.792135 8.524038 8.274567 8.268037 -0.014943 1 0
2 0.744465 0.744465 0.749211 4.798668 4.798668 4.695099 0.004746 1 0
2 -0.653625 -0.671078 -0.671392 9.749401 9.513312 9.513205 -0.017768 1 0
2 -0.543973 -0.561427 -0.558130 7.795071 7.666731 7.659019 -0.014157 1 0
2 -0.404945 -0.422398 -0.426174 7.194028 7.036523 7.031273 -0.021229 1 0
2 -0.247305 -0.299665 -0.298797 5.753501 5.266091 5.265803 -0.051491 1 0
2 -0.140282 -0.227548 -0.226853 4.747514 3.971422 3.971303 -0.086571 1 0
2 0.018742 0.001288 0.006799 4.333836 4.303255 4.294979 -0.011943 1 0
2 0.046121 0.046121 0.051541 2.496052 2.496052 2.477211 0.005420 1 0
2 0.177340 0.194793 0.187433 2.233120 2.156951 1.996844 0.010094 1 0
2 0.299213 0.299213 0.307638 3.481142 3.481142 3.339878 0.008425 1 0
2 0.579340 0.596794 0.595453 15.597863 15.266222 15.263717 0.016112 1 0
2 -0.886400 -0.903853 -0.907770 12.469447 12.027364 12.011440 -0.021370 1 0
2 0.558930 0.558930 0.566137 5.738515 5.738515 5.613714 0.007207 1 0
2 -0.784472 -0.801926 -0.802537 10.492245 10.159848 10.159431 -0.018064 1 0
2 0.696013 0.696013 0.701173 6.384732 6.384732 6.285372 0.005160 1 0
2 -0.682293 -0.699746 -0.700491 10.058043 9.775688 9.774915 -0.018199 1 0
2 -0.576100 -0.593553 -0.593134 8.875798 8.688255 8.687944 -0.017035 1 0
2 -0.412662 -0.447568 -0.443440 8.003469 7.690546 7.683287 -0.030778 1 0
2 -0.353482 -0.353482 -0.353849 4.366970 4.366970 4.366905 -0.000367 1 0
2 -0.211241 -0.211241 -0.205900 3.722213 3.722213 3.719105 0.005340 1 0
2 0.038526 0.021073 0.023122 4.388011 4.227289 4.219537 -0.015405 1 0
2 0.169592 0.152139 0.156988 4.035430 3.997027 3.928906 -0.012603 1 0
2 0.304342 0.304342 0.303699 6.036987 6.036987 6.036137 -0.000643 1 0
2 0.409516 0.409516 0.412519 5.695952 5.695952 5.631231 0.003002 1 0
2 -1.043005 -1.060458 -1.062068 14.343532 13.887901 13.884531 -0.019063 1 0
2 0.536200 0.536200 0.540382 6.623761 6.623761 6.556659 0.004182 1 0
2 -0.924385 -0.941838 -0.941096 12.291480 11.916503 11.915705 -0.016711 1 0
2 0.633712 0.633712 0.639160 8.283027 8.283027 8.136062 0.005448 1 0
2 -0.798020 -0.815474 -0.816944 11.964338 11.607421 11.605064 -0.018924 1 0
2 -0.673432 -0.690885 -0.692139 11.285517 11.028068 11.026892 -0.018707 1 0
2 -0.534781 -0.552234 -0.559228 10.553873 10.283020 10.256513 -0.024447 1 0
2 -0.370388 -0.405294 -0.414148 10.731437 10.304957 10.285000 -0.043760 1 0
2 -0.284232 -0.336592 -0.329570 7.463874 7.038310 7.024940 -0.045338 1 0
2 -0.181597 -0.251410 -0.247831 5.243899 4.541012 4.538213 -0.066234 1 0
2 -0.064343 -0.169063 -0.166813 3.958301 3.109671 3.108969 -0.102469 1 0
2 0.037311 0.037311 0.028748 1.468107 1.468107 1.410803 -0.008563 1 0
2 0.164667 0.164667 0.170584 1.792682 1.792682 1.755165 0.005917 1 0
2 0.322157 0.322157 0.326435 3.104574 3.104574 3.073660 0.004278 1 0
2 -1.044298 -1.079204 -1.071727 17.836344 17.237582 17.189351 -0.027429 1 0
2 0.449813 0.449813 0.453653 3.737017 3.737017 3.690092 0.003840 1 0
2 -0.915920 -0.933373 -0.941212 15.435616 14.952542 14.899600 -0.025292 1 0
2 0.579981 0.579981 0.582774 4.422755 4.422755 4.388550 0.002793 1 0
2 -0.791188 -0.808641 -0.817415 14.310661 13.866353 13.807321 -0.026227 1 0
2 0.707461 0.707461 0.713219 6.397212 6.397212 6.285248 0.005759 1 0
2 -0.639270 -0.674177 -0.667090 12.356694 11.941907 11.910797 -0.027820 1 0
2 0.832148 0.832148 0.836583 6.026827 6.026827 5.890884 0.004435 1 0
2 -0.510662 -0.545569 -0.544310 12.141910 11.688481 11.687673 -0.033648 1 0
2 -0.372449 -0.424809 -0.418549 10.693205 10.089131 10.075138 -0.046100 1 0
2 -0.293029 -0.345389 -0.343442 9.065792 8.485170 8.483783 -0.050413 1 0
2 -0.186373 -0.256186 -0.258906 7.798532 6.985477 6.984090 -0.072533 1 0
2 -0.080444 -0.150257 -0.155884 3.664299 2.824952 2.818311 -0.075440 1 0
2 0.037531 -0.067188 -0.072937 3.627750 3.139513 3.138927 -0.110469 1 0
2 0.125733 0.125733 0.120728 1.896254 1.896254 1.875009 -0.005004 1 0
2 0.271198 0.271198 0.271686 2.723367 2.723367 2.723265 0.000488 1 0
2 0.416103 0.416103 0.418896 3.481596 3.481596 3.453113 0.002793 1 0
2 0.527814 0.527814 0.531092 4.548012 4.548012 4.525666 0.003278 1 0
2 0.698872 0.698872 0.702766 2.427585 2.427585 2.364006 0.003894 1 0
2 -0.688060 -0.705513 -0.702934 7.959934 7.732313 7.725615 -0.014874 1 0
2 0.828198 0.828198 0.833550 3.596306 3.596306 3.457582 0.005352 1 0
2 -0.567203 -0.584656 -0.580908 6.795140 6.643395 6.629789 -0.013705 1 0
2 -0.408224 -0.425678 -0.419288 5.770541 5.716165 5.683518 -0.011064 1 0
2 -0.251885 -0.286791 -0.284289 4.709087 4.157728 4.123816 -0.032404 1 0
2 -0.130260 -0.165166 -0.165695 3.252297 2.603051 2.602585 -0.035435 1 0
2 -0.055513 -0.072966 -0.070652 2.379176 2.336185 2.335075 -0.015139 1 0
2 0.046826 0.081733 0.074366 2.842388 2.677110 2.660211 0.027540 1 0
2 0.130337 0.165243 0.163027 3.475874 3.069918 3.066999 0.032690 1 0
2 0.220909 0.255815 0.252422 3.403636 2.732967 2.712248 0.031513 1 0
2 0.374135 0.391588 0.391066 2.358995 1.981297 1.979986 0.016932 1 0
2 0.486884 0.504337 0.502906 3.790314 3.514104 3.510351 0.016022 1 0
2 0.698191 0.698191 0.702756 6.514540 6.514540 6.473694 0.004564 1 0
2 0.764896 0.782350 0.775772 5.921596 5.817819 5.740512 0.010876 1 0
2 -0.608303 -0.625756 -0.618917 5.232368 5.144427 5.075939 -0.010614 1 0
2 -0.481516 -0.481516 -0.487915 2.585925 2.585925 2.501763 -0.006399 1 0
2 -0.323934 -0.341388 -0.334083 2.594442 2.553959 2.503715 -0.010149 1 0
2 -0.277864 -0.260411 -0.264667 1.420134 1.322309 1.310183 0.013197 1 0
2 -0.153092 -0.083279 -0.085056 3.614789 3.042191 3.041809 0.068036 1 0
2 0.181721 0.146815 0.145598 3.870562 3.578462 3.577963 -0.036124 1 0
2 0.232278 0.232278 0.240767 2.350727 2.350727 2.280119 0.008489 1 0
2 0.354582 0.372035 0.367342 4.879389 4.729803 4.689003 0.012761 1 0
2 0.496211 0.496211 0.503850 5.562519 5.562519 5.464606 0.007639 1 0
2 -0.942153 -0.959607 -0.952959 8.200535 8.036906 7.932760 -0.010806 1 0
2 0.619881 0.619881 0.629239 7.369234 7.369234 7.197166 0.009358 1 0
2 -0.821460 -0.838913 -0.832203 7.883741 7.748675 7.667389 -0.010743 1 0
2 0.739385 0.756838 0.752063 8.897165 8.737422 8.631217 0.012679 1 0
2 -0.679142 -0.696596 -0.690602 7.689533 7.556273 7.506332 -0.011459 1 0
2 0.867116 0.884569 0.877610 9.024350 9.004421 8.859403 0.010494 1 0
2 -0.551556 -0.569010 -0.564164 6.935286 6.799203 6.775101 -0.012608 1 0
2 -0.410409 -0.427862 -0.428218 6.092988 5.883843 5.883704 -0.017809 1 0
2 -0.254112 -0.289019 -0.282961 5.164962 4.884035 4.867596 -0.028849 1 0
2 -0.152618 -0.187524 -0.196934 3.906253 3.323163 3.255106 -0.044317 1 0
2 -0.055911 -0.090818 -0.093374 2.373686 1.996255 1.992399 -0.037463 1 0
2 0.034465 0.034465 0.042268 1.500357 1.500357 1.489206 0.007803 1 0
2 0.117662 0.152569 0.147691 2.763527 2.412461 2.395105 0.030029 1 0
2 0.299948 0.317401 0.311338 2.609932 2.530020 2.473416 0.011390 1 0
2 0.446651 0.446651 0.455724 2.941147 2.941147 2.809356 0.009072 1 0
2 -0.891738 -0.909191 -0.913191 12.780662 12.373744 12.359390 -0.021454 1 0
2 0.790039 0.807493 0.811586 17.880405 17.477848 17.462248 0.021546 1 0
2 -0.740332 -0.757786 -0.761954 11.137658 10.769277 10.753818 -0.021622 1 0
2 0.721604 0.721604 0.729576 5.625017 5.625017 5.483842 0.007972 1 0
2 -0.603936 -0.621389 -0.626979 10.035628 9.703301 9.680256 -0.023043 1 0
2 0.861278 0.861278 0.867888 5.208358 5.208358 5.069868 0.006611 1 0
2 -0.454021 -0.488928 -0.488115 9.616891 9.116699 9.116442 -0.034094 1 0
2 -0.315231 -0.367591 -0.365155 9.295763 8.616640 8.614014 -0.049924 1 0
2 -0.219194 -0.289007 -0.283037 8.116913 7.190538 7.178049 -0.063843 1 0
2 -0.140458 -0.210271 -0.205838 5.581447 4.612390 4.604743 -0.065380 1 0
2 0.008803 -0.113370 -0.106240 5.543361 4.411870 4.345721 -0.115043 1 0
2 0.020570 0.020570 0.021701 2.172271 2.172271 2.172114 0.001131 1 0
2 0.230894 0.230894 0.234468 1.709774 1.709774 1.688262 0.003574 1 0
2 0.416186 0.416186 0.413318 3.134099 3.134099 3.121115 -0.002868 1 0
2 0.525542 0.525542 0.529921 2.823388 2.823388 2.756916 0.004379 1 0
2 0.667586 0.667586 0.668281 1.401047 1.401047 1.384087 0.000695 1 0
2 -0.727950 -0.745403 -0.745104 9.865972 9.610030 9.609911 -0.017154 1 0
2 0.764331 0.764331 0.767322 3.460010 3.460010 3.415878 0.002991 1 0
2 -0.628378 -0.645831 -0.645403 9.030823 8.806001 8.805872 -0.017025 1 0
2 -0.500113 -0.517566 -0.514591 6.627342 6.485224 6.478816 -0.014478 1 0
2 -0.332070 -0.349524 -0.351351 5.197936 5.051130 5.049713 -0.019281 1 0
2 -0.231923 -0.266830 -0.266096 5.674725 5.451566 5.451534 -0.034173 1 0
2 -0.093128 -0.180395 -0.180406 4.968414 4.210547 4.210559 -0.087278 1 0
2 0.078746 0.061293 0.067671 5.129037 5.114794 5.107122 -0.011075 1 0
2 0.184022 0.184022 0.186521 6.646964 6.646964 6.644690 0.002499 1 0
2 0.200589 0.218042 0.224455 3.471627 3.019977 2.963745 0.023866 1 0
2 0.305425 0.322879 0.321597 4.424801 4.163453 4.161097 0.016171 1 0
2 0.647661 0.665114 0.668304 17.010556 16.586503 16.574955 0.020643 1 0
2 -0.846842 -0.864295 -0.862097 8.765571 8.491161 8.484722 -0.015255 1 0
2 0.675645 0.675645 0.677354 8.093225 8.093225 8.083584 0.001709 1 0
2 -0.705530 -0.722984 -0.721007 8.672845 8.456179 8.452583 -0.015477 1 0
2 0.777145 0.777145 0.781027 10.316198 10.316198 10.279558 0.003882 1 0
2 -0.602447 -0.619900 -0.622143 8.647098 8.388607 8.384670 -0.019696 1 0
2 -0.506901 -0.524354 -0.526240 7.306728 7.100152 7.098111 -0.019339 1 0
2 -0.404859 -0.422313 -0.415107 3.288366 3.252813 3.218063 -0.010248 1 0
2 -0.322696 -0.305242 -0.296229 3.342773 3.173530 3.129541 0.026466 1 0
2 -0.068370 -0.120730 -0.122639 2.948113 2.635441 2.635265 -0.054269 1 0
2 0.076961 0.076961 0.074405 3.058679 3.058679 3.054657 -0.002556 1 0
2 0.249998 0.249998 0.249341 3.869810 3.869810 3.864465 -0.000657 1 0
2 0.376783 0.376783 0.382485 5.108711 5.108711 5.031075 0.005702 1 0
2 -1.040513 -1.057966 -1.057770 12.145075 11.789617 11.789471 -0.017257 1 0
2 0.483425 0.483425 0.494433 7.092229 7.092229 6.861161 0.011008 1 0
2 -0.906300 -0.923753 -0.925976 11.883292 11.508155 11.502382 -0.019676 1 0
2 0.602256 0.602256 0.606471 6.510202 6.510202 6.459886 0.004215 1 0
2 0.751995 0.751995 0.755084 9.247783 9.247783 9.221807 0.003089 1 0
2 -0.662060 -0.679514 -0.682668 9.278541 9.021064 9.014232 -0.020608 1 0
2 -0.483425 -0.518332 -0.526911 10.459458 9.939573 9.913149 -0.043485 1 0
2 -0.361877 -0.414237 -0.422031 8.492638 7.687390 7.665557 -0.060154 1 0
2 -0.263783 -0.333596 -0.329009 6.680353 5.501551 5.485950 -0.065226 1 0
2 -0.161635 -0.248902 -0.248195 6.194922 5.255733 5.255529 -0.086559 1 0
2 -0.088019 -0.175286 -0.183067 3.812630 3.416827 3.414966 -0.095048 1 0
2 -0.024436 -0.024436 -0.029924 1.311186 1.311186 1.277168 -0.005488 1 0
2 0.140844 0.140844 0.141085 1.663775 1.663775 1.663441 0.000241 1 0
2 0.305296 0.305296 0.306330 1.696263 1.696263 1.693680 0.001033 1 0
2 -1.015723 -1.050630 -1.042676 12.540503 12.056569 12.001593 -0.026953 1 0
2 0.453561 0.453561 0.453638 3.265054 3.265054 3.264954 0.000078 1 0
2 -0.857260 -0.892166 -0.892992 13.559469 12.906717 12.906164 -0.035732 1 0
2 0.587277 0.587277 0.587763 2.751116 2.751116 2.750228 0.000486 1 0
2 -0.729664 -0.764570 -0.771194 13.617023 12.971035 12.952022 -0.041531 1 0
2 0.714417 0.714417 0.715154 4.378350 4.378350 4.376956 0.000737 1 0
2 -0.575506 -0.645320 -0.639636 14.992372 14.050583 14.042561 -0.064130 1 0
2 -0.458566 -0.545833 -0.551684 15.338845 13.945375 13.937376 -0.093118 1 0
2 -0.359190 -0.463910 -0.461531 12.060387 10.658715 10.657497 -0.102340 1 0
2 -0.265007 -0.369726 -0.373978 8.268357 6.737067 6.732542 -0.108971 1 0
2 -0.195642 -0.317815 -0.318014 7.311548 5.857255 5.857229 -0.122372 1 0
2 -0.113438 -0.305424 -0.304930 6.602799 5.358600 5.358575 -0.191492 1 0
2 0.016765 -0.018141 -0.010683 6.263786 6.115849 6.106355 -0.027448 1 0
2 0.241538 0.224084 0.228754 5.206840 5.081392 5.061805 -0.012784 1 0
2 0.346566 0.329112 0.336005 2.501679 2.490204 2.371434 -0.010560 1 0
2 -1.021792 -1.039245 -1.046300 10.710180 10.298230 10.256057 -0.024508 1 0
2 0.493070 0.493070 0.486128 3.419506 3.419506 3.303270 -0.006942 1 0
2 -0.905622 -0.923075 -0.930632 9.219394 8.841318 8.800447 -0.025010 1 0
2 0.591736 0.591736 0.589199 2.176228 2.176228 2.127961 -0.002537 1 0
2 -0.779575 -0.797028 -0.803597 9.261134 8.975959 8.951946 -0.024022 1 0
2 -0.657172 -0.674625 -0.679041 7.022482 6.799720 6.789721 -0.021869 1 0
2 -0.451715 -0.504075 -0.509070 8.766125 8.098826 8.091338 -0.057355 1 0
2 -0.355572 -0.425385 -0.426805 7.205840 6.035669 6.034206 -0.071233 1 0
2 -0.226647 -0.348820 -0.342990 7.930702 6.833279 6.828894 -0.116343 1 0
2 -0.143968 -0.283595 -0.283501 6.944209 6.082879 6.082916 -0.139532 1 0
2 -0.105646 -0.175459 -0.179614 5.004323 4.841074 4.840448 -0.073968 1 0
2 -0.010895 -0.028348 -0.028192 3.975549 3.920092 3.920030 -0.017297 1 0
2 0.128739 0.128739 0.122299 2.551374 2.551374 2.516749 -0.006440 1 0
2 0.264080 0.264080 0.261829 1.994698 1.994698 1.979734 -0.002250 1 0
2 -0.908700 -0.926153 -0.930903 9.404028 9.080933 9.063563 -0.022203 1 0
2 0.509996 0.509996 0.512012 2.233822 2.233822 2.222190 0.002016 1 0
2 -0.804461 -0.839368 -0.832386 7.475558 7.083858 7.046824 -0.027925 1 0
2 0.661487 0.661487 0.662503 2.693459 2.693459 2.689759 0.001016 1 0
2 -0.696899 -0.714352 -0.719588 6.438061 6.156330 6.138250 -0.022689 1 0
2 -0.593695 -0.628601 -0.620477 5.833835 5.549556 5.510521 -0.026782 1 0
2 -0.494598 -0.512051 -0.516728 5.044801 4.882528 4.873971 -0.022130 1 0
2 -0.321427 -0.338881 -0.339994 3.552341 3.501661 3.501277 -0.018567 1 0
2 -0.128063 -0.250236 -0.248517 4.080976 3.060481 3.060007 -0.120454 1 0
2 -0.032966 -0.050420 -0.046741 2.444616 2.342132 2.330241 -0.013774 1 0
2 0.111268 0.111268 0.104835 4.073501 4.073501 4.058425 -0.006433 1 0
2 0.232316 0.232316 0.230518 2.964838 2.964838 2.961829 -0.001798 1 0
2 0.352929 0.352929 0.353456 3.975544 3.975544 3.975346 0.000527 1 0
2 -1.024085 -1.041538 -1.043123 9.258396 8.951042 8.949001 -0.019039 1 0
2 0.485814 0.485814 0.487515 4.022217 4.022217 4.017570 0.001702 1 0
2 -0.908799 -0.926253 -0.926998 8.422716 8.157046 8.156436 -0.018199 1 0
2 0.585328 0.585328 0.590080 7.117546 7.117546 7.086102 0.004751 1 0
2 -0.675451 -0.692905 -0.697785 7.506253 7.275303 7.261998 -0.022334 1 0
2 -0.519353 -0.554260 -0.547415 7.554719 7.343430 7.327940 -0.028061 1 0
2 -0.365864 -0.418223 -0.409943 6.427947 6.086012 6.068494 -0.044079 1 0
2 -0.228249 -0.315516 -0.312811 6.543975 5.493424 5.490393 -0.084562 1 0
2 -0.162803 -0.250070 -0.254895 5.131384 4.439804 4.436133 -0.092092 1 0
2 -0.111228 -0.146135 -0.148617 2.482883 2.376936 2.376265 -0.037389 1 0
2 0.032335 0.032335 0.025630 0.750850 0.750850 0.749262 -0.006705 1 0
2 0.165160 0.165160 0.167860 0.841666 0.841666 0.830079 0.002700 1 0
2 0.303712 0.303712 0.303795 2.354143 2.354143 2.354042 0.000082 1 0
2 -1.016006 -1.033459 -1.037555 9.275530 8.936722 8.923266 -0.021550 1 0
2 0.469310 0.469310 0.469610 1.709199 1.709199 1.709060 0.000299 1 0
2 -0.867439 -0.884892 -0.891788 9.352935 9.032172 9.001621 -0.024349 1 0
2 0.574052 0.574052 0.575611 3.391685 3.391685 3.385601 0.001559 1 0
2 0.712525 0.712525 0.713882 2.501265 2.501265 2.494598 0.001357 1 0
2 -0.622023 -0.656929 -0.650687 7.697033 7.364056 7.345996 -0.028664 1 0
2 0.860109 0.860109 0.860141 3.338485 3.338485 3.338368 0.000032 1 0
2 -0.459147 -0.494053 -0.502737 8.338225 7.877874 7.853808 -0.043591 1 0
2 -0.332809 -0.385169 -0.392890 7.779727 7.133837 7.119345 -0.060081 1 0
2 -0.228923 -0.298736 -0.306300 6.121036 5.132441 5.114805 -0.077377 1 0
2 -0.115312 -0.202579 -0.204844 5.117702 4.113038 4.111585 -0.089532 1 0
2 -0.031244 -0.153418 -0.147906 4.373254 3.749090 3.744887 -0.116661 1 0
2 0.035784 0.018331 0.018287 2.660176 2.616386 2.616341 -0.017497 1 0
2 0.169492 0.169492 0.165797 1.885925 1.885925 1.874563 -0.003695 1 0
2 0.334300 0.334300 0.332259 1.747241 1.747241 1.731421 -0.002040 1 0
2 0.457247 0.457247 0.459005 2.601622 2.601622 2.597152 0.001758 1 0
2 -0.733538 -0.750991 -0.752662 6.638104 6.371320 6.368397 -0.019124 1 0
2 0.736437 0.736437 0.737581 3.407809 3.407809 3.405217 0.001144 1 0
2 -0.635352 -0.652806 -0.650921 5.495070 5.316457 5.313675 -0.015569 1 0
2 -0.414325 -0.431778 -0.439191 4.672234 4.401525 4.352940 -0.024866 1 0
2 -0.282400 -0.334760 -0.334449 6.151171 5.529471 5.529400 -0.052049 1 0
2 -0.173878 -0.226238 -0.233599 5.188609 4.519399 4.504052 -0.059721 1 0
2 -0.080143 -0.132502 -0.129878 3.187050 2.629473 2.626260 -0.049735 1 0
2 0.011036 0.011036 0.016496 2.643882 2.643882 2.641143 0.005459 1 0
2 0.081162 0.098615 0.104926 2.425950 2.219609 2.193194 0.023764 1 0
2 0.195150 0.195150 0.197930 2.371715 2.371715 2.368923 0.002780 1 0
2 0.352024 0.352024 0.359071 1.826066 1.826066 1.786331 0.007047 1 0
2 0.465982 0.483435 0.479985 3.039617 2.873979 2.808071 0.014004 1 0
2 0.585423 0.602876 0.603055 3.445088 3.164808 3.164560 0.017632 1 0
2 0.732379 0.732379 0.738892 2.745990 2.745990 2.650533 0.006514 1 0
2 -0.609048 -0.626501 -0.619509 3.946290 3.884719 3.812517 -0.010461 1 0
2 -0.474962 -0.474962 -0.480895 3.290790 3.290790 3.247182 -0.005933 1 0
2 -0.370242 -0.370242 -0.378545 3.417988 3.417988 3.373035 -0.008304 1 0
2 -0.224084 -0.224084 -0.226538 0.802260 0.802260 0.796985 -0.002453 1 0
2 -0.199453 -0.164546 -0.164012 3.364499 3.182534 3.182536 0.035440 1 0
2 -0.009148 0.043212 0.038210 3.741479 3.347940 3.344065 0.047357 1 0
2 0.297294 0.279841 0.281696 3.980279 3.864553 3.858572 -0.015598 1 0
2 0.391056 0.391056 0.390104 4.514869 4.514869 4.513924 -0.000952 1 0
2 0.482929 0.482929 0.489532 5.760715 5.760715 5.684296 0.006603 1 0
2 -0.951440 -0.968894 -0.962482 8.863670 8.705153 8.624852 -0.011041 1 0
2 0.628425 0.628425 0.633205 6.362030 6.362030 6.316628 0.004780 1 0
2 -0.819753 -0.837206 -0.833664 9.313513 9.065498 9.046936 -0.013911 1 0
2 0.727007 0.727007 0.733119 7.809996 7.809996 7.753380 0.006112 1 0
2 -0.686757 -0.704210 -0.701102 8.359679 8.130314 8.117534 -0.014345 1 0
2 -0.566526 -0.583979 -0.582019 7.375280 7.161127 7.157401 -0.015494 1 0
2 -0.457556 -0.475009 -0.466743 5.712970 5.699137 5.631957 -0.009188 1 0
2 -0.316031 -0.333484 -0.335855 6.235425 6.075206 6.072659 -0.019825 1 0
2 -0.180652 -0.215558 -0.210013 5.222585 5.001111 4.992383 -0.029361 1 0
2 -0.030520 -0.100333 -0.092420 4.151754 3.715149 3.705617 -0.061900 1 0
2 0.051636 0.016729 0.022934 1.624438 1.481813 1.474672 -0.028702 1 0
2 0.149430 0.166883 0.161333 1.959827 1.887869 1.850090 0.011903 1 0
2 0.294882 0.294882 0.304425 2.662151 2.662151 2.607867 0.009543 1 0
2 0.410689 0.410689 0.410810 2.221064 2.221064 2.220986 0.000121 1 0
2 0.541418 0.541418 0.546002 2.687960 2.687960 2.587995 0.004584 1 0
2 -0.784748 -0.802202 -0.806332 11.016375 10.625333 10.609284 -0.021584 1 0
2 0.895199 0.912652 0.915163 17.136989 16.493174 16.476228 0.019964 1 0
2 -0.648093 -0.665547 -0.668295 9.294500 8.966556 8.959970 -0.020202 1 0
2 0.817517 0.817517 0.820668 3.418702 3.418702 3.375978 0.003150 1 0
2 -0.524113 -0.541566 -0.548432 8.828442 8.484537 8.450707 -0.024319 1 0
2 0.948131 0.948131 0.950855 4.292844 4.292844 4.253775 0.002723 1 0
2 -0.397667 -0.432573 -0.428047 8.375699 7.951783 7.940249 -0.030380 1 0
2 -0.279846 -0.314753 -0.316163 8.717610 8.303141 8.302379 -0.036316 1 0
2 -0.147985 -0.200345 -0.204563 7.563847 6.892225 6.887349 -0.056578 1 0
2 -0.063332 -0.115692 -0.115930 4.273789 3.476321 3.476248 -0.052598 1 0
2 0.070635 -0.016632 -0.015989 3.742787 2.890746 2.890654 -0.086623 1 0
2 0.148025 0.095665 0.094863 2.095059 1.814154 1.814040 -0.053162 1 0
2 0.239676 0.239676 0.245031 1.800720 1.800720 1.786785 0.005355 1 0
2 0.451122 0.451122 0.444757 3.035602 3.035602 2.996570 -0.006366 1 0
2 0.581620 0.581620 0.583278 0.947959 0.947959 0.934366 0.001658 1 0
2 0.705356 0.705356 0.705080 0.786351 0.786351 0.777525 -0.000276 1 0
2 -0.731709 -0.731709 -0.738585 4.272309 4.272309 4.166187 -0.006876 1 0
2 0.824311 0.824311 0.820684 1.445732 1.445732 1.413075 -0.003627 1 0
2 0.934321 0.934321 0.935844 2.710715 2.710715 2.704203 0.001522 1 0
2 -0.466662 -0.484115 -0.475883 4.607593 4.594317 4.516510 -0.009221 1 0
2 -0.309786 -0.327239 -0.325170 4.683043 4.549125 4.546505 -0.015384 1 0
2 -0.115718 -0.168078 -0.175325 6.676609 5.734437 5.704107 -0.059607 1 0
2 -0.031163 -0.066069 -0.070347 3.090597 2.752923 2.747690 -0.039184 1 0
2 0.029489 0.046942 0.040473 3.895635 3.890193 3.887575 0.010984 1 0
2 0.139759 0.157213 0.164245 3.724937 3.622844 3.612555 0.024486 1 0
2 0.339852 0.339852 0.342989 3.974454 3.974454 3.969085 0.003137 1 0
2 0.339279 0.356732 0.355880 2.512124 2.313022 2.312247 0.016601 1 0
2 0.480696 0.498149 0.498753 3.110710 2.769334 2.767720 0.018057 1 0
2 0.828784 0.846237 0.843457 17.164432 16.929725 16.920729 0.014673 1 0
2 -0.699919 -0.717373 -0.709638 5.942152 5.880282 5.779894 -0.009719 1 0
2 0.755718 0.773171 0.768368 5.265504 5.104547 5.045855 0.012650 1 0
2 -0.552868 -0.570321 -0.564714 4.433895 4.294298 4.242511 -0.011847 1 0
2 0.938254 0.938254 0.942077 8.857146 8.857146 8.835092 0.003824 1 0
2 -0.452709 -0.470163 -0.463936 3.641232 3.536298 3.478384 -0.011226 1 0
2 -0.353043 -0.353043 -0.350861 2.212795 2.212795 2.209183 0.002182 1 0
2 -0.249507 -0.249507 -0.239157 1.635580 1.635580 1.553820 0.010349 1 0
2 -0.030256 -0.012803 -0.012759 2.080637 2.036718 2.036731 0.017497 1 0
2 0.097500 0.132406 0.129896 3.619986 3.429875 3.429157 0.032397 1 0
2 0.252610 0.270064 0.261944 5.549213 5.515822 5.452963 0.009333 1 0
2 0.359289 0.376742 0.374082 5.356092 5.131869 5.113377 0.014793 1 0
2 0.516543 0.516543 0.522616 5.529181 5.529181 5.462232 0.006073 1 0
2 -0.937796 -0.955249 -0.951445 10.496253 10.209859 10.185048 -0.013649 1 0
2 0.628642 0.646096 0.642624 7.581037 7.448151 7.314816 0.013982 1 0
2 -0.800240 -0.817693 -0.812100 9.004542 8.815839 8.760421 -0.011860 1 0
2 0.754492 0.771945 0.768093 9.055010 8.873449 8.795521 0.013601 1 0
2 -0.654295 -0.671748 -0.669482 9.393668 9.145949 9.139688 -0.015187 1 0
2 0.873992 0.873992 0.880239 10.466843 10.466843 10.392912 0.006247 1 0
2 -0.514843 -0.532296 -0.535707 9.344825 9.055333 9.045873 -0.020864 1 0
2 -0.390035 -0.407488 -0.413113 8.878507 8.647056 8.632032 -0.023078 1 0
2 -0.265809 -0.300716 -0.294224 7.163153 6.917194 6.899574 -0.028414 1 0
2 -0.146455 -0.198815 -0.191049 4.470131 3.910723 3.886330 -0.044594 1 0
2 -0.034177 -0.086537 -0.088079 3.420529 2.762597 2.761515 -0.053902 1 0
2 0.027603 0.045056 0.038941 2.016077 2.001368 1.992083 0.011338 1 0
2 0.128249 0.145702 0.153581 2.565587 2.253102 2.206727 0.025332 1 0
2 0.302024 0.319477 0.310974 3.789909 3.784800 3.710881 0.008950 1 0
2 0.463563 0.463563 0.467010 4.449498 4.449498 4.423420 0.003447 1 0
2 -0.885184 -0.920091 -0.911617 16.338431 15.783411 15.718609 -0.026433 1 0
2 0.592832 0.592832 0.598081 5.093893 5.093893 4.977911 0.005250 1 0
2 -0.725317 -0.760224 -0.755571 16.009668 15.434980 15.418827 -0.030254 1 0
2 0.737095 0.737095 0.743161 7.417342 7.417342 7.307252 0.006066 1 0
2 -0.593715 -0.628621 -0.624774 13.802250 13.271364 13.261559 -0.031059 1 0
2 0.868657 0.868657 0.876637 8.817646 8.817646 8.643118 0.007980 1 0
2 -0.478652 -0.513559 -0.517164 13.016953 12.372973 12.365844 -0.038511 1 0
2 -0.327548 -0.397361 -0.391318 13.570717 12.566295 12.554940 -0.063770 1 0
2 -0.196446 -0.283712 -0.289515 11.311319 9.604016 9.592622 -0.093069 1 0
2 -0.239638 -0.257092 -0.252330 6.125430 6.054203 6.041526 -0.012692 1 0
2 -0.039282 -0.091642 -0.099838 5.191613 4.816363 4.809711 -0.060556 1 0
2 0.135332 0.117879 0.122062 4.571361 4.349423 4.323077 -0.013270 1 0
2 0.285795 0.268342 0.270369 4.358356 4.169436 4.164651 -0.015426 1 0
2 0.380187 0.380187 0.381447 1.736944 1.736944 1.730252 0.001260 1 0
2 0.522540 0.522540 0.516864 2.931956 2.931956 2.816402 -0.005676 1 0
2 -0.893478 -0.893478 -0.900689 5.406126 5.406126 5.319820 -0.007211 1 0
2 0.650351 0.632898 0.640839 6.902164 6.826991 6.691081 -0.009512 1 0
2 -0.777414 -0.794867 -0.788402 3.861335 3.817255 3.625249 -0.010988 1 0
2 0.779363 0.761910 0.769031 7.647659 7.500196 7.373544 -0.010332 1 0
2 -0.658341 -0.675795 -0.673594 4.645261 4.312132 4.302032 -0.015253 1 0
2 -0.517139 -0.534593 -0.538387 8.410382 8.141067 8.132211 -0.021248 1 0
2 -0.381384 -0.416290 -0.413513 10.808628 10.539208 10.537333 -0.032129 1 0
2 -0.223900 -0.293713 -0.296260 7.607597 6.713485 6.711895 -0.072360 1 0
2 -0.150864 -0.203224 -0.198914 4.623617 4.171408 4.167635 -0.048050 1 0
2 -0.067867 -0.050414 -0.050917 4.006102 3.908691 3.908647 0.016950 1 0
2 0.015024 0.049930 0.044064 4.256792 3.754931 3.662749 0.029040 1 0
2 0.138142 0.155595 0.154416 3.223058 2.923673 2.920471 0.016274 1 0
2 0.368016 0.368016 0.370102 7.260104 7.260104 7.253019 0.002086 1 0
2 0.615228 0.615228 0.618900 15.112467 15.112467 15.060982 0.003671 1 0
2 0.522228 0.539681 0.534976 7.274644 7.023654 6.973728 0.012748 1 0
2 -0.814302 -0.831755 -0.831083 9.795584 9.436374 9.435899 -0.016782 1 0
2 0.663579 0.663579 0.673416 7.138178 7.138178 6.858123 0.009837 1 0
2 -0.681012 -0.698465 -0.706169 11.653612 11.224843 11.176211 -0.025157 1 0
2 -0.580292 -0.597745 -0.599608 8.490090 8.218817 8.215983 -0.019316 1 0
2 -0.464806 -0.482260 -0.474794 3.902970 3.871272 3.817416 -0.009987 1 0
2 -0.313961 -0.331414 -0.327305 3.041534 2.974131 2.965769 -0.013344 1 0
2 -0.125388 -0.247561 -0.252275 5.359834 4.250941 4.248965 -0.126886 1 0
2 0.020705 0.003252 0.006205 4.630994 4.521812 4.515800 -0.014500 1 0
2 0.108270 0.108270 0.110283 4.544004 4.544004 4.535386 0.002013 1 0
2 -1.186193 -1.203646 -1.207366 16.639203 16.019979 15.999240 -0.021173 1 0
2 -1.053831 -1.071285 -1.076155 16.160144 15.588515 15.558774 -0.022323 1 0
2 -0.931942 -0.949396 -0.955861 16.393369 15.901486 15.860928 -0.023918 1 0
2 -0.720665 -0.615945 -0.615696 29.563606 26.777802 26.777710 0.104969 1 0
2 -0.651738 -0.686644 -0.690224 15.388760 14.738120 14.730791 -0.038486 1 0
2 -0.491385 -0.561198 -0.556098 15.726761 14.728676 14.720851 -0.064713 1 0
2 -0.360405 -0.465125 -0.467009 14.206387 12.306950 12.306180 -0.106604 1 0
2 -0.284842 -0.407015 -0.404676 11.334942 9.253479 9.251739 -0.119834 1 0
2 -1.188655 -1.223562 -1.219058 18.752294 17.925426 17.906532 -0.030403 1 0
2 -1.046943 -1.081849 -1.079044 18.506921 17.731250 17.724427 -0.032101 1 0
2 -0.915415 -0.950321 -0.950449 17.424137 16.660016 16.659910 -0.035034 1 0
2 -0.782597 -0.817504 -0.824734 17.229527 16.429213 16.401975 -0.042137 1 0
2 -0.649006 -0.701366 -0.705916 17.271638 16.254517 16.247777 -0.056911 1 0
2 -0.528785 -0.598599 -0.606357 17.053166 15.738439 15.721456 -0.077572 1 0
2 -0.398750 -0.520923 -0.512909 16.143545 14.219087 14.203440 -0.114160 1 0
2 -0.302226 -0.441853 -0.445216 13.740461 11.362616 11.360522 -0.142989 1 0
2 -0.240850 -0.397930 -0.393283 10.072977 7.807449 7.802847 -0.152433 1 0
2 -0.166546 -0.341079 -0.341874 7.535600 5.693406 5.693263 -0.175328 1 0
2 -0.988416 -1.005869 -1.007743 10.600175 10.215877 10.212146 -0.019327 1 0
2 -1.013266 -1.030719 -1.023634 13.936179 13.885894 13.845662 -0.010368 1 0
2 -0.750813 -0.768266 -0.773760 11.852107 11.570293 11.552495 -0.022947 1 0
2 -0.550947 -0.585853 -0.591525 11.662398 11.180948 11.168940 -0.040578 1 0
2 -0.415374 -0.485187 -0.485330 10.993834 9.992323 9.992378 -0.069956 1 0
2 -0.309404 -0.396670 -0.403874 10.314055 9.058577 9.046898 -0.094471 1 0
2 -0.232496 -0.319762 -0.320910 7.771318 6.375849 6.375307 -0.088415 1 0
2 -0.153896 -0.241163 -0.237488 5.862243 5.312565 5.311165 -0.083592 1 0
2 -0.058679 -0.093586 -0.096405 4.817760 4.664175 4.663651 -0.037726 1 0
2 0.041089 0.041089 0.033576 2.432299 2.432299 2.393130 -0.007513 1 0
2 0.150473 0.150473 0.145158 1.396930 1.396930 1.358720 -0.005315 1 0
2 0.285971 0.285971 0.279921 1.985718 1.985718 1.921657 -0.006050 1 0
2 0.424157 0.424157 0.428933 1.597982 1.597982 1.543598 0.004775 1 0
2 -0.909403 -0.926856 -0.926577 7.775127 7.444574 7.444434 -0.017174 1 0
2 0.558485 0.558485 0.561726 2.858060 2.858060 2.825119 0.003241 1 0
2 -0.798192 -0.815646 -0.820531 8.483760 8.097381 8.076217 -0.022339 1 0
2 0.689016 0.689016 0.692011 2.761786 2.761786 2.707914 0.002995 1 0
2 -0.664207 -0.681661 -0.688070 7.187444 6.835031 6.802748 -0.023862 1 0
2 -0.582236 -0.599689 -0.597587 5.518538 5.352510 5.348807 -0.015351 1 0
2 -0.442926 -0.460380 -0.452271 3.800334 3.788481 3.751694 -0.009345 1 0
2 -0.408406 -0.408406 -0.401894 2.306980 2.306980 2.273416 0.006512 1 0
2 -0.199642 -0.182189 -0.185729 1.964877 1.947856 1.946198 0.013913 1 0
2 0.051620 0.051620 0.043163 2.201732 2.201732 2.166761 -0.008457 1 0
2 0.151962 0.151962 0.149922 3.863943 3.863943 3.850001 -0.002041 1 0
2 0.294907 0.294907 0.296448 3.787234 3.787234 3.783971 0.001541 1 0
2 0.395161 0.395161 0.401199 4.907560 4.907560 4.828562 0.006038 1 0
2 -1.036788 -1.054241 -1.051923 9.741065 9.438946 9.431006 -0.015136 1 0
2 0.522195 0.522195 0.532061 6.302402 6.302402 6.082915 0.009866 1 0
2 -0.919867 -0.937320 -0.934179 8.777172 8.493272 8.478649 -0.014312 1 0
2 0.651987 0.651987 0.656171 6.956356 6.956356 6.915463 0.004184 1 0
2 -0.788835 -0.806289 -0.804456 8.998024 8.765944 8.762342 -0.015621 1 0
2 0.740735 0.740735 0.744839 8.868095 8.868095 8.835324 0.004103 1 0
2 -0.652355 -0.669808 -0.669113 7.108995 6.876073 6.875588 -0.016758 1 0
2 -0.516911 -0.534365 -0.537668 7.123247 6.899450 6.892557 -0.020757 1 0
2 -0.383971 -0.418877 -0.412858 6.711539 6.422057 6.405171 -0.028887 1 0
2 -0.271301 -0.306208 -0.311172 5.981436 5.683651 5.677449 -0.039871 1 0
2 -0.138632 -0.208445 -0.211809 4.797608 4.163668 4.162236 -0.073177 1 0
2 -0.032419 -0.084779 -0.083582 2.031015 1.736820 1.736694 -0.051163 1 0
2 0.027502 0.044955 0.036307 1.258514 1.241032 1.193949 0.008805 1 0
2 0.189700 0.189700 0.193084 1.572540 1.572540 1.550247 0.003384 1 0
2 0.316296 0.316296 0.321545 2.411156 2.411156 2.360497 0.005250 1 0
2 -1.029532 -1.046985 -1.050397 11.397999 10.934935 10.921784 -0.020865 1 0
2 0.476701 0.476701 0.477959 3.035345 3.035345 3.031095 0.001258 1 0
2 -0.873934 -0.891388 -0.896250 12.262939 11.853737 11.831487 -0.022316 1 0
2 0.603297 0.603297 0.605482 3.179522 3.179522 3.099864 0.002185 1 0
2 -0.748404 -0.765857 -0.769838 10.733320 10.386238 10.372572 -0.021434 1 0
2 0.719588 0.719588 0.722689 5.369943 5.369943 5.329850 0.003101 1 0
2 -0.597135 -0.632041 -0.625490 10.811367 10.405329 10.380993 -0.028356 1 0
2 0.854979 0.854979 0.861973 5.688869 5.688869 5.506381 0.006994 1 0
2 -0.483866 -0.518772 -0.516172 10.254995 9.821381 9.818061 -0.032307 1 0
2 -0.380828 -0.415734 -0.419574 9.620680 9.133977 9.128180 -0.038746 1 0
2 -0.263193 -0.315553 -0.309561 7.979029 7.514358 7.504077 -0.046368 1 0
2 -0.109354 -0.196620 -0.198709 6.766777 5.440589 5.439587 -0.089355 1 0
2 -0.048986 -0.118799 -0.124683 3.925662 2.969196 2.959538 -0.075697 1 0
2 0.004571 -0.012882 -0.010848 1.312011 1.203865 1.202135 -0.015419 1 0
2 0.164980 0.164980 0.166041 2.700505 2.700505 2.699801 0.001060 1 0
2 0.298605 0.298605 0.301586 3.603411 3.603411 3.534526 0.002981 1 0
2 0.460987 0.460987 0.468464 3.969043 3.969043 3.856467 0.007476 1 0
2 0.615060 0.615060 0.620889 3.600707 3.600707 3.502218 0.005829 1 0
2 -0.774218 -0.791672 -0.790646 11.224234 10.945900 10.944842 -0.016428 1 0
2 0.746983 0.746983 0.755179 5.594844 5.594844 5.437342 0.008196 1 0
2 0.859743 0.877196 0.868875 7.623724 7.590262 7.407728 0.009132 1 0
2 -0.499138 -0.516591 -0.516800 8.887838 8.685326 8.685378 -0.017662 1 0
2 -0.321342 -0.356249 -0.350776 7.634531 7.321625 7.308625 -0.029434 1 0
2 -0.184780 -0.237140 -0.240396 6.974770 5.963477 5.956043 -0.055616 1 0
2 -0.086921 -0.156735 -0.158230 6.123353 5.258475 5.258034 -0.071309 1 0
2 -0.006837 -0.041744 -0.043764 3.531215 3.384961 3.384221 -0.036926 1 0
2 0.082351 0.064898 0.073821 2.127054 2.124007 2.104935 -0.008530 1 0
2 0.174905 0.192359 0.190432 1.776560 1.511461 1.500268 0.015527 1 0
2 0.280155 0.297608 0.299484 3.019806 2.645188 2.639572 0.019329 1 0
2 0.408291 0.425744 0.422566 4.096751 3.887127 3.874082 0.014275 1 0
2 -0.792681 -0.810134 -0.805787 7.533040 7.289437 7.258572 -0.013105 1 0
2 0.675704 0.693158 0.686590 4.592261 4.510508 4.392503 0.010886 1 0
2 -0.669606 -0.687060 -0.681490 5.872480 5.712411 5.660296 -0.011883 1 0
2 0.803186 0.820639 0.814562 7.128670 6.979375 6.908502 0.011377 1 0
2 -0.556852 -0.574305 -0.567354 5.232794 5.156324 5.091147 -0.010502 1 0
2 -0.427572 -0.427572 -0.436151 4.276215 4.276215 4.206273 -0.008579 1 0
2 -0.337482 -0.337482 -0.335193 2.212519 2.212519 2.202206 0.002289 1 0
2 -0.220197 -0.202744 -0.198427 2.159199 1.927875 1.916779 0.021770 1 0
2 -0.029291 -0.029291 -0.029352 2.078429 2.078429 2.078375 -0.000061 1 0
2 0.203116 0.185663 0.190277 3.008437 2.958345 2.895281 -0.012839 1 0
2 0.329825 0.329825 0.327642 3.696076 3.696076 3.683049 -0.002183 1 0
2 0.445786 0.445786 0.447800 5.481237 5.481237 5.468174 0.002014 1 0
2 0.540442 0.540442 0.547361 5.861167 5.861167 5.773338 0.006919 1 0
2 -0.910436 -0.927889 -0.919974 8.011220 7.940456 7.783517 -0.009538 1 0
2 0.648281 0.665734 0.661546 7.525143 7.368433 7.292854 0.013265 1 0
2 -0.791912 -0.809365 -0.801637 7.334850 7.274517 7.163447 -0.009726 1 0
2 0.758416 0.775870 0.774595 8.732514 8.390578 8.382409 0.016179 1 0
2 -0.875759 -0.893212 -0.892912 17.680151 17.313621 17.313581 -0.017153 1 0
2 -0.533256 -0.550709 -0.545059 6.391636 6.286315 6.256691 -0.011804 1 0
2 -0.399176 -0.416630 -0.411654 5.040699 4.947183 4.925912 -0.012477 1 0
2 -0.244167 -0.279074 -0.271030 5.047430 4.834972 4.808022 -0.026863 1 0
2 -0.060532 -0.130345 -0.132184 5.145599 4.527672 4.526749 -0.071652 1 0
2 -0.030903 -0.065809 -0.074005 2.079830 1.802042 1.789067 -0.043102 1 0
2 0.095806 0.095806 0.092715 1.959707 1.959707 1.956434 -0.003091 1 0
2 0.173178 0.190631 0.196203 2.530893 2.297864 2.278840 0.023025 1 0
2 0.356715 0.356715 0.363508 2.247401 2.247401 2.167774 0.006793 1 0
2 0.490865 0.490865 0.498818 2.854490 2.854490 2.674546 0.007953 1 0
2 -0.873893 -0.891346 -0.892841 9.672691 9.315119 9.312297 -0.018948 1 0
2 -0.710219 -0.727672 -0.730379 8.816248 8.512366 8.506976 -0.020160 1 0
2 0.751135 0.751135 0.755865 3.392237 3.392237 3.205222 0.004730 1 0
2 -0.589751 -0.607204 -0.610493 7.711871 7.425634 7.417347 -0.020742 1 0
2 0.878239 0.878239 0.879962 3.943466 3.943466 3.932161 0.001723 1 0
2 -0.463267 -0.498174 -0.489762 7.024679 6.702755 6.657907 -0.026495 1 0
2 -0.327159 -0.362066 -0.363364 6.341176 5.837344 5.836585 -0.036205 1 0
2 -0.226469 -0.278829 -0.271377 6.191276 5.679525 5.658807 -0.044907 1 0
2 -0.098156 -0.150516 -0.159066 4.780657 4.167207 4.147380 -0.060910 1 0
2 -0.002395 -0.072209 -0.068335 3.902770 3.376193 3.372381 -0.065939 1 0
2 0.057261 0.039807 0.034364 2.390005 2.331150 2.325558 -0.022897 1 0
2 0.195242 0.212695 0.207355 2.300363 2.255349 2.244980 0.012114 1 0
2 0.330936 0.330936 0.341423 2.176054 2.176054 2.074446 0.010487 1 0
2 0.443361 0.460814 0.453885 3.544762 3.510167 3.451208 0.010524 1 0
2 0.643136 0.643136 0.646598 1.553672 1.553672 1.506064 0.003462 1 0
2 -0.741237 -0.758691 -0.754202 7.232294 7.071916 7.048689 -0.012965 1 0
2 0.772291 0.772291 0.773697 1.784288 1.784288 1.775445 0.001406 1 0
2 0.882342 0.882342 0.884548 3.384751 3.384751 3.371506 0.002206 1 0
2 -0.497739 -0.515192 -0.507189 3.573854 3.546807 3.468292 -0.009450 1 0
2 -0.321133 -0.356040 -0.354065 5.570137 5.126236 5.118805 -0.032931 1 0
2 -0.183452 -0.218359 -0.221635 5.188876 4.570482 4.553027 -0.038183 1 0
2 -0.032983 -0.102796 -0.102452 5.125526 4.423969 4.423967 -0.069468 1 0
2 0.004141 -0.013312 -0.011038 3.073760 3.060278 3.059870 -0.015179 1 0
2 0.074370 0.109277 0.105131 3.733782 3.583536 3.580144 0.030761 1 0
2 0.181652 0.199105 0.202713 2.771159 2.612534 2.606153 0.021061 1 0
2 0.310077 0.327530 0.336015 2.924361 2.473871 2.352178 0.025938 1 0
2 0.443052 0.460505 0.457370 2.297402 2.069721 2.031363 0.014318 1 0
2 0.858036 0.875489 0.869259 17.207426 17.058170 16.985126 0.011223 1 0
2 -0.745628 -0.763081 -0.756376 5.496695 5.398189 5.311052 -0.010749 1 0
2 0.787247 0.787247 0.791111 7.498401 7.498401 7.471931 0.003864 1 0
2 -0.635740 -0.653194 -0.645913 4.105175 4.034258 3.939059 -0.010173 1 0
2 0.859461 0.859461 0.865370 4.200642 4.200642 4.135457 0.005910 1 0
2 -0.521121 -0.521121 -0.527407 3.360970 3.360970 3.297772 -0.006286 1 0
2 -0.393714 -0.393714 -0.393896 0.635017 0.635017 0.634926 -0.000182 1 0
2 -0.233441 -0.233441 -0.236436 1.611449 1.611449 1.587252 -0.002995 1 0
2 -0.131137 -0.131137 -0.135590 2.248351 2.248351 2.240366 -0.004453 1 0
2 0.109081 0.074175 0.083170 4.130118 4.041787 4.031641 -0.025911 1 0
2 0.187027 0.204480 0.204279 4.720370 4.500025 4.499901 0.017252 1 0
2 0.311658 0.329111 0.323951 5.234307 5.131347 5.021422 0.012293 1 0
2 0.424968 0.442421 0.441088 5.833271 5.609108 5.569188 0.016120 1 0
2 -0.986854 -1.004308 -0.998876 9.788752 9.579086 9.523138 -0.012021 1 0
2 0.575115 0.575115 0.584928 6.900686 6.900686 6.722978 0.009813 1 0
2 -0.852439 -0.869892 -0.867463 10.075085 9.742951 9.733871 -0.015023 1 0
2 0.695780 0.695780 0.704968 9.307769 9.307769 9.174511 0.009188 1 0
2 -0.719347 -0.736800 -0.733451 9.235920 9.028025 9.014237 -0.014103 1 0
2 0.817749 0.835202 0.831014 9.505650 9.307483 9.212718 0.013265 1 0
2 -0.596720 -0.614173 -0.612893 9.160696 8.948740 8.947059 -0.016173 1 0
2 -0.456027 -0.473480 -0.476250 7.750226 7.516016 7.510653 -0.020223 1 0
2 -0.294978 -0.329885 -0.335492 8.342196 7.947116 7.937899 -0.040514 1 0
2 -0.152900 -0.222713 -0.218776 6.206985 5.016193 5.003863 -0.065876 1 0
2 -0.096448 -0.148808 -0.140977 3.213533 2.669836 2.645601 -0.044528 1 0
2 -0.022671 -0.022671 -0.031187 1.909514 1.909514 1.876123 -0.008515 1 0
2 0.086276 0.103729 0.105552 1.820344 1.606249 1.602265 0.019276 1 0
2 0.216066 0.233519 0.235029 3.738015 3.469899 3.467020 0.018964 1 0
2 0.357238 0.374691 0.369451 5.660987 5.550277 5.523002 0.012213 1 0
2 -0.961894 -0.979347 -0.985295 14.050740 13.576535 13.542182 -0.023401 1 0
2 0.498052 0.515506 0.512900 6.924844 6.671056 6.661655 0.014847 1 0
2 -0.798760 -0.816213 -0.824075 13.225429 12.815568 12.768093 -0.025315 1 0
2 0.652140 0.652140 0.658788 6.617530 6.617530 6.505750 0.006647 1 0
2 -0.668426 -0.703333 -0.697539 12.273735 11.819080 11.797714 -0.029113 1 0
2 0.789861 0.789861 0.796610 6.915120 6.915120 6.787219 0.006749 1 0
2 -0.522652 -0.557558 -0.556919 10.682601 10.187522 10.187369 -0.034268 1 0
2 -0.354759 -0.424573 -0.416295 10.597015 9.703574 9.681308 -0.061535 1 0
2 -0.250265 -0.337531 -0.340409 10.025952 8.502642 8.499924 -0.090144 1 0
2 -0.197021 -0.284287 -0.284246 7.395428 5.913236 5.913299 -0.087226 1 0
2 -0.112102 -0.164462 -0.170640 5.279001 4.626136 4.608514 -0.058538 1 0
2 0.094375 0.059469 0.056368 5.349807 4.636984 4.621536 -0.038008 1 0
2 0.170811 0.153357 0.152550 3.164518 2.912143 2.911702 -0.018261 1 0
2 0.303419 0.303419 0.298459 2.213929 2.213929 2.180001 -0.004959 1 0
2 0.419815 0.419815 0.421685 1.309676 1.309676 1.291576 0.001870 1 0
2 0.548059 0.548059 0.548013 1.670574 1.670574 1.670428 -0.000047 1 0
2 -0.843453 -0.860906 -0.859679 8.213883 7.943453 7.941869 -0.016226 1 0
2 0.658954 0.658954 0.656773 2.363720 2.363720 2.321077 -0.002181 1 0
2 -0.719541 -0.736994 -0.738796 9.035835 8.772051 8.769470 -0.019255 1 0
2 -0.587324 -0.604777 -0.607228 8.746305 8.551105 8.547425 -0.019904 1 0
2 -0.486421 -0.521327 -0.513316 7.913891 7.677234 7.650443 -0.026896 1 0
2 -0.356930 -0.391837 -0.397858 6.560576 6.178984 6.167641 -0.040928 1 0
2 -0.184121 -0.271387 -0.268641 7.495969 6.298596 6.296844 -0.084520 1 0
2 -0.104154 -0.173967 -0.181851 5.106471 4.585244 4.575798 -0.077697 1 0
2 0.057029 0.039576 0.047028 4.643557 4.630023 4.610856 -0.010002 1 0
2 0.033885 0.033885 0.035786 3.489315 3.489315 3.488072 0.001901 1 0
2 0.147980 0.147980 0.145588 2.186385 2.186385 2.183210 -0.002392 1 0
2 0.320529 0.320529 0.319856 1.311241 1.311241 1.310123 -0.000673 1 0
2 0.460669 0.460669 0.463125 1.845912 1.845912 1.830988 0.002455 1 0
2 0.566257 0.566257 0.573556 2.773176 2.773176 2.647024 0.007299 1 0
2 -0.760593 -0.778046 -0.779507 6.590955 6.293683 6.292032 -0.018915 1 0
2 0.746659 0.746659 0.751389 8.647560 8.647560 8.608884 0.004730 1 0
2 -0.668564 -0.686017 -0.683658 6.171939 6.001614 5.997183 -0.015094 1 0
2 -0.540569 -0.558022 -0.562844 4.506542 4.211193 4.192818 -0.022276 1 0
2 -0.398955 -0.433862 -0.427381 4.667291 4.450892 4.436389 -0.028426 1 0
2 -0.263568 -0.315928 -0.319666 3.688920 3.220757 3.217694 -0.056098 1 0
2 -0.167361 -0.167361 -0.175216 2.422384 2.422384 2.416146 -0.007855 1 0
2 -0.016072 -0.016072 -0.018940 2.846671 2.846671 2.844405 -0.002868 1 0
2 0.119102 0.119102 0.118315 2.888900 2.888900 2.888523 -0.000786 1 0
2 0.251051 0.251051 0.250524 3.972641 3.972641 3.972178 -0.000528 1 0
2 -1.150588 -1.168041 -1.167935 9.212499 8.839830 8.839869 -0.017347 1 0
2 0.401814 0.401814 0.404065 5.417909 5.417909 5.411795 0.002252 1 0
2 -1.009961 -1.027415 -1.029181 9.263026 8.911240 8.907854 -0.019219 1 0
2 0.489877 0.489877 0.494593 6.393554 6.393554 6.361344 0.004716 1 0
2 -0.867041 -0.884495 -0.890268 10.079940 9.760975 9.737497 -0.023226 1 0
2 0.638033 0.638033 0.641728 7.473093 7.473093 7.447566 0.003695 1 0
2 -0.748709 -0.766163 -0.771313 9.101092 8.834787 8.818525 -0.022604 1 0
2 -0.620943 -0.655850 -0.650199 8.530478 8.217378 8.202100 -0.029256 1 0
2 -0.516333 -0.551239 -0.553119 7.928645 7.559354 7.558103 -0.036787 1 0
2 -0.304804 -0.392071 -0.397505 8.384473 7.172574 7.164335 -0.092701 1 0
2 -0.244973 -0.349692 -0.346399 7.117331 6.076039 6.074078 -0.101426 1 0
2 -0.151685 -0.238951 -0.246226 4.900260 4.280801 4.275049 -0.094541 1 0
2 -0.089285 -0.106738 -0.106760 2.981224 2.956190 2.956091 -0.017475 1 0
2 0.020954 0.020954 0.014386 1.460428 1.460428 1.366476 -0.006568 1 0
2 0.148348 0.148348 0.147769 1.447779 1.447779 1.447200 -0.000579 1 0
2 -1.121501 -1.138954 -1.147659 10.926622 10.507453 10.452131 -0.026158 1 0
2 0.302344 0.302344 0.302153 2.322395 2.322395 2.322372 -0.000191 1 0
2 -0.959429 -0.994336 -0.987571 9.619114 9.204545 9.174264 -0.028142 1 0
2 0.465155 0.465155 0.465363 1.833769 1.833769 1.833648 0.000209 1 0
2 0.589217 0.589217 0.590233 3.529025 3.529025 3.526458 0.001015 1 0
2 -0.699844 -0.734750 -0.740882 11.049127 10.559086 10.545926 -0.041039 1 0
2 0.729933 0.729933 0.731200 4.361252 4.361252 4.357397 0.001268 1 0
2 -0.564602 -0.616962 -0.619375 10.759697 10.147763 10.146750 -0.054773 1 0
2 -0.426669 -0.496482 -0.505108 9.473992 8.544442 8.527605 -0.078440 1 0
2 -0.304562 -0.409282 -0.417733 9.020872 7.521976 7.505456 -0.113171 1 0
2 -0.268563 -0.373283 -0.374885 6.581689 5.547698 5.547164 -0.106322 1 0
2 -0.193702 -0.280968 -0.286740 5.258553 4.640701 4.635611 -0.093039 1 0
2 -0.101870 -0.154230 -0.153332 3.983079 3.888812 3.888671 -0.051461 1 0
2 0.014799 -0.002654 0.003305 2.475336 2.443947 2.413437 -0.011495 1 0
2 0.221882 0.204429 0.212201 2.360467 2.340597 2.265039 -0.009681 1 0
2 0.371316 0.371316 0.363803 2.097954 2.097954 2.042398 -0.007513 1 0
2 -0.864988 -0.882441 -0.888000 7.560769 7.280954 7.261304 -0.023012 1 0
2 0.607299 0.607299 0.607614 2.634783 2.634783 2.634647 0.000315 1 0
2 -0.733561 -0.751015 -0.758840 7.736260 7.504557 7.479089 -0.025279 1 0
2 -0.618771 -0.636224 -0.645193 7.253389 7.067496 7.041853 -0.026422 1 0
2 -0.486984 -0.521891 -0.530468 7.537934 7.219857 7.205747 -0.043484 1 0
2 -0.299533 -0.386799 -0.379752 6.482536 5.574940 5.561485 -0.080219 1 0
2 -0.246208 -0.333475 -0.326921 5.522853 4.384288 4.351783 -0.080713 1 0
2 -0.131008 -0.235727 -0.229475 5.124974 4.540436 4.528071 -0.098467 1 0
2 -0.063821 -0.081274 -0.080577 3.205312 3.179308 3.179328 -0.016756 1 0
2 0.026308 0.008855 0.004639 2.677966 2.594585 2.590795 -0.021669 1 0
2 0.271749 0.271749 0.272677 3.923060 3.923060 3.922426 0.000927 1 0
2 0.270041 0.287494 0.284714 2.015613 1.812400 1.798269 0.014674 1 0
2 0.446767 0.446767 0.446619 0.842906 0.842906 0.842747 -0.000148 1 0
2 -0.851019 -0.868473 -0.876829 7.271943 6.977001 6.937236 -0.025810 1 0
2 0.579621 0.579621 0.580849 2.551913 2.551913 2.547401 0.001229 1 0
2 -0.728693 -0.746147 -0.751455 6.309190 6.095198 6.081994 -0.022762 1 0
2 -0.636843 -0.654296 -0.650973 4.967512 4.885109 4.879085 -0.014130 1 0
2 -0.462712 -0.497619 -0.495673 5.653898 5.465012 5.464083 -0.032961 1 0
2 -0.388004 -0.422911 -0.429692 3.564017 3.153864 3.136940 -0.041688 1 0
2 -0.327038 -0.327038 -0.325112 1.567444 1.567444 1.567273 0.001926 1 0
2 -0.154164 -0.136711 -0.139885 2.209393 2.195104 2.194382 0.014279 1 0
2 0.005487 0.005487 0.004998 3.111896 3.111896 3.111846 -0.000489 1 0
2 0.234315 0.234315 0.232551 4.029249 4.029249 4.027310 -0.001764 1 0
2 0.342619 0.342619 0.344354 5.040645 5.040645 5.038473 0.001734 1 0
2 -1.054330 -1.071783 -1.072540 8.094515 7.846010 7.845425 -0.018210 1 0
2 0.445795 0.445795 0.451199 3.962764 3.962764 3.917428 0.005404 1 0
2 -0.950505 -0.967958 -0.966584 7.048918 6.851437 6.850613 -0.016080 1 0
2 0.615826 0.633279 0.629830 8.976385 8.840598 8.832586 0.014004 1 0
2 -0.874591 -0.892045 -0.894538 5.747596 5.505257 5.501441 -0.019947 1 0
2 -0.659905 -0.694812 -0.687973 6.428995 6.201676 6.181468 -0.028068 1 0
2 -0.522497 -0.557403 -0.552028 5.820563 5.634774 5.627230 -0.029531 1 0
2 -0.374220 -0.426580 -0.428056 6.036504 5.693483 5.693142 -0.053836 1 0
2 -0.283377 -0.353190 -0.345790 5.018167 4.723242 4.717642 -0.062414 1 0
2 -0.197128 -0.266941 -0.268609 3.525462 3.030130 3.029268 -0.071480 1 0
2 -0.170535 -0.187988 -0.181126 2.730117 2.726811 2.724643 -0.010591 1 0
2 -0.051933 -0.034480 -0.029603 2.486372 2.423894 2.420355 0.022330 1 0
2 0.076974 0.094428 0.086375 1.492629 1.487389 1.443659 0.009401 1 0
2 0.247182 0.247182 0.249556 0.742234 0.742234 0.705718 0.002374 1 0
2 0.388508 0.388508 0.392288 2.040589 2.040589 2.015227 0.003780 1 0
2 0.514292 0.514292 0.520388 3.146471 3.146471 3.092525 0.006096 1 0
2 -0.724313 -0.759220 -0.752774 7.096268 6.852321 6.837184 -0.028461 1 0
2 0.648527 0.665981 0.658171 4.281926 4.263422 4.170328 0.009644 1 0
2 -0.604252 -0.639159 -0.642046 6.490148 6.141699 6.139523 -0.037794 1 0
2 0.784317 0.784317 0.788740 3.774066 3.774066 3.733398 0.004422 1 0
2 -0.497633 -0.532540 -0.535558 5.550052 5.253644 5.251350 -0.037924 1 0
2 -0.380397 -0.432757 -0.435947 5.151684 4.653587 4.651225 -0.055550 1 0
2 -0.268336 -0.338149 -0.342467 4.362920 3.480984 3.473509 -0.074132 1 0
2 -0.159330 -0.264050 -0.262552 4.262131 3.674804 3.674727 -0.103222 1 0
2 -0.127343 -0.162250 -0.169225 2.669025 2.568588 2.565027 -0.041881 1 0
2 -0.068776 -0.051323 -0.049022 2.128120 2.101258 2.100893 0.019754 1 0
2 0.117988 0.135441 0.128555 2.022941 2.008089 1.983986 0.010567 1 0
2 0.175160 0.192614 0.197216 2.674078 2.543889 2.536477 0.022055 1 0
2 0.367860 0.367860 0.373368 2.030442 2.030442 1.999738 0.005508 1 0
2 0.514265 0.514265 0.515874 1.766141 1.766141 1.761400 0.001609 1 0
2 -0.701045 -0.718498 -0.714246 5.055793 4.984991 4.975996 -0.013201 1 0
2 -0.594120 -0.611573 -0.607113 4.993498 4.946754 4.938762 -0.012993 1 0
2 -0.381074 -0.398528 -0.406433 4.988118 4.908370 4.898812 -0.025359 1 0
2 -0.214735 -0.284548 -0.282867 4.065647 3.641048 3.640599 -0.068131 1 0
2 -0.159959 -0.212319 -0.217081 2.918002 2.691706 2.689335 -0.057122 1 0
2 -0.100921 -0.118374 -0.122845 2.882777 2.866779 2.865796 -0.021924 1 0
2 -0.038689 0.013671 0.012714 2.769031 2.478001 2.477833 0.051403 1 0
2 0.019404 0.071764 0.072052 2.869342 2.147301 2.147102 0.052648 1 0
2 0.159093 0.193999 0.196683 2.868132 2.291177 2.276214 0.037590 1 0
2 0.328257 0.345710 0.347707 2.215808 1.987607 1.983287 0.019451 1 0
2 0.599186 0.616639 0.610540 2.664026 2.596387 2.557123 0.011354 1 0
2 -0.712744 -0.730197 -0.723997 3.233224 3.178069 3.149611 -0.011253 1 0
2 -0.570600 -0.588053 -0.584660 4.075749 4.006796 4.001684 -0.014060 1 0
2 -0.479788 -0.479788 -0.476580 3.171426 3.171426 3.166108 0.003208 1 0
2 -0.222915 -0.257822 -0.263760 2.695400 2.568564 2.565107 -0.040845 1 0
2 -0.156841 -0.156841 -0.164287 1.656496 1.656496 1.653055 -0.007446 1 0
2 -0.095816 -0.078363 -0.082116 1.564800 1.557451 1.556503 0.013700 1 0
2 0.037351 0.072258 0.079838 3.095636 2.815905 2.801876 0.042487 1 0
2 0.204309 0.204309 0.202631 1.852072 1.852072 1.844728 -0.001678 1 0
2 0.290855 0.308308 0.300967 4.274139 4.255426 4.229105 0.010112 1 0
2 0.448197 0.465650 0.461965 4.144165 4.015605 3.987426 0.013769 1 0
2 -0.932102 -0.949556 -0.943780 5.809712 5.720659 5.693647 -0.011678 1 0
2 0.573746 0.591200 0.584556 6.036757 5.984508 5.939250 0.010810 1 0
2 -0.797375 -0.814828 -0.808550 4.426881 4.362121 4.324492 -0.011175 1 0
2 -0.626895 -0.644349 -0.646629 5.693047 5.575112 5.573545 -0.019734 1 0
2 0.852969 0.870422 0.865068 5.613805 5.484548 5.449837 0.012100 1 0
2 -0.466433 -0.501340 -0.495861 5.751228 5.606736 5.600865 -0.029428 1 0
2 -0.402582 -0.437489 -0.432382 3.966000 3.799590 3.790999 -0.029800 1 0
2 -0.278446 -0.295899 -0.299574 2.831123 2.779114 2.777421 -0.021128 1 0
2 -0.218687 -0.253594 -0.258692 2.821669 2.632710 2.629062 -0.040005 1 0
2 -0.074334 -0.074334 -0.068033 2.226762 2.226762 2.224736 0.006301 1 0
2 -0.011984 0.005470 0.014474 2.747872 2.704577 2.699009 0.026458 1 0
2 0.047160 0.082067 0.086771 2.375195 2.012940 2.008133 0.039611 1 0
2 0.220548 0.220548 0.228579 1.008805 1.008805 0.949490 0.008031 1 0
2 -0.997452 -1.014905 -1.021723 6.775808 6.513710 6.489568 -0.024271 1 0
2 0.381232 0.381232 0.386113 3.065712 3.065712 3.038031 0.004881 1 0
2 0.509095 0.526548 0.523111 3.783987 3.699967 3.696440 0.014016 1 0
2 -0.724094 -0.741548 -0.746320 5.566967 5.390491 5.381517 -0.022226 1 0
2 0.646843 0.646843 0.657532 3.936076 3.936076 3.846452 0.010690 1 0
2 -0.572363 -0.607269 -0.605667 6.032552 5.766620 5.765887 -0.033304 1 0
2 0.767690 0.767690 0.769739 4.057861 4.057861 4.046642 0.002049 1 0
2 -0.465343 -0.500249 -0.503575 5.775246 5.518172 5.515560 -0.038232 1 0
2 -0.325330 -0.395143 -0.396491 5.599805 4.939952 4.939384 -0.071162 1 0
2 -0.236857 -0.324123 -0.318650 4.792412 3.931224 3.923828 -0.081794 1 0
2 -0.157700 -0.210060 -0.216203 3.426663 3.182726 3.179361 -0.058503 1 0
2 -0.027544 -0.079904 -0.075126 2.827280 2.727583 2.726780 -0.047582 1 0
2 -0.043570 -0.026117 -0.027279 2.055118 2.041879 2.041750 0.016292 1 0
2 0.025785 0.043239 0.045003 1.166997 1.050708 1.047190 0.019217 1 0
2 0.242559 0.242559 0.247362 0.995542 0.995542 0.973223 0.004802 1 0
2 0.420138 0.420138 0.421633 0.976261 0.976261 0.972144 0.001496 1 0
2 0.543422 0.543422 0.549414 1.726131 1.726131 1.676562 0.005992 1 0
2 0.683479 0.683479 0.682917 1.484897 1.484897 1.484095 -0.000562 1 0
2 -0.662487 -0.679940 -0.681538 5.044988 4.905557 4.904436 -0.019052 1 0
2 0.822035 0.822035 0.830520 2.803537 2.803537 2.697453 0.008485 1 0
2 -0.512914 -0.530367 -0.533123 4.792636 4.690501 4.688380 -0.020209 1 0
2 -0.369413 -0.386866 -0.395370 3.270542 3.061094 3.021399 -0.025957 1 0
2 -0.215820 -0.250726 -0.250124 2.058825 1.894572 1.894538 -0.034304 1 0
2 -0.115565 -0.185378 -0.177165 2.840375 2.725258 2.722806 -0.061600 1 0
2 -0.061239 -0.078692 -0.074570 3.023887 3.018889 3.018562 -0.013331 1 0
2 0.032561 0.050014 0.050269 1.901191 1.854948 1.854906 0.017708 1 0
2 0.035494 0.087853 0.086595 2.854758 2.144460 2.141608 0.051101 1 0
2 0.340440 0.340440 0.346209 4.104692 4.104692 4.090160 0.005769 1 0
2 0.450095 0.450095 0.453446 4.031057 4.031057 4.023999 0.003351 1 0
2 0.811782 0.829235 0.821077 11.243823 11.214343 11.106248 0.009295 1 0
2 0.623097 0.640550 0.633226 3.378882 3.349482 3.285829 0.010129 1 0
2 -0.691601 -0.709054 -0.700586 2.918341 2.912598 2.853086 -0.008986 1 0
2 -0.554839 -0.554839 -0.559069 3.683520 3.683520 3.675795 -0.004229 1 0
2 -0.395807 -0.413260 -0.414529 1.705628 1.532109 1.531265 -0.018722 1 0
2 -0.310615 -0.328068 -0.323511 1.492060 1.449965 1.443300 -0.012896 1 0
2 -0.173844 -0.156390 -0.149960 2.141063 2.117988 2.116030 0.023883 1 0
2 -0.087101 -0.069648 -0.065412 4.059147 4.045525 4.044875 0.021689 1 0
2 0.011795 0.046702 0.044705 4.020261 3.816899 3.815935 0.032909 1 0
2 0.223268 0.240721 0.238071 4.136823 4.045853 4.041203 0.014803 1 0
2 0.357676 0.375130 0.371979 4.499866 4.384562 4.375232 0.014303 1 0
2 -1.009056 -1.026509 -1.020213 5.183795 5.038507 4.964903 -0.011157 1 0
2 0.509937 0.509937 0.518876 4.285430 4.285430 4.159252 0.008939 1 0
2 -0.861411 -0.878864 -0.877145 6.322245 6.153666 6.152124 -0.015735 1 0
2 0.687206 0.704660 0.702393 7.583241 7.412543 7.408394 0.015187 1 0
2 -0.797182 -0.814635 -0.805272 4.677924 4.673403 4.582650 -0.008090 1 0
2 0.715776 0.715776 0.721574 6.721064 6.721064 6.691634 0.005798 1 0
2 -0.610697 -0.628151 -0.632443 4.827233 4.659077 4.651501 -0.021745 1 0
2 -0.443880 -0.478787 -0.479595 4.738122 4.465459 4.465213 -0.035714 1 0
2 -0.270846 -0.340659 -0.341715 4.912352 4.189069 4.188616 -0.070869 1 0
2 -0.237203 -0.289563 -0.281650 2.653400 2.165329 2.131484 -0.044447 1 0
2 -0.155682 -0.208042 -0.203777 2.982122 2.804595 2.802212 -0.048095 1 0
2 -0.079765 -0.062312 -0.054353 2.595096 2.544406 2.537943 0.025413 1 0
2 -0.029155 -0.011702 -0.013806 1.384501 1.284114 1.281908 0.015349 1 0
2 0.169652 0.169652 0.178530 1.373395 1.373395 1.303068 0.008878 1 0
2 -1.083866 -1.101320 -1.105285 7.925998 7.656580 7.645395 -0.021419 1 0
2 0.294037 0.294037 0.301039 2.030317 2.030317 1.990118 0.007002 1 0
2 -0.960128 -0.977582 -0.983422 8.526956 8.273770 8.255743 -0.023294 1 0
2 0.460447 0.460447 0.468436 2.218334 2.218334 2.136183 0.007989 1 0
2 -0.797212 -0.814666 -0.822818 7.185385 6.950514 6.920769 -0.025606 1 0
2 0.600402 0.600402 0.607662 3.013244 3.013244 2.933732 0.007260 1 0
2 -0.618184 -0.653091 -0.654443 7.551074 7.243457 7.242718 -0.036259 1 0
2 0.735104 0.735104 0.739940 2.919661 2.919661 2.856073 0.004836 1 0
2 -0.622075 -0.656981 -0.648895 7.492353 7.302218 7.277908 -0.026820 1 0
2 -0.354062 -0.441328 -0.449939 7.748848 6.587717 6.569766 -0.095877 1 0
2 -0.317989 -0.405255 -0.400818 6.025874 5.204949 5.201627 -0.082829 1 0
2 -0.244692 -0.314506 -0.321428 4.354067 3.400412 3.363151 -0.076735 1 0
2 -0.200761 -0.288027 -0.294374 3.872656 3.313049 3.308826 -0.093613 1 0
2 -0.122873 -0.175233 -0.167175 2.984628 2.909554 2.907047 -0.044302 1 0
2 0.113772 0.096319 0.100854 3.879971 3.843138 3.838480 -0.012918 1 0
2 0.245757 0.245757 0.240368 1.266577 1.266577 1.237514 -0.005389 1 0
2 0.406889 0.406889 0.402433 2.057091 2.057091 2.038474 -0.004455 1 0
2 -0.938877 -0.956330 -0.961308 7.703702 7.462600 7.449199 -0.022431 1 0
2 0.652209 0.652209 0.651930 1.188348 1.188348 1.187982 -0.000279 1 0
2 -0.705366 -0.740272 -0.733135 7.476069 7.259256 7.241316 -0.027770 1 0
2 -0.564350 -0.599257 -0.603459 8.975759 8.735504 8.732308 -0.039109 1 0
2 -0.396859 -0.484126 -0.478620 7.591500 6.823279 6.817327 -0.081760 1 0
2 -0.256291 -0.378464 -0.381149 7.537057 6.408648 6.407501 -0.124858 1 0
2 -0.279024 -0.331384 -0.333635 4.383789 3.886768 3.884102 -0.054611 1 0
2 -0.138644 -0.260817 -0.265094 4.165542 3.618805 3.616163 -0.126450 1 0
2 -0.040688 -0.058141 -0.056571 3.268148 3.238868 3.238507 -0.015883 1 0
2 0.015073 -0.002380 -0.006429 2.851677 2.784838 2.782299 -0.021502 1 0
2 0.174723 0.174723 0.170832 1.038731 1.038731 1.027881 -0.003892 1 0
2 0.295223 0.295223 0.289719 1.725548 1.725548 1.692343 -0.005504 1 0
2 0.447439 0.447439 0.448863 1.044470 1.044470 1.039966 0.001424 1 0
2 -0.842977 -0.860430 -0.862077 6.222497 6.030215 6.028605 -0.019100 1 0
2 0.631209 0.631209 0.633012 6.399213 6.399213 6.395704 0.001804 1 0
2 -0.722157 -0.757064 -0.752244 6.751279 6.449349 6.439728 -0.030087 1 0
2 -0.640262 -0.675169 -0.668948 6.426630 6.193572 6.179422 -0.028685 1 0
2 -0.512193 -0.529647 -0.534625 4.127014 3.988886 3.981078 -0.022431 1 0
2 -0.308543 -0.378356 -0.382920 5.455346 5.053624 5.051525 -0.074377 1 0
2 -0.293050 -0.327956 -0.322877 3.430372 3.368136 3.366315 -0.029827 1 0
2 -0.181889 -0.234249 -0.238188 1.730084 1.514886 1.513817 -0.056299 1 0
2 -0.044758 -0.027304 -0.033023 1.976605 1.949132 1.938548 0.011734 1 0
2 0.105855 0.105855 0.109045 2.626196 2.626196 2.620195 0.003190 1 0
2 0.283033 0.283033 0.287537 3.252290 3.252290 3.223008 0.004504 1 0
2 -1.073421 -1.090874 -1.092812 7.865166 7.590611 7.587229 -0.019391 1 0
2 0.397693 0.397693 0.401636 4.004218 4.004218 3.984322 0.003943 1 0
2 -0.961145 -0.978599 -0.983912 8.501255 8.248433 8.233989 -0.022767 1 0
2 -0.864926 -0.899832 -0.894477 7.265378 6.901920 6.889187 -0.029551 1 0
2 -0.721587 -0.739040 -0.744431 7.260715 7.094095 7.083654 -0.022844 1 0
2 -0.518961 -0.571321 -0.565857 8.887560 8.581592 8.577117 -0.046895 1 0
2 -0.423436 -0.475796 -0.481692 7.819221 7.472403 7.468384 -0.058256 1 0
2 -0.266747 -0.354014 -0.355914 5.354270 4.769523 4.769065 -0.089166 1 0
2 -0.179827 -0.302000 -0.293288 5.270717 4.622508 4.615367 -0.113461 1 0
2 -0.143472 -0.213286 -0.212936 3.322393 3.098910 3.098913 -0.069464 1 0
2 -0.071970 -0.071970 -0.065283 1.547752 1.547752 1.539887 0.006687 1 0
2 0.035336 0.052789 0.051778 1.420517 1.321510 1.321182 0.016442 1 0
2 0.172801 0.190254 0.185819 2.230834 2.175236 2.160413 0.013019 1 0
2 -1.068894 -1.086348 -1.093924 9.399175 9.118393 9.089731 -0.025030 1 0
2 0.327369 0.327369 0.325527 1.885715 1.885715 1.874983 -0.001841 1 0
2 0.487197 0.487197 0.489929 1.921417 1.921417 1.895832 0.002732 1 0
2 -0.775071 -0.809978 -0.805224 8.156351 7.890369 7.882227 -0.030153 1 0
2 0.618656 0.618656 0.623655 2.895210 2.895210 2.838439 0.004999 1 0
2 -0.629547 -0.664454 -0.664477 6.671432 6.377692 6.377542 -0.034930 1 0
2 0.755612 0.755612 0.759548 3.750357 3.750357 3.703496 0.003936 1 0
2 -0.490763 -0.543123 -0.543450 7.063561 6.637547 6.637491 -0.052687 1 0
2 -0.356702 -0.443969 -0.443701 7.214183 6.474106 6.474016 -0.086999 1 0
2 -0.287062 -0.374328 -0.366889 4.557985 3.671154 3.653991 -0.079827 1 0
2 -0.206220 -0.293486 -0.291535 4.253748 3.461231 3.460087 -0.085315 1 0
2 -0.150507 -0.185414 -0.191191 2.398604 2.292933 2.289888 -0.040683 1 0
2 -0.105105 -0.087651 -0.095153 1.929210 1.926576 1.921282 0.009952 1 0
2 0.041858 0.059311 0.056729 1.558752 1.486566 1.483109 0.014871 1 0
2 0.182761 0.182761 0.184274 1.139659 1.139659 1.135848 0.001513 1 0
2 0.391781 0.391781 0.397957 1.549157 1.549157 1.494947 0.006176 1 0
2 0.525818 0.525818 0.527980 1.789169 1.789169 1.778658 0.002162 1 0
2 -0.891724 -0.891724 -0.897231 4.190411 4.190411 4.159658 -0.005507 1 0
2 -0.717876 -0.735330 -0.735864 5.372958 5.245401 5.245168 -0.017988 1 0
2 -0.531599 -0.549052 -0.554148 5.614035 5.524642 5.519632 -0.022550 1 0
2 -0.412894 -0.447801 -0.443665 4.952519 4.827174 4.825685 -0.030771 1 0
2 -0.243381 -0.313194 -0.313251 3.797628 3.071722 3.071766 -0.069870 1 0
2 -0.174005 -0.243818 -0.251521 3.700234 3.216003 3.207027 -0.077516 1 0
2 -0.136105 -0.153558 -0.159728 3.020131 3.004685 3.003301 -0.023623 1 0
2 -0.044942 -0.010035 -0.015438 3.419901 3.359272 3.356627 0.029504 1 0
2 0.005217 0.022670 0.024869 2.121440 2.061219 2.060308 0.019652 1 0
2 0.147538 0.182445 0.175236 2.375608 2.141640 2.106418 0.027697 1 0
2 0.318209 0.335663 0.332351 2.173828 2.063074 2.054152 0.014142 1 0
2 -0.596258 -0.596258 -0.604853 3.010463 3.010463 2.976911 -0.008594 1 0
2 -0.438176 -0.455629 -0.448933 1.462174 1.431282 1.405987 -0.010756 1 0
2 -0.342752 -0.360206 -0.357334 1.435837 1.373480 1.370734 -0.014582 1 0
2 -0.170010 -0.187463 -0.189840 1.528896 1.499787 1.499303 -0.019830 1 0
2 -0.061270 -0.026363 -0.018835 1.412902 1.229425 1.197738 0.042435 1 0
2 0.062545 0.079999 0.088379 3.760424 3.689979 3.679990 0.025833 1 0
2 0.150553 0.168006 0.171631 4.956858 4.872550 4.869625 0.021078 1 0
2 0.338550 0.356003 0.351803 5.121309 5.043620 5.034773 0.013253 1 0
2 0.402928 0.420381 0.424573 5.484419 5.311449 5.302802 0.021646 1 0
2 0.537175 0.554628 0.561052 5.871293 5.639330 5.611179 0.023876 1 0
2 -0.789464 -0.806917 -0.800789 4.374100 4.301663 4.270378 -0.011325 1 0
2 0.664875 0.682328 0.686641 6.477399 6.216093 6.175151 0.021766 1 0
2 -0.656407 -0.673861 -0.672162 4.682431 4.576881 4.575834 -0.015755 1 0
2 -0.542652 -0.560105 -0.563879 3.812563 3.671559 3.665920 -0.021228 1 0
2 -0.378906 -0.413812 -0.417817 4.106876 3.818235 3.813042 -0.038912 1 0
2 -0.223279 -0.293093 -0.298577 4.072727 3.350195 3.340923 -0.075297 1 0
2 -0.218750 -0.271110 -0.275996 2.981779 2.538014 2.532716 -0.057246 1 0
2 -0.099433 -0.151793 -0.151553 3.181642 3.080848 3.080793 -0.052119 1 0
2 -0.002341 0.032566 0.037243 2.110618 1.910784 1.907457 0.039584 1 0
2 0.064351 0.081805 0.081492 1.322018 1.235577 1.235480 0.017140 1 0
2 0.213038 0.230492 0.227785 2.918282 2.847629 2.845202 0.014747 1 0
2 0.363024 0.363024 0.368259 2.200395 2.200395 2.179985 0.005235 1 0
2 0.497044 0.514498 0.507932 2.766186 2.738953 2.718430 0.010888 1 0
2 0.639546 0.657000 0.651384 3.792775 3.718269 3.675518 0.011837 1 0
2 -0.627459 -0.662365 -0.656926 4.504811 4.242024 4.228556 -0.029467 1 0
2 0.779511 0.779511 0.783993 2.026163 2.026163 1.991701 0.004482 1 0
2 -0.528670 -0.563577 -0.562987 3.951284 3.603008 3.602826 -0.034317 1 0
2 -0.353989 -0.406348 -0.410875 4.002559 3.200804 3.176431 -0.056886 1 0
2 -0.228838 -0.298652 -0.304614 4.197618 3.631584 3.625031 -0.075775 1 0
2 -0.197859 -0.250219 -0.252573 3.281564 3.006523 3.005901 -0.054713 1 0
2 -0.136498 -0.171404 -0.169459 4.178012 4.147837 4.147732 -0.032961 1 0
2 -0.028450 0.006457 0.007302 2.629974 2.446401 2.446222 0.035752 1 0
2 0.056781 0.056781 0.064323 1.377062 1.377062 1.351006 0.007542 1 0
2 0.219844 0.219844 0.226638 2.260102 2.260102 2.234134 0.006794 1 0
2 0.407004 0.407004 0.410323 1.965940 1.965940 1.954502 0.003319 1 0
2 0.550526 0.550526 0.553999 2.125041 2.125041 2.106578 0.003473 1 0
2 -0.658401 -0.675854 -0.671102 3.625279 3.558818 3.546316 -0.012701 1 0
2 -0.492938 -0.510391 -0.508878 3.777863 3.694891 3.694449 -0.015940 1 0
2 -0.407517 -0.424970 -0.434003 2.981512 2.833251 2.810997 -0.026486 1 0
2 -0.236528 -0.271434 -0.275975 2.714727 2.458933 2.452835 -0.039447 1 0
2 -0.146496 -0.198856 -0.191582 3.205445 3.096145 3.092184 -0.045086 1 0
2 -0.034855 -0.017402 -0.011574 2.590447 2.562915 2.560709 0.023281 1 0
2 -0.076971 -0.007158 -0.007556 4.208140 3.970048 3.969975 0.069415 1 0
2 0.167316 0.184769 0.181078 3.059982 3.024059 3.021099 0.013762 1 0
2 0.174752 0.209659 0.218443 2.964599 2.415483 2.345367 0.043690 1 0
2 0.322728 0.340181 0.341844 2.215873 2.040608 2.038716 0.019116 1 0
2 0.685902 0.685902 0.686929 6.222536 6.222536 6.221571 0.001027 1 0
2 -0.677624 -0.695077 -0.687684 3.529408 3.505316 3.468789 -0.010060 1 0
2 -0.543025 -0.560478 -0.554516 2.342034 2.292052 2.266310 -0.011491 1 0
2 -0.433860 -0.433860 -0.437473 1.200636 1.200636 1.191731 -0.003613 1 0
2 -0.314612 -0.332066 -0.329217 1.603210 1.530581 1.527449 -0.014605 1 0
2 -0.178289 -0.160836 -0.163964 2.171877 2.163603 2.163229 0.014325 1 0
2 -0.025228 -0.025228 -0.023357 2.028223 2.028223 2.027784 0.001871 1 0
2 0.156180 0.173634 0.165194 2.927261 2.926009 2.909735 0.009014 1 0
2 0.242971 0.242971 0.236153 3.103843 3.103843 3.057103 -0.006818 1 0
2 0.382254 0.382254 0.384387 3.240245 3.240245 3.236211 0.002133 1 0
2 0.490092 0.490092 0.496208 4.443744 4.443744 4.419630 0.006115 1 0
2 -0.885776 -0.903230 -0.899783 4.856530 4.684000 4.671761 -0.014007 1 0
2 0.590074 0.607527 0.598962 5.259826 5.251501 5.167343 0.008889 1 0
2 -0.732799 -0.750252 -0.747933 4.810739 4.678457 4.675326 -0.015134 1 0
2 -0.617828 -0.635281 -0.636991 4.476955 4.347913 4.346809 -0.019164 1 0
2 -0.454729 -0.489635 -0.484445 4.752788 4.589432 4.583248 -0.029716 1 0
2 -0.306841 -0.341747 -0.350237 4.185396 3.974604 3.965298 -0.043396 1 0
2 -0.213377 -0.283190 -0.286614 4.097487 3.437507 3.434429 -0.073237 1 0
2 -0.119253 -0.206520 -0.201852 3.807817 3.278865 3.274237 -0.082598 1 0
2 -0.035520 -0.087880 -0.079494 2.548608 2.484092 2.480206 -0.043973 1 0
2 0.028926 0.046380 0.043470 1.385260 1.354989 1.353483 0.014544 1 0
2 0.064601 0.099507 0.102890 2.085377 1.770683 1.763643 0.038290 1 0
2 0.233474 0.250928 0.257086 3.073415 2.930201 2.917881 0.023611 1 0
2 -1.010625 -1.028078 -1.030748 6.228065 5.997346 5.992821 -0.020124 1 0
2 0.387677 0.405130 0.398739 2.731438 2.687456 2.662162 0.011062 1 0
2 0.559389 0.576842 0.568636 3.409176 3.392782 3.330393 0.009247 1 0
2 0.677510 0.677510 0.681049 2.849379 2.849379 2.766712 0.003539 1 0
2 -0.531760 -0.566667 -0.563692 5.930800 5.710010 5.707750 -0.031932 1 0
2 0.815602 0.815602 0.822537 3.937654 3.937654 3.834439 0.006935 1 0
2 -0.401882 -0.436788 -0.438300 4.920420 4.710462 4.709834 -0.036418 1 0
2 -0.276649 -0.346462 -0.349987 5.388902 4.855294 4.853445 -0.073338 1 0
2 -0.206148 -0.275961 -0.277525 4.016250 3.256065 3.255161 -0.071377 1 0
2 -0.144549 -0.196909 -0.202570 2.860049 2.750500 2.749517 -0.058021 1 0
2 -0.096089 -0.130996 -0.130529 3.143725 3.101176 3.101108 -0.034439 1 0
2 0.032230 0.049683 0.045375 1.379509 1.356586 1.353515 0.013146 1 0
2 0.164797 0.164797 0.165492 0.950122 0.950122 0.949754 0.000695 1 0
2 0.357527 0.357527 0.355787 1.352097 1.352097 1.348937 -0.001740 1 0
2 0.461743 0.461743 0.465663 1.689098 1.689098 1.671105 0.003920 1 0
2 -0.866860 -0.884314 -0.879109 4.477584 4.392964 4.373496 -0.012249 1 0
2 0.573539 0.573539 0.572932 1.865732 1.865732 1.865507 -0.000607 1 0
2 -0.645785 -0.663239 -0.659113 4.526667 4.454268 4.446341 -0.013328 1 0
2 -0.496043 -0.513496 -0.517168 4.719228 4.612759 4.609316 -0.021125 1 0
2 -0.371064 -0.388518 -0.382234 4.016560 4.000312 3.993135 -0.011169 1 0
2 -0.122116 -0.191929 -0.187851 3.521710 2.958279 2.947619 -0.065735 1 0
2 -0.146437 -0.181343 -0.181164 3.225015 3.157344 3.157280 -0.034727 1 0
2 -0.066469 -0.066469 -0.072505 3.022022 3.022022 3.021033 -0.006035 1 0
2 0.029235 0.064141 0.060020 3.721354 3.658992 3.657201 0.030785 1 0
2 0.129885 0.164792 0.173595 2.710267 2.400958 2.376937 0.043709 1 0
2 0.339121 0.339121 0.342484 3.219368 3.219368 3.210269 0.003363 1 0
2 0.492154 0.492154 0.493293 3.553192 3.553192 3.552295 0.001139 1 0
2 0.544226 0.544226 0.551208 2.223786 2.223786 2.182705 0.006981 1 0
2 -0.763735 -0.781188 -0.772942 3.613457 3.604198 3.546761 -0.009207 1 0
2 -0.618741 -0.636194 -0.637514 2.301627 2.040467 2.037635 -0.018774 1 0
2 -0.480110 -0.497563 -0.493130 2.331155 2.264946 2.254651 -0.013020 1 0
2 -0.387941 -0.387941 -0.392567 1.328353 1.328353 1.318887 -0.004626 1 0
2 -0.245766 -0.263220 -0.258415 2.221281 2.212201 2.210760 -0.012648 1 0
2 -0.157643 -0.175097 -0.172055 2.204442 2.193825 2.193358 -0.014412 1 0
2 0.046599 0.046599 0.052894 2.986589 2.986589 2.983019 0.006296 1 0
2 0.195026 0.195026 0.199931 2.775968 2.775968 2.768725 0.004904 1 0
2 0.278075 0.278075 0.282509 3.895247 3.895247 3.888741 0.004435 1 0
2 0.407681 0.425134 0.416901 4.288518 4.280189 4.219810 0.009221 1 0
2 0.560753 0.578207 0.572941 4.221125 4.211171 4.049423 0.012187 1 0
2 -0.825374 -0.842828 -0.837859 4.708284 4.622491 4.600411 -0.012485 1 0
2 0.705999 0.723453 0.719917 6.485207 6.372503 6.363476 0.013918 1 0
2 -0.763698 -0.763698 -0.771761 4.251345 4.251345 4.179443 -0.008063 1 0
2 -0.540927 -0.558381 -0.560601 4.572250 4.466040 4.464627 -0.019674 1 0
2 -0.426366 -0.461272 -0.461400 4.117736 3.859478 3.859407 -0.035034 1 0
2 -0.269169 -0.304076 -0.311669 4.873959 4.730730 4.724642 -0.042500 1 0
2 -0.165102 -0.252368 -0.252742 4.598677 3.991822 3.991749 -0.087640 1 0
2 -0.093037 -0.162851 -0.163806 2.502882 2.251823 2.251709 -0.070768 1 0
2 -0.035543 -0.087903 -0.096892 2.163501 1.948428 1.937138 -0.061349 1 0
2 0.048306 0.065759 0.071768 2.080368 1.981397 1.969734 0.023463 1 0
2 0.220780 0.238233 0.231031 1.283003 1.269690 1.231409 0.010251 1 0
2 0.314595 0.314595 0.321421 2.017870 2.017870 1.974879 0.006826 1 0
2 -0.907727 -0.925180 -0.926543 6.010735 5.822368 5.821050 -0.018816 1 0
2 0.475533 0.475533 0.469090 1.897750 1.897750 1.809517 -0.006442 1 0
2 0.626677 0.626677 0.629718 1.860175 1.860175 1.824697 0.003041 1 0
2 -0.608239 -0.625693 -0.634219 5.006399 4.819044 4.793393 -0.025979 1 0
2 0.751781 0.769234 0.761990 4.155157 4.115051 4.042050 0.010210 1 0
2 -0.546015 -0.563468 -0.571991 5.579399 5.424257 5.404204 -0.025976 1 0
2 -0.346818 -0.399178 -0.402114 5.629483 5.199690 5.198175 -0.055295 1 0
2 -0.211986 -0.299252 -0.299199 5.422493 4.688318 4.688268 -0.087214 1 0
2 -0.163829 -0.251096 -0.250135 4.618706 3.814361 3.814063 -0.086306 1 0
2 -0.051162 -0.155881 -0.159544 4.441367 3.736882 3.734893 -0.108382 1 0
2 0.024988 -0.114639 -0.112958 3.305008 2.942871 2.942577 -0.137946 1 0
2 0.149660 0.167113 0.160191 2.826686 2.811178 2.788614 0.010531 1 0
2 0.238594 0.238594 0.243443 2.096705 2.096705 2.081446 0.004849 1 0
2 0.427268 0.427268 0.432346 1.305264 1.305264 1.283142 0.005078 1 0
2 0.535601 0.535601 0.542180 2.158038 2.158038 2.124405 0.006580 1 0
2 -0.431317 -0.448770 -0.446882 3.893993 3.825836 3.824598 -0.015565 1 0
2 -0.302242 -0.319695 -0.314252 3.750859 3.729258 3.724031 -0.012009 1 0
2 -0.067282 -0.154548 -0.150121 3.811716 3.238039 3.233402 -0.082840 1 0
2 -0.016039 -0.068399 -0.070057 4.257593 4.185314 4.185200 -0.054018 1 0
2 0.044056 -0.043211 -0.035992 3.638539 3.514965 3.513385 -0.080048 1 0
2 0.112685 0.147591 0.138813 3.501390 3.454338 3.447756 0.026128 1 0
2 0.315566 0.315566 0.318954 3.911204 3.911204 3.907093 0.003387 1 0
2 0.471559 0.471559 0.474849 3.773716 3.773716 3.768760 0.003289 1 0
2 0.577017 0.577017 0.581130 5.001298 5.001298 4.993585 0.004113 1 0
2 0.647867 0.647867 0.649705 1.599378 1.599378 1.595263 0.001838 1 0
2 -0.671205 -0.688658 -0.686429 4.502269 4.380870 4.377724 -0.015224 1 0
2 -0.526508 -0.543961 -0.537268 2.780003 2.743527 2.713423 -0.010759 1 0
2 -0.390564 -0.408017 -0.401988 3.452198 3.426478 3.416616 -0.011424 1 0
2 -0.318184 -0.318184 -0.321370 2.797595 2.797595 2.794616 -0.003186 1 0
2 -0.225704 -0.225704 -0.233245 1.214661 1.214661 1.198876 -0.007541 1 0
2 -0.003279 -0.055639 -0.053488 1.316925 1.162283 1.162057 -0.050209 1 0
2 0.131530 0.131530 0.139281 2.838654 2.838654 2.831484 0.007751 1 0
2 0.310811 0.310811 0.303781 3.145436 3.145436 3.128090 -0.007029 1 0
2 0.344479 0.344479 0.351685 4.166152 4.166152 4.151861 0.007206 1 0
2 0.486601 0.486601 0.492514 3.478964 3.478964 3.456153 0.005913 1 0
2 -0.857997 -0.875450 -0.867166 5.887827 5.873801 5.805307 -0.009169 1 0
2 0.618408 0.635861 0.627765 4.994724 4.976039 4.896751 0.009357 1 0
2 -0.740408 -0.757861 -0.755773 5.101994 4.956571 4.953868 -0.015365 1 0
2 0.723409 0.723409 0.730201 4.983487 4.983487 4.934843 0.006792 1 0
2 -0.584074 -0.601527 -0.607557 6.272951 6.108779 6.096618 -0.023482 1 0
2 -0.436893 -0.471799 -0.466873 5.028503 4.831724 4.824897 -0.029981 1 0
2 -0.308066 -0.342972 -0.339779 4.931839 4.795028 4.793612 -0.031713 1 0
2 -0.206123 -0.258483 -0.267227 5.072244 4.716078 4.706651 -0.061104 1 0
2 -0.111274 -0.163634 -0.163117 3.267287 2.768892 2.768836 -0.051842 1 0
2 -0.034044 -0.103857 -0.097529 2.152063 1.903020 1.899393 -0.063485 1 0
2 -0.027320 -0.009867 -0.008103 2.954048 2.941026 2.940947 0.019217 1 0
2 0.090296 0.107749 0.112863 1.765364 1.658480 1.652594 0.022567 1 0
2 0.275283 0.275283 0.280918 1.296720 1.296720 1.274857 0.005634 1 0
2 -0.965674 -0.983127 -0.990228 8.216886 7.930380 7.902557 -0.024555 1 0
2 0.451263 0.451263 0.455037 1.628541 1.628541 1.590248 0.003774 1 0
2 -0.845903 -0.863356 -0.871695 8.186145 7.928163 7.898404 -0.025792 1 0
2 0.585795 0.585795 0.589896 1.770558 1.770558 1.733015 0.004101 1 0
2 0.704713 0.704713 0.705783 2.791818 2.791818 2.788464 0.001070 1 0
2 -0.559057 -0.593963 -0.590182 6.683568 6.417404 6.413509 -0.031125 1 0
2 0.858265 0.858265 0.860018 2.798775 2.798775 2.792205 0.001752 1 0
2 -0.512509 -0.529962 -0.536911 6.922124 6.757608 6.741022 -0.024402 1 0
2 -0.322956 -0.375316 -0.377380 5.396894 4.901502 4.900617 -0.054424 1 0
2 -0.180567 -0.267833 -0.263150 5.248619 4.571107 4.566623 -0.082584 1 0
2 -0.122782 -0.192595 -0.192050 3.720958 3.239257 3.239091 -0.069268 1 0
2 -0.056790 -0.091696 -0.087640 1.539002 1.462089 1.460542 -0.030850 1 0
2 0.078798 0.026439 0.026853 2.748446 2.358079 2.357773 -0.051946 1 0
2 0.271369 0.271369 0.272061 0.878177 0.878177 0.877254 0.000692 1 0
2 0.330656 0.330656 0.328250 1.088629 1.088629 1.084784 -0.002406 1 0
2 0.523987 0.523987 0.523468 0.877968 0.877968 0.877692 -0.000519 1 0
2 -0.843385 -0.843385 -0.845763 4.330507 4.330507 4.324469 -0.002378 1 0
2 0.732417 0.732417 0.736640 3.075553 3.075553 3.035348 0.004223 1 0
2 -0.580840 -0.598294 -0.598449 5.383803 5.267614 5.267551 -0.017608 1 0
2 -0.512475 -0.529928 -0.530332 4.354640 4.228374 4.228275 -0.017857 1 0
2 -0.240312 -0.292672 -0.297751 5.045038 4.725784 4.722603 -0.057439 1 0
2 -0.220015 -0.254922 -0.263189 3.006380 2.758889 2.744659 -0.043174 1 0
2 -0.099469 -0.186735 -0.180451 3.251523 2.754862 2.741226 -0.080983 1 0
2 0.014224 -0.003229 -0.007998 3.134718 3.104671 3.103297 -0.022223 1 0
2 0.154682 0.172135 0.165160 3.361557 3.345572 3.331356 0.010479 1 0
2 0.246770 0.246770 0.248195 4.742528 4.742528 4.741722 0.001426 1 0
2 0.376867 0.376867 0.380803 4.528712 4.528712 4.519906 0.003937 1 0
2 0.519436 0.519436 0.522680 5.138275 5.138275 5.128776 0.003243 1 0
2 -0.853282 -0.870735 -0.872321 5.940955 5.704556 5.703163 -0.019039 1 0
2 0.636608 0.636608 0.639172 6.224810 6.224810 6.219559 0.002564 1 0
2 -0.746000 -0.763454 -0.759510 4.631300 4.504204 4.491298 -0.013510 1 0
2 0.675609 0.675609 0.684943 3.287663 3.287663 3.206009 0.009334 1 0
2 -0.631765 -0.649218 -0.643336 4.952829 4.905398 4.885638 -0.011571 1 0
2 -0.511803 -0.529256 -0.524926 1.660262 1.544493 1.516983 -0.013123 1 0
2 -0.434737 -0.434737 -0.436554 1.681319 1.681319 1.679821 -0.001817 1 0
2 -0.261867 -0.279320 -0.275815 2.530583 2.483578 2.481105 -0.013948 1 0
2 -0.131701 -0.114247 -0.106857 2.145341 2.102484 2.098660 0.024844 1 0
2 -0.008143 -0.008143 -0.004558 2.182690 2.182690 2.179872 0.003585 1 0
2 0.125219 0.125219 0.133822 3.181996 3.181996 3.133297 0.008603 1 0
2 0.300772 0.300772 0.305673 4.061549 4.061549 4.037440 0.004901 1 0
2 -1.104171 -1.121624 -1.115988 6.615307 6.473976 6.426752 -0.011818 1 0
2 0.407054 0.407054 0.410769 5.083683 5.083683 5.073595 0.003715 1 0
2 -0.970206 -0.987659 -0.983227 6.960724 6.815317 6.794126 -0.013021 1 0
2 0.528982 0.528982 0.533884 5.458872 5.458872 5.435293 0.004902 1 0
2 -0.818144 -0.835597 -0.834072 6.461557 6.286276 6.284394 -0.015928 1 0
2 0.657149 0.657149 0.663613 6.266381 6.266381 6.210790 0.006464 1 0
2 -0.695530 -0.712983 -0.717257 6.284983 6.070728 6.060366 -0.021727 1 0
2 -0.537786 -0.572693 -0.570240 6.445992 6.147037 6.144869 -0.032454 1 0
2 -0.361625 -0.431438 -0.426376 7.184111 6.484731 6.476043 -0.064751 1 0
2 -0.261030 -0.348296 -0.354258 6.827471 5.641376 5.620048 -0.093229 1 0
2 -0.191268 -0.278535 -0.274037 5.001100 4.406261 4.403623 -0.082769 1 0
2 -0.137929 -0.207742 -0.206917 3.676723 3.413676 3.413484 -0.068988 1 0
2 -0.047738 -0.065191 -0.056911 2.275063 2.272566 2.266642 -0.009174 1 0
2 0.046025 0.046025 0.045705 1.860209 1.860209 1.860158 -0.000319 1 0
2 0.185361 0.185361 0.188790 1.058418 1.058418 1.038167 0.003429 1 0
2 -1.064874 -1.099781 -1.091504 10.559711 10.187712 10.144455 -0.026630 1 0
2 0.320942 0.320942 0.318742 2.169332 2.169332 2.161589 -0.002201 1 0
2 -0.891486 -0.926392 -0.922838 9.615341 9.200748 9.194285 -0.031352 1 0
2 0.508836 0.508836 0.510670 1.577199 1.577199 1.558778 0.001835 1 0
2 -0.768768 -0.803674 -0.801893 9.403938 9.005220 9.003780 -0.033125 1 0
2 0.647196 0.647196 0.648426 2.871431 2.871431 2.865812 0.001230 1 0
2 -0.644546 -0.679452 -0.687026 9.820628 9.383570 9.367393 -0.042480 1 0
2 0.787895 0.787895 0.790542 3.226625 3.226625 3.157769 0.002647 1 0
2 -0.502110 -0.554470 -0.560547 8.479059 7.835399 7.825510 -0.058437 1 0
2 -0.380284 -0.450097 -0.458117 7.931669 7.124218 7.110697 -0.077834 1 0
2 -0.326245 -0.413512 -0.411944 6.885711 6.021219 6.020623 -0.085699 1 0
2 -0.220431 -0.325151 -0.327971 5.911425 4.862531 4.861395 -0.107540 1 0
2 -0.138850 -0.226116 -0.225925 4.356804 4.093698 4.093701 -0.087075 1 0
2 -0.040643 -0.093003 -0.091709 2.668740 2.219536 2.218429 -0.051066 1 0
2 0.141761 0.141761 0.132216 1.634008 1.634008 1.549589 -0.009545 1 0
2 0.316803 0.316803 0.312698 1.882136 1.882136 1.861836 -0.004105 1 0
2 0.404197 0.404197 0.397889 1.472189 1.472189 1.382786 -0.006308 1 0
2 -0.941845 -0.959299 -0.960440 7.687293 7.459299 7.458345 -0.018595 1 0
2 0.553977 0.553977 0.557328 1.307956 1.307956 1.281507 0.003351 1 0
2 -1.028601 -1.046054 -1.049613 13.691346 13.467698 13.460940 -0.021012 1 0
2 -0.684757 -0.719664 -0.713119 6.604191 6.328812 6.309246 -0.028362 1 0
2 -0.574929 -0.609835 -0.611384 6.410857 6.035570 6.034946 -0.036456 1 0
2 -0.365440 -0.435254 -0.437717 6.371960 5.560176 5.558017 -0.072277 1 0
2 -0.313095 -0.382908 -0.383458 6.192852 5.559436 5.559291 -0.070363 1 0
2 -0.198786 -0.303506 -0.294703 5.386836 4.804251 4.795414 -0.095917 1 0
2 -0.125848 -0.213115 -0.215706 4.847189 4.581778 4.581169 -0.089857 1 0
2 -0.059166 -0.059166 -0.066773 3.264582 3.264582 3.259919 -0.007607 1 0
2 0.025133 0.025133 0.029571 2.557105 2.557105 2.553247 0.004438 1 0
2 0.186197 0.186197 0.186288 0.875993 0.875993 0.875982 0.000091 1 0
2 0.247341 0.264794 0.258899 1.875209 1.821327 1.785514 0.011557 1 0
2 0.546117 0.546117 0.554143 3.234733 3.234733 3.148771 0.008026 1 0
2 -0.768035 -0.785488 -0.781316 5.137892 5.035137 5.023630 -0.013281 1 0
2 -0.654931 -0.672385 -0.672175 3.855127 3.692018 3.691944 -0.017244 1 0
2 -0.509819 -0.527272 -0.526468 2.849752 2.727652 2.727080 -0.016649 1 0
2 -0.438326 -0.455780 -0.456059 2.446278 2.384412 2.384403 -0.017732 1 0
2 -0.233736 -0.251190 -0.255484 1.610881 1.528165 1.523556 -0.021748 1 0
2 -0.095949 -0.095949 -0.087413 2.225665 2.225665 2.221385 0.008537 1 0
2 0.022931 0.022931 0.026844 2.857722 2.857722 2.854436 0.003913 1 0
2 0.199872 0.199872 0.200423 3.021967 3.021967 3.021728 0.000551 1 0
2 0.255348 0.255348 0.262366 3.122628 3.122628 3.078419 0.007018 1 0
2 0.382968 0.400421 0.393034 3.830278 3.783076 3.703227 0.010066 1 0
2 -0.970652 -0.988106 -0.988823 7.099135 6.839225 6.838800 -0.018171 1 0
2 0.523197 0.523197 0.533613 4.658101 4.658101 4.535503 0.010416 1 0
2 -0.862427 -0.879880 -0.874646 5.337956 5.233375 5.205838 -0.012219 1 0
2 -0.006413 0.028493 0.029071 2.260521 2.047431 2.047238 0.035484 1 0
2 0.099073 0.133980 0.126323 2.411148 2.188060 2.155361 0.027250 1 0
2 0.315996 0.333450 0.326792 2.649901 2.608101 2.573603 0.010796 1 0
2 -0.965671 -0.983124 -0.986537 8.046020 7.832929 7.826886 -0.020866 1 0
2 0.498225 0.515678 0.512056 5.798206 5.491825 5.436792 0.013831 1 0
2 0.602629 0.620083 0.611557 3.947012 3.937092 3.817288 0.008928 1 0
2 -0.665200 -0.700107 -0.694229 5.704525 5.431799 5.415919 -0.029028 1 0
2 0.736831 0.736831 0.743560 3.136033 3.136033 3.057986 0.006729 1 0
2 -0.504938 -0.539845 -0.542435 5.769279 5.474403 5.472371 -0.037497 1 0
2 0.858633 0.858633 0.863139 3.879034 3.879034 3.845955 0.004506 1 0
2 -0.375148 -0.427508 -0.428647 5.240404 4.782045 4.781611 -0.053499 1 0
2 -0.297260 -0.367073 -0.362868 4.574079 3.827666 3.821322 -0.065608 1 0
2 -0.150996 -0.238263 -0.240492 4.494504 3.539670 3.537619 -0.089496 1 0
2 -0.096557 -0.201277 -0.194235 3.179239 2.647378 2.619098 -0.097679 1 0
2 -0.070647 -0.070647 -0.074693 3.448883 3.448883 3.448335 -0.004046 1 0
2 0.040279 0.057733 0.069288 2.266490 2.144828 2.087127 0.029009 1 0
2 0.129748 0.129748 0.135240 2.157586 2.157586 2.135567 0.005493 1 0
2 0.310031 0.310031 0.305265 1.939420 1.939420 1.918650 -0.004766 1 0
2 0.532643 0.532643 0.539008 2.750419 2.750419 2.703461 0.006364 1 0
2 -0.600326 -0.617780 -0.613002 4.294070 4.231117 4.219251 -0.012675 1 0
2 -0.452079 -0.469533 -0.474353 4.630736 4.513806 4.507512 -0.022273 1 0
2 -0.246283 -0.298643 -0.292103 4.413741 4.019684 4.006372 -0.045820 1 0
2 -0.172817 -0.225177 -0.221714 3.268982 3.004631 3.003511 -0.048897 1 0
2 -0.134758 -0.169664 -0.163015 3.401058 3.365399 3.362843 -0.028258 1 0
2 -0.012098 0.005355 -0.000722 3.574471 3.570950 3.569134 0.011376 1 0
2 0.069189 0.069189 0.074951 3.031693 3.031693 3.028402 0.005762 1 0
2 0.149188 0.184094 0.177768 2.367436 2.151514 2.089184 0.028580 1 0
2 0.303651 0.321104 0.317121 1.608455 1.517000 1.501050 0.013470 1 0
2 0.409169 0.426623 0.436086 3.631290 3.400734 3.359883 0.026916 1 0
2 0.656574 0.656574 0.665489 5.160261 5.160261 5.064917 0.008915 1 0
2 -0.731483 -0.731483 -0.737736 3.650571 3.650571 3.619274 -0.006253 1 0
2 -0.583957 -0.601410 -0.594219 3.616602 3.590161 3.556683 -0.010262 1 0
2 -0.471440 -0.488893 -0.489958 3.971537 3.854690 3.854253 -0.018518 1 0
2 -0.290645 -0.325552 -0.334405 4.601659 4.351320 4.338586 -0.043760 1 0
2 -0.259188 -0.276642 -0.272490 3.023848 3.001566 2.999158 -0.013301 1 0
2 -0.041541 -0.058994 -0.054649 1.763164 1.752157 1.749911 -0.013108 1 0
2 -0.007104 -0.007104 0.001088 2.026141 2.026141 2.020075 0.008192 1 0
2 0.244020 0.244020 0.246715 3.216913 3.216913 3.212682 0.002695 1 0
2 0.296363 0.296363 0.301584 3.940640 3.940640 3.907232 0.005220 1 0
2 0.418128 0.418128 0.424514 3.175336 3.175336 3.143044 0.006386 1 0
2 -0.933879 -0.951332 -0.949426 5.411947 5.203772 5.199455 -0.015547 1 0
2 0.553391 0.570845 0.569378 3.748001 3.270961 3.251591 0.015987 1 0
2 -0.805751 -0.823204 -0.821366 5.621485 5.441822 5.439175 -0.015615 1 0
2 0.665600 0.665600 0.672152 4.082361 4.082361 4.027477 0.006552 1 0
2 -0.531458 -0.548911 -0.548147 5.327410 5.238249 5.237862 -0.016689 1 0
2 -0.392908 -0.427814 -0.432453 5.932932 5.676831 5.672770 -0.039545 1 0
2 -0.251226 -0.303586 -0.298234 4.615566 4.116345 4.095367 -0.047008 1 0
2 -0.129835 -0.217102 -0.213994 4.567750 3.879128 3.875004 -0.084158 1 0
2 -0.084396 -0.136756 -0.137631 2.475307 2.069058 2.068536 -0.053235 1 0
2 -0.070478 -0.053024 -0.061115 2.016314 2.015979 2.012386 0.009363 1 0
2 0.081710 0.099164 0.096762 1.867300 1.827254 1.825988 0.015052 1 0
2 0.156815 0.156815 0.159026 0.676714 0.676714 0.674174 0.002211 1 0
2 0.316092 0.316092 0.318575 1.175074 1.175074 1.168403 0.002483 1 0
2 -0.948145 -0.965598 -0.970983 8.396585 8.143593 8.128294 -0.022838 1 0
2 0.491960 0.491960 0.495999 2.045400 2.045400 2.027534 0.004039 1 0
2 -0.780976 -0.798429 -0.805488 6.445460 6.204607 6.179896 -0.024513 1 0
2 0.621960 0.621960 0.624560 1.771934 1.771934 1.735590 0.002600 1 0
2 -0.671498 -0.688951 -0.695337 6.122569 5.918610 5.900991 -0.023839 1 0
2 0.742575 0.742575 0.743233 2.723437 2.723437 2.722151 0.000658 1 0
2 -0.532599 -0.567506 -0.564617 6.416395 6.155599 6.153336 -0.032018 1 0
2 0.869043 0.869043 0.871310 3.982138 3.982138 3.970184 0.002267 1 0
2 -0.381782 -0.434142 -0.432831 5.507517 4.981683 4.980970 -0.051050 1 0
2 -0.266609 -0.318969 -0.324123 5.078255 4.643679 4.639265 -0.057514 1 0
2 -0.186724 -0.273991 -0.268717 4.837682 3.810093 3.800035 -0.081993 1 0
2 -0.110037 -0.197303 -0.200635 4.082046 3.528245 3.527072 -0.090599 1 0
2 -0.015765 -0.103031 -0.095766 3.356700 3.140910 3.138018 -0.080001 1 0
2 0.088367 0.070914 0.074004 2.169538 2.139980 2.138173 -0.014364 1 0
2 0.276358 0.258905 0.265083 2.765663 2.726943 2.710826 -0.011275 1 0
2 0.355856 0.355856 0.355206 1.002354 1.002354 1.001828 -0.000650 1 0
2 0.507455 0.507455 0.508656 0.767752 0.767752 0.765594 0.001200 1 0
2 0.736505 0.736505 0.741338 3.211490 3.211490 3.149249 0.004834 1 0
2 -0.608256 -0.625709 -0.628117 5.067233 4.897783 4.894771 -0.019861 1 0
2 -0.457385 -0.474838 -0.477596 5.729131 5.637099 5.635151 -0.020211 1 0
2 -0.285157 -0.337517 -0.341326 5.076145 4.332503 4.317786 -0.056170 1 0
2 -0.195326 -0.265140 -0.257629 4.645545 4.267129 4.260058 -0.062303 1 0
2 -0.126872 -0.161779 -0.163597 2.510573 2.370494 2.369927 -0.036724 1 0
2 0.053162 0.035709 0.027481 4.134721 4.074034 4.067190 -0.025682 1 0
2 0.056785 0.056785 0.062408 3.111745 3.111745 3.108304 0.005623 1 0
2 0.145117 0.162571 0.154543 1.756108 1.753032 1.726807 0.009426 1 0
2 0.265204 0.282657 0.281925 1.933979 1.750408 1.749790 0.016721 1 0
2 0.417176 0.434629 0.429875 2.633147 2.528105 2.492452 0.012699 1 0
2 0.633870 0.633870 0.637335 4.601004 4.601004 4.585941 0.003465 1 0
2 -0.743006 -0.760459 -0.758642 5.774289 5.628770 5.626102 -0.015637 1 0
2 0.733484 0.733484 0.737125 6.645276 6.645276 6.628515 0.003640 1 0
2 -0.617977 -0.617977 -0.626743 3.037883 3.037883 2.973923 -0.008766 1 0
2 -0.507934 -0.507934 -0.513558 3.014777 3.014777 2.991530 -0.005624 1 0
2 -0.361798 -0.361798 -0.359907 1.813139 1.813139 1.811761 0.001891 1 0
2 -0.197717 -0.197717 -0.194794 1.353744 1.353744 1.352642 0.002922 1 0
2 -0.077021 -0.077021 -0.072706 2.063943 2.063943 2.062549 0.004316 1 0
2 0.107711 0.107711 0.110007 3.063943 3.063943 3.062280 0.002296 1 0
2 0.149759 0.149759 0.158107 3.894261 3.894261 3.872181 0.008348 1 0
2 0.317508 0.317508 0.320369 4.359845 4.359845 4.352975 0.002862 1 0
2 -1.082436 -1.099889 -1.096424 6.841914 6.590224 6.561619 -0.013988 1 0
2 0.436636 0.436636 0.442876 5.351456 5.351456 5.318472 0.006240 1 0
2 -0.954014 -0.971467 -0.968852 6.978313 6.774527 6.767236 -0.014839 1 0
2 0.530673 0.548126 0.543113 5.562078 5.515772 5.405391 0.012440 1 0
2 -0.803972 -0.821425 -0.821565 6.593390 6.389468 6.389415 -0.017593 1 0
2 0.665157 0.665157 0.670641 6.262744 6.262744 6.221272 0.005484 1 0
2 -0.674793 -0.692246 -0.695012 6.001434 5.802639 5.797691 -0.020220 1 0
2 -0.558856 -0.576309 -0.584247 6.348416 6.154047 6.129290 -0.025391 1 0
2 -0.370541 -0.422900 -0.424332 6.221074 5.705449 5.704658 -0.053792 1 0
2 -0.286717 -0.356530 -0.351390 5.135382 4.512644 4.505010 -0.064673 1 0
2 -0.168337 -0.255603 -0.258981 5.625671 4.621491 4.615624 -0.090644 1 0
2 -0.096995 -0.201715 -0.196951 4.184758 3.756776 3.754710 -0.099956 1 0
2 -0.055429 -0.055429 -0.058739 1.546748 1.546748 1.544739 -0.003310 1 0
2 0.081211 0.081211 0.083331 0.700703 0.700703 0.696855 0.002120 1 0
2 0.277198 0.277198 0.276602 0.936136 0.936136 0.935021 -0.000596 1 0
2 -1.028448 -1.045902 -1.050878 8.583725 8.259521 8.241352 -0.022429 1 0
2 0.406772 0.406772 0.407582 1.875768 1.875768 1.874034 0.000810 1 0
2 -0.875299 -0.910205 -0.904226 9.393792 9.020189 9.002752 -0.028927 1 0
2 0.557287 0.557287 0.556736 2.644898 2.644898 2.643569 -0.000551 1 0
2 -0.750794 -0.785701 -0.784264 10.563018 10.184952 10.183960 -0.033470 1 0
2 0.689259 0.689259 0.689594 3.358916 3.358916 3.358338 0.000335 1 0
2 -0.584740 -0.619647 -0.624701 9.237963 8.861051 8.854361 -0.039961 1 0
2 0.814462 0.814462 0.817459 4.686860 4.686860 4.642007 0.002997 1 0
2 -0.440306 -0.492666 -0.493955 8.350853 7.890723 7.890265 -0.053649 1 0
2 -0.333648 -0.403461 -0.411205 7.242350 6.375712 6.361825 -0.077556 1 0
2 -0.239064 -0.343784 -0.343228 7.434001 6.209948 6.209800 -0.104164 1 0
2 -0.177426 -0.247239 -0.250242 4.134011 3.249783 3.243883 -0.072816 1 0
2 -0.085293 -0.172560 -0.167557 2.951574 2.598785 2.592435 -0.082264 1 0
2 0.026217 0.026217 0.023513 2.842872 2.842872 2.840464 -0.002704 1 0
2 0.212087 0.194634 0.195561 2.404623 2.215241 2.214252 -0.016526 1 0
2 0.309265 0.309265 0.305427 1.317896 1.317896 1.303202 -0.003838 1 0
2 0.479428 0.479428 0.479725 1.201157 1.201157 1.200559 0.000297 1 0
2 0.583137 0.583137 0.580156 2.168781 2.168781 2.145346 -0.002981 1 0
2 -0.955553 -0.973007 -0.976914 15.652113 15.470208 15.463248 -0.021361 1 0
2 -0.629578 -0.647031 -0.652470 7.276725 7.101808 7.090548 -0.022893 1 0
2 -0.500772 -0.535679 -0.532652 5.815903 5.533330 5.529933 -0.031880 1 0
2 -0.274565 -0.361831 -0.355649 6.600341 5.761651 5.750257 -0.081084 1 0
2 -0.201996 -0.289263 -0.281082 5.129499 4.462530 4.448958 -0.079086 1 0
2 -0.146118 -0.215931 -0.209823 3.600088 3.195561 3.189048 -0.063706 1 0
2 -0.060529 -0.060529 -0.054995 3.442457 3.442457 3.440905 0.005535 1 0
2 0.041405 0.041405 0.036114 2.199399 2.199399 2.192959 -0.005291 1 0
2 0.161383 0.161383 0.165415 1.706655 1.706655 1.699207 0.004032 1 0
2 0.265441 0.265441 0.272566 1.367514 1.367514 1.314092 0.007125 1 0
2 0.371679 0.389132 0.383637 2.694268 2.608796 2.577132 0.011958 1 0
2 0.534743 0.534743 0.544342 2.551008 2.551008 2.440389 0.009599 1 0
2 -0.791892 -0.809345 -0.803566 4.807954 4.722486 4.691560 -0.011674 1 0
2 0.662156 0.662156 0.667607 3.879374 3.879374 3.843837 0.005451 1 0
2 -0.648005 -0.665458 -0.669867 4.658734 4.429157 4.417104 -0.021862 1 0
2 -0.562037 -0.562037 -0.567096 3.242250 3.242250 3.226038 -0.005058 1 0
2 -0.437086 -0.437086 -0.444216 2.879345 2.879345 2.861217 -0.007130 1 0
2 -0.335430 -0.335430 -0.340379 2.241562 2.241562 2.228728 -0.004948 1 0
2 -0.158779 -0.158779 -0.157961 3.132175 3.132175 3.132110 0.000818 1 0
2 0.032532 -0.002375 0.000064 2.609243 2.414907 2.413619 -0.032468 1 0
2 0.202607 0.202607 0.197901 3.810465 3.810465 3.801530 -0.004706 1 0
2 0.272924 0.272924 0.278130 4.688048 4.688048 4.673291 0.005206 1 0
2 0.385048 0.385048 0.388756 4.091092 4.091092 4.076345 0.003708 1 0
2 0.482189 0.499642 0.500291 5.596994 5.338665 5.337115 0.018102 1 0
2 -0.873471 -0.890924 -0.888352 6.074178 5.887758 5.880421 -0.014882 1 0
2 -0.785856 -0.803309 -0.800291 4.335349 4.181872 4.174468 -0.014435 1 0
2 -0.632896 -0.650350 -0.648344 5.195397 5.081645 5.079707 -0.015448 1 0
2 -0.531482 -0.548935 -0.552269 4.814917 4.658047 4.652933 -0.020787 1 0
2 -0.392424 -0.409878 -0.414704 4.772070 4.680195 4.675090 -0.022280 1 0
2 -0.277559 -0.329919 -0.322473 4.145779 3.896247 3.885596 -0.044914 1 0
2 -0.153917 -0.223730 -0.224713 3.473832 2.826303 2.823492 -0.070796 1 0
2 -0.108599 -0.143505 -0.151997 1.900604 1.751776 1.736026 -0.043398 1 0
2 0.007584 0.007584 0.002619 1.659424 1.659424 1.655956 -0.004965 1 0
2 0.074416 0.091869 0.090452 2.249044 2.212714 2.212393 0.016036 1 0
2 0.292606 0.292606 0.292027 0.838462 0.838462 0.837629 -0.000580 1 0
2 -0.997669 -1.015122 -1.016366 6.833122 6.603196 6.602310 -0.018697 1 0
2 0.417003 0.417003 0.421759 2.098904 2.098904 2.075988 0.004757 1 0
2 -0.877770 -0.895223 -0.901325 8.569262 8.329257 8.311212 -0.023555 1 0
2 0.548415 0.548415 0.554237 3.000777 3.000777 2.956720 0.005822 1 0
2 0.683119 0.683119 0.688992 2.977270 2.977270 2.915976 0.005873 1 0
2 -0.585531 -0.620438 -0.613239 6.908781 6.706308 6.688918 -0.027708 1 0
2 0.831442 0.831442 0.839640 4.113815 4.113815 3.978285 0.008198 1 0
2 -0.440866 -0.475772 -0.479195 5.702613 5.394960 5.391855 -0.038329 1 0
2 -0.331361 -0.383721 -0.382804 5.080790 4.647101 4.646793 -0.051443 1 0
2 -0.190304 -0.277571 -0.272819 4.892103 3.759175 3.745071 -0.082515 1 0
2 -0.167915 -0.237728 -0.234057 3.941630 3.294905 3.290330 -0.066142 1 0
2 -0.104454 -0.139360 -0.136962 3.167751 3.112178 3.111910 -0.032509 1 0
2 -0.028151 -0.028151 -0.023487 2.004279 2.004279 2.002042 0.004664 1 0
2 0.145259 0.162712 0.161062 2.091157 2.026381 2.025315 0.015803 1 0
2 0.341116 0.323663 0.330557 1.350442 1.333059 1.234122 -0.010559 1 0
2 0.460766 0.460766 0.459627 0.569990 0.569990 0.565022 -0.001139 1 0
2 0.602691 0.602691 0.605765 1.337220 1.337220 1.314522 0.003075 1 0
2 -0.776902 -0.794355 -0.795562 6.406765 6.227481 6.226671 -0.018660 1 0
2 0.703638 0.703638 0.707872 1.769206 1.769206 1.721688 0.004234 1 0
2 -0.645599 -0.663052 -0.657413 5.632471 5.580665 5.567503 -0.011814 1 0
2 -0.535622 -0.553075 -0.554250 6.213615 6.114224 6.113779 -0.018628 1 0
2 -0.367229 -0.402135 -0.397698 4.034034 3.832232 3.826820 -0.030469 1 0
2 -0.165951 -0.253218 -0.247478 4.949690 4.150297 4.136439 -0.081527 1 0
2 -0.116370 -0.186183 -0.189001 3.806293 3.249841 3.248406 -0.072632 1 0
2 -0.008610 -0.060970 -0.060526 3.859711 3.778877 3.778882 -0.051916 1 0
2 -0.002586 0.014867 0.007422 3.219495 3.216858 3.213688 0.010008 1 0
2 0.084241 0.101695 0.109251 3.648233 3.576192 3.567996 0.025010 1 0
2 0.211259 0.228713 0.221864 2.166861 2.148559 2.131119 0.010605 1 0
2 0.380977 0.398430 0.392757 1.759324 1.711760 1.677943 0.011780 1 0
2 0.650254 0.650254 0.655611 2.557041 2.557041 2.514747 0.005357 1 0
2 -0.653870 -0.671323 -0.669162 4.493168 4.355177 4.351964 -0.015292 1 0
2 -0.474337 -0.491790 -0.496079 4.018321 3.860845 3.853672 -0.021742 1 0
2 -0.445098 -0.462551 -0.456623 2.989490 2.949569 2.932040 -0.011525 1 0
2 -0.256295 -0.273748 -0.269657 2.279730 2.237624 2.232439 -0.013361 1 0
2 -0.156735 -0.174188 -0.166581 1.149677 1.144317 1.132977 -0.009846 1 0
2 -0.048325 -0.065778 -0.065009 2.093708 2.068021 2.067932 -0.016685 1 0
2 0.132770 0.115317 0.121222 3.067048 3.048633 3.039288 -0.011548 1 0
2 0.182387 0.199840 0.205399 4.162787 3.997455 3.978734 0.023012 1 0
2 0.355549 0.373002 0.377885 4.419586 4.188634 4.165585 0.022336 1 0
2 -0.994623 -1.012076 -1.011089 7.082207 6.843219 6.841731 -0.016466 1 0
2 0.539052 0.539052 0.541400 4.798771 4.798771 4.791996 0.002348 1 0
2 -0.884787 -0.902241 -0.900478 7.068999 6.866173 6.863266 -0.015691 1 0
2 -0.759097 -0.776551 -0.773861 4.757566 4.593117 4.587097 -0.014764 1 0
2 0.761774 0.761774 0.765820 7.654543 7.654543 7.638329 0.004046 1 0
2 -0.611694 -0.629147 -0.628936 5.855676 5.722002 5.721887 -0.017242 1 0
2 -0.446303 -0.481209 -0.478099 6.400019 6.165951 6.162996 -0.031797 1 0
2 -0.324931 -0.377291 -0.370720 5.700135 5.392250 5.383449 -0.045789 1 0
2 -0.173994 -0.261260 -0.259577 5.334573 4.470258 4.469508 -0.085583 1 0
2 -0.084258 -0.188978 -0.180866 4.221954 3.648603 3.640065 -0.096608 1 0
2 -0.101058 -0.083604 -0.084483 3.002779 2.988533 2.988540 0.016575 1 0
2 0.040202 0.057655 0.049115 1.932823 1.909035 1.896464 0.008913 1 0
2 0.169458 0.186911 0.180308 1.066209 1.057204 0.983572 0.010850 1 0
2 -1.067359 -1.084812 -1.086475 8.497417 8.228574 8.226356 -0.019116 1 0
2 0.348400 0.348400 0.353971 1.738649 1.738649 1.680687 0.005571 1 0
2 -0.964044 -0.981497 -0.983385 7.914379 7.644133 7.641408 -0.019341 1 0
2 0.514205 0.531658 0.523585 5.317030 5.267186 5.206784 0.009380 1 0
2 -0.766864 -0.801770 -0.795369 9.213394 8.896748 8.878178 -0.028505 1 0
2 0.619600 0.619600 0.619657 2.584910 2.584910 2.584909 0.000056 1 0
2 -0.659355 -0.694262 -0.691385 8.449957 8.086967 8.084099 -0.032030 1 0
2 0.769209 0.769209 0.772801 2.100574 2.100574 1.914699 0.003592 1 0
2 -0.521634 -0.556540 -0.559928 7.667842 7.284555 7.280803 -0.038295 1 0
2 -0.389812 -0.442172 -0.449794 7.459323 6.832062 6.818919 -0.059982 1 0
2 -0.268040 -0.355306 -0.348209 6.932099 6.109203 6.098830 -0.080169 1 0
2 -0.179902 -0.284622 -0.286009 6.470094 5.181060 5.180513 -0.106107 1 0
2 -0.065201 -0.187374 -0.192892 5.402203 4.470595 4.468880 -0.127691 1 0
2 -0.042091 -0.042091 -0.042188 3.214158 3.214158 3.214137 -0.000097 1 0
2 0.095700 0.095700 0.098556 1.994908 1.994908 1.989386 0.002856 1 0
2 0.260100 0.260100 0.264528 0.895852 0.895852 0.863142 0.004428 1 0
2 0.443954 0.443954 0.437205 1.223539 1.223539 1.194478 -0.006749 1 0
2 -0.920487 -0.937940 -0.934332 7.712568 7.564862 7.553327 -0.013845 1 0
2 0.535023 0.535023 0.534416 1.372319 1.372319 1.371235 -0.000607 1 0
2 -0.789203 -0.806656 -0.812140 8.698139 8.451780 8.435644 -0.022937 1 0
2 0.660771 0.660771 0.658592 1.952247 1.952247 1.933446 -0.002179 1 0
2 -0.670607 -0.688060 -0.693836 8.331722 8.129185 8.114534 -0.023229 1 0
2 -0.561626 -0.579080 -0.582704 6.470788 6.316851 6.312194 -0.021078 1 0
2 -0.468903 -0.486356 -0.489362 6.211730 6.106689 6.104230 -0.020459 1 0
2 -0.267596 -0.319956 -0.326879 5.100683 4.750230 4.743239 -0.059283 1 0
2 -0.189754 -0.259567 -0.253051 4.240173 3.775514 3.766234 -0.063297 1 0
2 -0.123332 -0.193146 -0.193013 3.641089 3.257642 3.257488 -0.069681 1 0
2 -0.020309 -0.037762 -0.042580 3.757811 3.707742 3.705469 -0.022271 1 0
2 0.102510 0.102510 0.108791 2.189528 2.189528 2.170267 0.006280 1 0
2 0.331499 0.331499 0.336590 5.929453 5.929453 5.910468 0.005091 1 0
2 0.434190 0.434190 0.437098 4.774096 4.774096 4.764564 0.002907 1 0
2 -0.939001 -0.956454 -0.959186 7.583710 7.256100 7.249493 -0.020185 1 0
2 0.570401 0.570401 0.573789 6.199458 6.199458 6.186277 0.003388 1 0
2 -0.811666 -0.829119 -0.831524 6.496427 6.207077 6.202508 -0.019859 1 0
2 0.632427 0.632427 0.634277 3.032042 3.032042 3.024619 0.001851 1 0
2 -0.705784 -0.723238 -0.724063 6.198417 5.976007 5.975320 -0.018279 1 0
2 0.796565 0.796565 0.800108 2.556456 2.556456 2.483268 0.003543 1 0
2 -0.580574 -0.598028 -0.601945 5.913689 5.705312 5.697731 -0.021370 1 0
2 -0.480279 -0.497732 -0.497356 4.340787 4.225025 4.224996 -0.017077 1 0
2 -0.378174 -0.395628 -0.391262 2.509098 2.295731 2.285943 -0.013088 1 0
2 -0.145181 -0.267354 -0.274864 4.510450 3.508888 3.503113 -0.129682 1 0
2 -0.031042 -0.048495 -0.040707 3.249062 3.241184 3.226995 -0.009666 1 0
2 0.131614 0.131614 0.131024 4.034352 4.034352 4.034008 -0.000590 1 0
2 0.228564 0.228564 0.231002 4.962237 4.962237 4.957270 0.002438 1 0
2 -1.151167 -1.168621 -1.169829 9.896395 9.523566 9.521879 -0.018662 1 0
2 0.363467 0.363467 0.367791 4.903445 4.903445 4.871373 0.004325 1 0
2 -1.014095 -1.031549 -1.037531 11.989117 11.608230 11.578510 -0.023435 1 0
2 -0.872674 -0.890127 -0.897126 11.081405 10.765596 10.735310 -0.024452 1 0
2 0.617995 0.617995 0.621046 7.608753 7.608753 7.583532 0.003051 1 0
2 -0.743009 -0.777916 -0.769730 10.712001 10.437150 10.403691 -0.026720 1 0
2 -0.580220 -0.632580 -0.624893 11.492894 11.036255 11.018025 -0.044673 1 0
2 -0.439372 -0.509186 -0.508430 11.100106 10.393487 10.393509 -0.069057 1 0
2 -0.338881 -0.443600 -0.443345 10.208910 8.835226 8.835071 -0.104464 1 0
2 -0.269375 -0.374095 -0.368991 7.422051 6.365258 6.359990 -0.099616 1 0
2 -0.183410 -0.270677 -0.277294 4.971160 4.481267 4.476367 -0.093884 1 0
2 -0.112082 -0.129536 -0.122193 2.010305 1.999120 1.989650 -0.010110 1 0
2 -1.215535 -1.250442 -1.247424 15.380943 14.701435 14.694733 -0.031889 1 0
2 -1.085621 -1.120527 -1.118261 15.337415 14.696467 14.694029 -0.032641 1 0
2 -0.929766 -0.964673 -0.966550 14.729361 14.106584 14.104297 -0.036783 1 0
2 -0.804708 -0.839614 -0.843090 13.484715 12.920354 12.914753 -0.038382 1 0
2 -0.663068 -0.715428 -0.713515 12.749617 12.050033 12.048715 -0.050447 1 0
2 -0.529381 -0.599194 -0.599034 12.133285 11.215278 11.215185 -0.069653 1 0
2 -0.423877 -0.511144 -0.509321 9.908828 8.689686 8.688651 -0.085444 1 0
2 -0.349582 -0.454301 -0.447671 8.423898 7.088202 7.078424 -0.098089 1 0
2 -0.252674 -0.374847 -0.370867 6.643447 5.253671 5.250567 -0.118193 1 0
2 -0.225942 -0.295755 -0.291439 3.942140 3.550919 3.548047 -0.065497 1 0
2 -0.114489 -0.131942 -0.127876 3.529082 3.505930 3.503333 -0.013387 1 0
2 -0.994493 -1.011946 -1.015740 8.820101 8.473900 8.461203 -0.021247 1 0
2 -1.082296 -1.099749 -1.102098 16.390319 16.125880 16.122265 -0.019802 1 0
2 -0.750080 -0.767534 -0.774551 7.336957 7.045469 7.015319 -0.024471 1 0
2 -0.575289 -0.610196 -0.614707 8.537394 8.114953 8.108578 -0.039418 1 0
2 -0.473561 -0.525921 -0.523111 7.644634 7.118400 7.116043 -0.049550 1 0
2 -0.348378 -0.418192 -0.417526 7.467621 6.461644 6.461268 -0.069148 1 0
2 -0.258644 -0.345910 -0.348935 6.654829 5.469475 5.464563 -0.090291 1 0
2 -0.189642 -0.259455 -0.265677 4.902418 4.619684 4.616809 -0.076034 1 0
2 -0.114966 -0.132419 -0.140520 4.561618 4.530870 4.527664 -0.025554 1 0
2 0.002861 0.002861 -0.003159 2.428665 2.428665 2.414531 -0.006020 1 0
2 0.117324 0.117324 0.111243 1.420625 1.420625 1.372569 -0.006081 1 0
2 0.254541 0.254541 0.250928 1.009341 1.009341 0.988334 -0.003613 1 0
2 0.506187 0.506187 0.507872 2.031051 2.031051 2.021806 0.001684 1 0
2 -0.816596 -0.834049 -0.835264 5.820407 5.561692 5.560052 -0.018668 1 0
2 0.653171 0.653171 0.654949 2.908266 2.908266 2.899333 0.001779 1 0
2 -0.722722 -0.740175 -0.739811 5.399588 5.196071 5.196143 -0.017089 1 0
2 -0.595088 -0.612541 -0.618237 5.819531 5.612958 5.598141 -0.023149 1 0
2 -0.496137 -0.496137 -0.501494 2.724324 2.724324 2.707986 -0.005357 1 0
2 -0.250777 -0.320590 -0.322662 4.100493 3.638047 3.637290 -0.071885 1 0
2 -0.171352 -0.223712 -0.228090 2.481045 2.007278 1.998495 -0.056738 1 0
2 -0.076995 -0.094449 -0.088525 1.204115 1.170459 1.132243 -0.011530 1 0
2 0.136081 0.136081 0.134845 2.962733 2.962733 2.961778 -0.001235 1 0
2 0.240158 0.240158 0.240926 4.060466 4.060466 4.060074 0.000769 1 0
2 -1.172777 -1.190231 -1.190098 8.301006 7.956722 7.956684 -0.017321 1 0
2 0.355974 0.355974 0.357255 4.024615 4.024615 4.021995 0.001280 1 0
2 -1.042482 -1.059935 -1.060690 8.166395 7.858549 7.857884 -0.018208 1 0
2 0.478687 0.478687 0.481254 6.577146 6.577146 6.569306 0.002567 1 0
2 -0.907642 -0.925095 -0.929344 9.216900 8.928283 8.916402 -0.021702 1 0
2 0.603061 0.603061 0.605900 6.214170 6.214170 6.201105 0.002839 1 0
2 -0.772055 -0.789509 -0.793512 7.271677 7.027081 7.017111 -0.021457 1 0
2 -0.664531 -0.681984 -0.689822 7.506958 7.274498 7.246468 -0.025291 1 0
2 -0.497784 -0.532691 -0.540431 8.104086 7.751665 7.736539 -0.042647 1 0
2 -0.379486 -0.449299 -0.440829 7.064847 6.382450 6.360707 -0.061343 1 0
2 -0.228992 -0.351165 -0.343677 7.263951 6.327819 6.318849 -0.114685 1 0
2 -0.196295 -0.248655 -0.252847 3.195077 2.817548 2.814111 -0.056552 1 0
2 -0.069618 -0.087071 -0.094240 3.044239 2.974798 2.968910 -0.024622 1 0
2 0.049953 0.032500 0.040015 2.343808 2.325096 2.301230 -0.009939 1 0
2 0.156166 0.156166 0.156025 1.805265 1.805265 1.805289 -0.000142 0 0
2 -1.072072 -1.089525 -1.096912 10.448528 10.088692 10.052092 -0.024841 1 0
2 0.363075 0.363075 0.361023 1.654496 1.654496 1.646179 -0.002052 1 0
2 -0.916418 -0.951324 -0.944727 10.190097 9.815574 9.789828 -0.028309 1 0
2 0.505553 0.505553 0.506295 2.417537 2.417537 2.416127 0.000742 1 0
2 -0.761963 -0.796870 -0.799135 10.463464 9.987369 9.985094 -0.037172 1 0
2 0.660758 0.660758 0.660990 2.477751 2.477751 2.477475 0.000233 1 0
2 -0.624699 -0.659606 -0.667490 8.769551 8.259092 8.237246 -0.042791 1 0
2 -0.486841 -0.556654 -0.548412 8.635290 7.901140 7.881501 -0.061571 1 0
2 -0.340001 -0.444721 -0.440202 8.884718 7.585158 7.580761 -0.100201 1 0
2 -0.268525 -0.373244 -0.381034 7.676136 6.356898 6.344862 -0.112510 1 0
2 -0.180154 -0.284874 -0.276287 4.683985 3.863319 3.838303 -0.096133 1 0
2 -0.082895 -0.100348 -0.103269 2.966964 2.937456 2.937226 -0.020374 1 0
2 0.130738 0.113285 0.108533 4.261500 4.069965 4.060529 -0.022205 1 0
2 0.292080 0.292080 0.284996 3.077272 3.077272 3.018332 -0.007084 1 0
2 0.430306 0.430306 0.426078 1.800663 1.800663 1.752310 -0.004228 1 0
2 -0.900895 -0.918348 -0.920674 8.246404 7.996827 7.992771 -0.019779 1 0
2 0.599251 0.599251 0.599694 1.713187 1.713187 1.712840 0.000443 1 0
2 -0.744805 -0.779712 -0.771402 7.888016 7.608947 7.572935 -0.026597 1 0
2 -0.579680 -0.614586 -0.608909 6.923316 6.669108 6.658267 -0.029229 1 0
2 -0.439463 -0.474369 -0.480284 6.360852 6.064597 6.057313 -0.040821 1 0
2 -0.301938 -0.371751 -0.365452 5.172737 4.513521 4.502011 -0.063514 1 0
2 -0.175346 -0.280066 -0.274269 6.467427 6.004439 6.001699 -0.098923 1 0
2 -0.099752 -0.099752 -0.105960 4.071624 4.071624 4.068117 -0.006208 1 0
2 0.021018 0.003565 0.005845 3.371227 3.302636 3.300550 -0.015173 1 0
2 0.139592 0.139592 0.141136 2.038314 2.038314 2.037073 0.001544 1 0
2 0.434649 0.434649 0.438527 6.173500 6.173500 6.161538 0.003878 1 0
2 -0.926454 -0.943908 -0.943519 7.044611 6.815730 6.815636 -0.017065 1 0
2 0.507700 0.507700 0.509339 1.780695 1.780695 1.775038 0.001639 1 0
2 -0.789322 -0.806776 -0.810912 7.224578 6.966962 6.956481 -0.021589 1 0
2 0.663015 0.663015 0.664396 3.583917 3.583917 3.580338 0.001382 1 0
2 -0.669729 -0.687182 -0.691866 5.578768 5.331930 5.318741 -0.022137 1 0
2 -0.521215 -0.538669 -0.542443 5.023576 4.866291 4.860221 -0.021228 1 0
2 -0.357034 -0.391941 -0.388345 3.890071 3.666733 3.663249 -0.031310 1 0
2 -0.268623 -0.268623 -0.264239 2.669488 2.669488 2.668177 0.004384 1 0
2 -0.063487 -0.080940 -0.072322 2.944403 2.943406 2.931291 -0.008835 1 0
2 0.120693 0.120693 0.118246 2.812765 2.812765 2.806778 -0.002448 1 0
2 0.311132 0.311132 0.311151 4.015071 4.015071 4.014952 0.000019 1 0
2 -1.065006 -1.082459 -1.084042 7.946441 7.624752 7.622241 -0.019036 1 0
2 0.460294 0.460294 0.463761 5.393690 5.393690 5.378460 0.003466 1 0
2 -0.896990 -0.914443 -0.919741 8.724132 8.421374 8.402164 -0.022751 1 0
2 0.585505 0.585505 0.589485 6.862112 6.862112 6.844388 0.003980 1 0
2 -0.724782 -0.759689 -0.752132 8.664103 8.387146 8.359722 -0.027350 1 0
2 -0.592682 -0.627588 -0.627972 8.541841 8.206602 8.206553 -0.035290 1 0
2 -0.425354 -0.477714 -0.479585 8.327005 7.891454 7.890760 -0.054231 1 0
2 -0.285054 -0.372321 -0.379527 7.192737 6.228051 6.218490 -0.094473 1 0
2 -0.193592 -0.280858 -0.286508 4.983981 4.183152 4.176200 -0.092916 1 0
2 -0.110605 -0.110605 -0.114630 2.691433 2.691433 2.690598 -0.004025 1 0
2 0.021877 0.004424 0.012547 2.282885 2.270953 2.251353 -0.009331 1 0
2 0.238074 0.238074 0.234252 2.410824 2.410824 2.373500 -0.003822 1 0
2 -1.014498 -1.049404 -1.042647 10.445062 10.025444 9.996311 -0.028150 1 0
2 0.636199 0.671106 0.666594 18.332293 17.384433 17.325922 0.030394 1 0
2 -0.842834 -0.877740 -0.878525 9.762605 9.236185 9.235819 -0.035691 1 0
2 0.549995 0.549995 0.550465 2.824941 2.824941 2.824206 0.000470 1 0
2 -0.692198 -0.727104 -0.732739 10.134370 9.649438 9.637785 -0.040541 1 0
2 0.731329 0.731329 0.733041 4.201588 4.201588 4.195393 0.001713 1 0
2 -0.536167 -0.588527 -0.595522 10.066972 9.384095 9.372261 -0.059355 1 0
2 -0.396039 -0.483305 -0.480330 9.520262 8.541197 8.539394 -0.084291 1 0
2 -0.265561 -0.387734 -0.386440 8.700417 7.493133 7.493096 -0.120879 1 0
2 -0.195199 -0.317372 -0.310061 5.846326 4.816617 4.808027 -0.114862 1 0
2 -0.083358 -0.100811 -0.101334 4.352375 4.334731 4.334686 -0.017976 1 0
2 0.081800 0.081800 0.073727 3.614738 3.614738 3.594485 -0.008073 1 0
2 0.263973 0.246520 0.254231 2.823638 2.799133 2.727959 -0.009742 1 0
2 0.460679 0.460679 0.454701 2.689928 2.689928 2.615423 -0.005977 1 0
2 -0.867388 -0.884841 -0.892050 8.115322 7.810426 7.779343 -0.024662 1 0
2 0.597065 0.597065 0.596414 1.699544 1.699544 1.697971 -0.000651 1 0
2 -0.719474 -0.754381 -0.746968 8.369819 8.087579 8.061889 -0.027494 1 0
2 -0.566130 -0.601036 -0.602770 9.179619 8.883782 8.883292 -0.036640 1 0
2 -0.358480 -0.428293 -0.429974 8.074326 7.448193 7.447509 -0.071494 1 0
2 -0.235757 -0.340477 -0.332372 6.550917 5.476635 5.456151 -0.096615 1 0
2 -0.140857 -0.228124 -0.236603 5.519503 5.003373 4.994268 -0.095746 1 0
2 -0.062460 -0.132273 -0.131416 4.902848 4.788097 4.787971 -0.068956 1 0
2 0.066700 0.049247 0.050444 4.151773 4.087152 4.086725 -0.016256 1 0
2 0.196994 0.196994 0.190019 2.471394 2.471394 2.428103 -0.006975 1 0
2 0.346524 0.346524 0.341030 2.051609 2.051609 1.990245 -0.005494 1 0
2 0.498823 0.498823 0.498610 1.932713 1.932713 1.932357 -0.000213 1 0
2 -0.796451 -0.831357 -0.823197 7.059469 6.721106 6.669077 -0.026746 1 0
2 0.637767 0.637767 0.638807 2.079862 2.079862 2.076338 0.001040 1 0
2 -0.679617 -0.697070 -0.701095 6.547739 6.319810 6.310329 -0.021479 1 0
2 -0.569366 -0.586820 -0.590803 5.290136 5.088446 5.079660 -0.021437 1 0
2 -0.444532 -0.479439 -0.472049 4.028575 3.778952 3.751844 -0.027517 1 0
2 -0.298977 -0.333884 -0.338484 4.331542 4.054367 4.049910 -0.039507 1 0
2 -0.035377 -0.209910 -0.210845 4.545219 3.683233 3.683052 -0.175468 1 0
2 0.016148 0.016148 0.017124 2.900164 2.900164 2.899928 0.000976 1 0
2 0.156982 0.156982 0.158858 3.689831 3.689831 3.688003 0.001876 1 0
2 0.305692 0.305692 0.308076 3.663118 3.663118 3.657491 0.002383 1 0
2 -1.098828 -1.116282 -1.113711 8.401088 8.113880 8.103660 -0.014883 1 0
2 0.417524 0.417524 0.421259 4.514805 4.514805 4.500581 0.003735 1 0
2 -0.972078 -0.989531 -0.988654 7.747768 7.456741 7.455830 -0.016577 1 0
2 0.562532 0.562532 0.569863 5.095973 5.095973 4.973956 0.007331 1 0
2 -0.824329 -0.841782 -0.842889 7.381150 7.107931 7.106906 -0.018560 1 0
2 0.687714 0.687714 0.690487 5.661884 5.661884 5.648271 0.002773 1 0
2 -0.685000 -0.702453 -0.706010 7.765112 7.548771 7.541817 -0.021010 1 0
2 -0.570515 -0.587968 -0.592644 7.436830 7.254727 7.245770 -0.022129 1 0
2 -0.417731 -0.452637 -0.454589 6.426467 6.069758 6.068077 -0.036858 1 0
2 -0.294936 -0.347296 -0.343803 5.585507 5.200433 5.197399 -0.048867 1 0
2 -0.176222 -0.263489 -0.256402 5.315949 4.401596 4.386303 -0.080180 1 0
2 -0.110477 -0.180290 -0.171472 3.382135 2.932156 2.916426 -0.060995 1 0
2 -0.007893 -0.007893 -0.008785 1.524354 1.524354 1.524223 -0.000893 1 0
2 0.118245 0.118245 0.125682 1.205544 1.205544 1.157119 0.007436 1 0
2 0.260975 0.278429 0.270985 1.839699 1.817215 1.719054 0.010010 1 0
2 -1.054978 -1.072431 -1.074560 8.009892 7.659004 7.654015 -0.019582 1 0
2 0.383950 0.383950 0.386902 2.070475 2.070475 2.050838 0.002951 1 0
2 -0.945070 -0.962523 -0.963820 8.429040 8.133230 8.131523 -0.018750 1 0
2 0.731482 0.766389 0.761182 18.826864 18.074819 18.037711 0.029700 1 0
2 -0.786000 -0.803453 -0.808867 8.911025 8.627806 8.610725 -0.022867 1 0
2 0.654021 0.654021 0.657131 3.497347 3.497347 3.469953 0.003110 1 0
2 -0.651587 -0.686493 -0.679221 8.087063 7.765641 7.735575 -0.027634 1 0
2 0.788013 0.788013 0.789393 4.177524 4.177524 4.172218 0.001381 1 0
2 -0.519421 -0.554327 -0.556826 7.786600 7.322472 7.319814 -0.037406 1 0
2 -0.419301 -0.454207 -0.458001 6.274471 5.811542 5.805826 -0.038701 1 0
2 -0.271915 -0.341728 -0.339753 7.039892 6.201492 6.200606 -0.067838 1 0
2 -0.211991 -0.281804 -0.286862 6.053845 5.106856 5.099034 -0.074871 1 0
2 -0.117121 -0.186934 -0.186675 4.256528 3.291698 3.291582 -0.069554 1 0
2 -0.022071 -0.091884 -0.093931 3.148261 2.726121 2.725007 -0.071860 1 0
2 0.054260 0.054260 0.057465 2.794900 2.794900 2.792111 0.003205 1 0
2 0.253921 0.236468 0.233612 2.195388 1.871510 1.858335 -0.020309 1 0
2 0.370709 0.370709 0.361265 1.635912 1.635912 1.489918 -0.009444 1 0
2 0.494365 0.494365 0.498558 0.910242 0.910242 0.888893 0.004193 1 0
2 -0.775323 -0.792776 -0.789193 5.520603 5.351323 5.333947 -0.013870 1 0
2 0.728544 0.728544 0.732338 2.105921 2.105921 2.042389 0.003794 1 0
2 -0.655164 -0.672618 -0.668663 7.256124 7.166510 7.156684 -0.013499 1 0
2 -0.533255 -0.550708 -0.553822 7.174033 7.023711 7.020313 -0.020568 1 0
2 -0.433042 -0.450495 -0.459346 7.360263 7.210940 7.191272 -0.026305 1 0
2 -0.301325 -0.353685 -0.345519 6.151689 5.842515 5.826539 -0.044194 1 0
2 -0.157239 -0.244505 -0.239085 5.126146 4.627778 4.624441 -0.081847 1 0
2 -0.077912 -0.165178 -0.156973 5.097102 4.798183 4.792608 -0.079061 1 0
2 0.088857 0.088857 0.097199 4.934755 4.934755 4.919513 0.008342 1 0
2 0.114158 0.114158 0.119616 2.645384 2.645384 2.631266 0.005459 1 0
2 0.276947 0.276947 0.280592 5.877898 5.877898 5.871745 0.003646 1 0
2 0.324657 0.307204 0.315137 2.017475 1.997786 1.967320 -0.009520 1 0
2 -0.889269 -0.906722 -0.903845 6.236062 6.026128 6.017900 -0.014576 1 0
2 0.569249 0.569249 0.571242 2.111332 2.111332 2.103269 0.001993 1 0
2 -0.771356 -0.788809 -0.790075 6.038144 5.766208 5.764481 -0.018720 1 0
2 0.730268 0.730268 0.733645 7.200201 7.200201 7.185013 0.003378 1 0
2 -0.616728 -0.634181 -0.642830 5.104352 4.779189 4.730938 -0.026102 1 0
2 -0.553253 -0.570706 -0.571987 4.609074 4.411681 4.410514 -0.018734 1 0
2 -0.478811 -0.496264 -0.495865 4.385553 4.259128 4.258975 -0.017054 1 0
2 -0.344530 -0.361983 -0.359438 3.340669 3.282123 3.280403 -0.014908 1 0
2 -0.197547 -0.215000 -0.219563 2.359619 2.317482 2.315610 -0.022016 1 0
2 0.039761 0.022308 0.030974 4.045461 4.042369 4.020359 -0.008787 1 0
2 -0.017642 -0.000189 -0.005026 3.151705 3.113412 3.107774 0.012616 1 0
2 0.258516 0.258516 0.255666 4.344578 4.344578 4.338756 -0.002849 1 0
2 -1.162427 -1.179880 -1.182955 9.932182 9.543692 9.534204 -0.020528 1 0
2 0.372661 0.372661 0.375677 5.363254 5.363254 5.353067 0.003017 1 0
2 -1.015799 -1.033252 -1.037687 10.198873 9.847763 9.830292 -0.021888 1 0
2 0.472369 0.472369 0.478011 6.429735 6.429735 6.387421 0.005642 1 0
2 -0.892274 -0.927180 -0.918840 10.964457 10.627975 10.583176 -0.026566 1 0
2 0.609271 0.609271 0.613678 6.838151 6.838151 6.806231 0.004407 1 0
2 -0.756150 -0.791056 -0.786213 9.955009 9.597584 9.585766 -0.030063 1 0
2 -0.611308 -0.646215 -0.651209 9.906429 9.476888 9.468587 -0.039901 1 0
2 -0.498616 -0.550975 -0.549923 9.246301 8.722198 8.722001 -0.051307 1 0
2 -0.364075 -0.451341 -0.448615 8.943447 7.970882 7.969342 -0.084540 1 0
2 -0.268241 -0.372960 -0.375089 7.838479 6.704886 6.703899 -0.106848 1 0
2 -0.220139 -0.307406 -0.315897 5.642117 4.804120 4.766803 -0.095758 1 0
2 -0.124995 -0.159901 -0.166415 3.950216 3.887864 3.886969 -0.041420 1 0
2 0.019470 0.019470 0.012309 3.202056 3.202056 3.180124 -0.007161 1 0
2 0.164900 0.164900 0.160092 2.220697 2.220697 2.180087 -0.004808 1 0
2 -1.122677 -1.157583 -1.150744 12.027341 11.569300 11.538016 -0.028067 1 0
2 -0.963665 -0.998572 -1.002277 12.541913 11.914642 11.907478 -0.038612 1 0
2 -0.809026 -0.861386 -0.853039 12.600807 12.015322 11.990431 -0.044013 1 0
2 -0.697220 -0.749580 -0.748074 11.188953 10.482770 10.482038 -0.050854 1 0
2 -0.541223 -0.611036 -0.612563 12.217266 11.419565 11.418755 -0.071341 1 0
2 -0.427403 -0.532123 -0.529947 11.807731 10.594716 10.593719 -0.102545 1 0
2 -0.339593 -0.461766 -0.461290 9.950260 8.383625 8.383562 -0.121697 1 0
2 -0.289277 -0.428903 -0.427414 9.395460 8.011499 8.011062 -0.138137 1 0
2 -0.221114 -0.360740 -0.367338 6.429593 5.293548 5.288261 -0.146224 1 0
2 -0.107085 -0.159445 -0.166789 4.772989 4.545351 4.542711 -0.059704 1 0
2 0.109586 0.074679 0.071380 6.304781 5.797367 5.791155 -0.038205 1 0
2 -0.914969 -0.932422 -0.938967 6.706467 6.351006 6.317777 -0.023998 1 0
2 -0.763624 -0.798530 -0.791407 8.942635 8.647582 8.621869 -0.027783 1 0
2 -0.556771 -0.609131 -0.606081 10.687987 10.230402 10.228387 -0.049310 1 0
2 -0.478514 -0.530874 -0.536133 8.790394 8.193009 8.186027 -0.057619 1 0
2 -0.347645 -0.434911 -0.437029 8.406355 7.395444 7.394789 -0.089384 1 0
2 -0.272435 -0.359701 -0.364742 6.623925 5.381394 5.353286 -0.092308 1 0
2 -0.180322 -0.302495 -0.308822 5.999568 5.180386 5.176127 -0.128500 1 0
2 -0.098015 -0.150375 -0.142826 3.995777 3.896498 3.895288 -0.044811 1 0
2 -0.026741 -0.044194 -0.047339 4.025065 3.956951 3.955581 -0.020598 1 0
2 0.074805 0.074805 0.067137 2.486022 2.486022 2.453492 -0.007668 1 0
2 0.233100 0.233100 0.230808 1.015644 1.015644 1.000478 -0.002292 1 0
2 -0.939840 -0.957293 -0.959870 7.677178 7.372056 7.367350 -0.020030 1 0
2 0.503971 0.503971 0.503381 1.728029 1.728029 1.724454 -0.000590 1 0
2 -0.833118 -0.850571 -0.854427 6.794196 6.491682 6.481177 -0.021309 1 0
2 0.641070 0.641070 0.641037 2.570804 2.570804 2.570771 -0.000033 1 0
2 -0.732661 -0.750114 -0.748989 6.194287 6.013388 6.012513 -0.016328 1 0
2 -0.610192 -0.627645 -0.627608 4.909603 4.739672 4.739663 -0.017417 1 0
2 -0.467106 -0.484560 -0.488832 5.154738 5.022158 5.016123 -0.021726 1 0
2 -0.388328 -0.405781 -0.408236 4.580107 4.478858 4.476994 -0.019908 1 0
2 -0.231903 -0.249356 -0.251115 2.596463 2.547448 2.547137 -0.019211 1 0
2 -0.073711 -0.108618 -0.117144 2.524623 2.316579 2.308478 -0.043433 1 0
2 0.081862 0.081862 0.078735 4.856138 4.856138 4.853399 -0.003127 1 0
2 0.227172 0.227172 0.224443 4.845420 4.845420 4.841089 -0.002729 1 0
2 0.370334 0.370334 0.368006 4.245645 4.245645 4.239967 -0.002328 1 0
2 -1.074341 -1.091794 -1.090036 7.826223 7.545114 7.541443 -0.015695 1 0
2 0.467432 0.467432 0.471850 5.621658 5.621658 5.600083 0.004418 1 0
2 -0.941957 -0.959410 -0.958220 8.235717 7.954648 7.953134 -0.016263 1 0
2 -0.818532 -0.835985 -0.835319 8.309731 8.100478 8.099921 -0.016787 1 0
2 0.677590 0.677590 0.682034 7.577722 7.577722 7.551638 0.004444 1 0
2 -0.693794 -0.711247 -0.710252 6.794319 6.615719 6.614841 -0.016458 1 0
2 0.828111 0.828111 0.832646 6.424870 6.424870 6.370897 0.004535 1 0
2 -0.574397 -0.591850 -0.592716 5.900473 5.728879 5.728479 -0.018320 1 0
2 -0.426998 -0.461904 -0.458783 6.554750 6.278748 6.275405 -0.031785 1 0
2 -0.282379 -0.352192 -0.343865 6.871114 6.348403 6.332781 -0.061486 1 0
2 -0.169681 -0.239494 -0.247123 5.040440 4.421592 4.413122 -0.077442 1 0
2 -0.096411 -0.166225 -0.162951 3.227711 2.703074 2.698125 -0.066539 1 0
2 -0.036658 -0.036658 -0.035168 0.373041 0.373041 0.372804 0.001489 1 0
2 0.186773 0.169320 0.177533 1.825806 1.819330 1.758902 -0.009241 1 0
2 0.260485 0.260485 0.261541 0.753578 0.753578 0.750548 0.001056 1 0
2 -1.069078 -1.086532 -1.087462 8.708615 8.384466 8.383386 -0.018383 1 0
2 0.385444 0.385444 0.385532 1.682732 1.682732 1.682531 0.000088 1 0
2 -0.939918 -0.957371 -0.961622 9.974911 9.650621 9.637700 -0.021705 1 0
2 0.487019 0.504472 0.501501 4.190232 4.005805 3.998861 0.014482 1 0
2 -0.768815 -0.786269 -0.791530 8.706154 8.421808 8.404309 -0.022715 1 0
2 0.662317 0.662317 0.663496 3.433959 3.433959 3.429451 0.001179 1 0
2 -0.654610 -0.672063 -0.679566 8.651186 8.390911 8.363405 -0.024956 1 0
2 0.802755 0.802755 0.805575 3.642294 3.642294 3.555886 0.002820 1 0
2 -0.556054 -0.590960 -0.582944 7.723574 7.463754 7.431679 -0.026890 1 0
2 -0.394034 -0.428940 -0.436410 7.561926 7.133753 7.116047 -0.042376 1 0
2 -0.234903 -0.304716 -0.306297 6.279175 5.272302 5.271440 -0.071395 1 0
2 -0.163421 -0.233234 -0.237835 5.328219 4.163510 4.120755 -0.074414 1 0
2 -0.093909 -0.163722 -0.167124 4.274604 3.320655 3.314722 -0.073216 1 0
2 -0.011344 -0.116064 -0.113963 3.255991 2.649907 2.647443 -0.102619 1 0
2 0.139859 0.122405 0.125094 1.826887 1.720781 1.712502 -0.014765 1 0
2 0.245248 0.245248 0.243831 2.736008 2.736008 2.735025 -0.001417 1 0
2 0.431036 0.431036 0.431739 1.590599 1.590599 1.589207 0.000702 1 0
2 0.552502 0.552502 0.552061 0.416995 0.416995 0.414127 -0.000441 1 0
2 -0.749006 -0.749006 -0.757279 3.228864 3.228864 3.109902 -0.008273 1 0
2 0.791802 0.791802 0.792038 3.457643 3.457643 3.457538 0.000236 1 0
2 -0.587108 -0.604562 -0.603638 6.397578 6.239080 6.238358 -0.016529 1 0
2 -0.405804 -0.423257 -0.430887 6.157593 5.987427 5.968735 -0.025083 1 0
2 -0.309544 -0.326997 -0.334381 4.646197 4.504137 4.489777 -0.024838 1 0
2 -0.152690 -0.205050 -0.213492 4.886749 4.545796 4.536453 -0.060801 1 0
2 -0.083918 -0.136278 -0.131029 4.253969 4.001447 3.995016 -0.047110 1 0
2 -0.026010 -0.026010 -0.020547 3.019074 3.019074 3.017220 0.005463 1 0
2 0.190916 0.190916 0.189358 3.056090 3.056090 3.054772 -0.001558 1 0
2 0.298387 0.298387 0.300755 4.792392 4.792392 4.789544 0.002368 1 0
2 0.448795 0.448795 0.450679 5.917591 5.917591 5.914575 0.001883 1 0
2 0.458866 0.458866 0.462040 1.619623 1.619623 1.604114 0.003175 1 0
2 0.584166 0.584166 0.588858 2.102361 2.102361 2.074868 0.004693 1 0
2 -0.727162 -0.744615 -0.743086 5.553695 5.334851 5.333302 -0.015925 1 0
2 0.768528 0.768528 0.772959 8.449601 8.449601 8.431162 0.004431 1 0
2 -0.613653 -0.631106 -0.627043 4.974210 4.854363 4.840056 -0.013390 1 0
2 -0.485823 -0.503277 -0.497773 3.683977 3.612202 3.592249 -0.011949 1 0
2 -0.364390 -0.381844 -0.378922 3.374436 3.292250 3.288344 -0.014531 1 0
2 -0.161996 -0.214356 -0.213527 3.477140 3.240916 3.240720 -0.051531 1 0
2 -0.123562 -0.141015 -0.135074 1.359270 1.351709 1.348213 -0.011513 1 0
2 0.038228 0.055681 0.054933 3.594051 3.542971 3.543025 0.016705 1 0
2 0.188175 0.188175 0.194829 3.372601 3.372601 3.351377 0.006654 1 0
2 0.333621 0.333621 0.336582 5.546742 5.546742 5.540197 0.002962 1 0
2 -1.086902 -1.104355 -1.103207 7.764641 7.462311 7.460337 -0.016305 1 0
2 0.470238 0.470238 0.473482 6.213764 6.213764 6.203306 0.003244 1 0
2 -0.954335 -0.971788 -0.969280 7.865820 7.629858 7.622368 -0.014946 1 0
2 -0.810282 -0.827735 -0.830985 7.690753 7.399382 7.389967 -0.020704 1 0
2 0.690217 0.690217 0.694515 7.008109 7.008109 6.984717 0.004298 1 0
2 -0.672627 -0.690080 -0.693545 6.849306 6.606443 6.597875 -0.020918 1 0
2 -0.525826 -0.560732 -0.564703 7.629498 7.136481 7.128927 -0.038877 1 0
2 -0.412776 -0.465136 -0.466213 7.094351 6.442958 6.442551 -0.053436 1 0
2 -0.267892 -0.337705 -0.333288 6.138755 5.250256 5.243326 -0.065396 1 0
2 -0.186047 -0.273313 -0.266423 5.521797 4.486494 4.468603 -0.080376 1 0
2 -0.120559 -0.172919 -0.170220 3.921148 3.741074 3.736073 -0.049661 1 0
2 -0.067211 -0.049757 -0.055301 2.678044 2.662505 2.656171 0.011909 1 0
2 0.152794 0.152794 0.146906 1.878175 1.878175 1.825004 -0.005889 1 0
2 -1.123568 -1.141021 -1.147996 11.179264 10.792701 10.757335 -0.024428 1 0
2 0.252335 0.252335 0.253514 2.545673 2.545673 2.543911 0.001179 1 0
2 -1.013245 -1.030699 -1.038587 10.267450 9.875779 9.832398 -0.025341 1 0
2 0.425643 0.425643 0.426755 2.478154 2.478154 2.475011 0.001113 1 0
2 -0.825332 -0.860239 -0.861441 10.930032 10.385822 10.385013 -0.036109 1 0
2 0.563036 0.563036 0.563725 3.680128 3.680128 3.679162 0.000689 1 0
2 -0.680605 -0.732965 -0.729285 11.526875 10.838783 10.834381 -0.048680 1 0
2 0.722698 0.722698 0.722973 2.854426 2.854426 2.854018 0.000276 1 0
2 -0.531918 -0.601731 -0.601208 12.394314 11.542766 11.542536 -0.069291 1 0
2 -0.434476 -0.521743 -0.518218 10.827663 9.731266 9.728233 -0.083742 1 0
2 -0.297009 -0.419182 -0.423022 10.667229 9.116020 9.113434 -0.126013 1 0
2 -0.242061 -0.364234 -0.361598 7.700326 6.269862 6.268182 -0.119537 1 0
2 -0.112943 -0.322382 -0.317204 6.884010 5.653563 5.651420 -0.204261 1 0
2 -0.083023 -0.117930 -0.109972 3.727115 3.668792 3.664213 -0.026949 1 0
2 0.103698 0.086245 0.092584 3.991897 3.949856 3.921682 -0.011114 1 0
2 0.320553 0.320553 0.313265 3.149343 3.149343 3.067991 -0.007288 1 0
2 0.450640 0.450640 0.442947 3.388223 3.388223 3.275566 -0.007692 1 0
2 -0.900482 -0.917935 -0.923606 9.959904 9.666996 9.646550 -0.023124 1 0
2 0.598450 0.598450 0.594248 1.813820 1.813820 1.754081 -0.004202 1 0
2 -0.766161 -0.801068 -0.792674 8.211644 7.910630 7.869994 -0.026513 1 0
2 -0.653981 -0.688888 -0.687472 8.370580 7.965937 7.965096 -0.033491 1 0
2 -0.396450 -0.483716 -0.483384 10.265450 9.278932 9.278984 -0.086934 1 0
2 -0.286642 -0.391362 -0.399216 9.476929 8.098740 8.084513 -0.112574 1 0
2 -0.210807 -0.332981 -0.324333 7.686751 6.569883 6.554317 -0.113526 1 0
2 -0.138042 -0.242762 -0.238905 6.012809 5.322717 5.318940 -0.100864 1 0
2 -0.054359 -0.071812 -0.074974 3.892299 3.840747 3.839754 -0.020614 1 0
2 0.060867 0.043414 0.047544 4.237533 4.189903 4.184681 -0.013322 1 0
2 0.201419 0.201419 0.195598 2.711726 2.711726 2.677116 -0.005821 1 0
2 0.323987 0.323987 0.320525 1.283889 1.283889 1.252055 -0.003462 1 0
2 0.463346 0.463346 0.464304 1.012303 1.012303 1.007941 0.000958 1 0
2 -0.858416 -0.875870 -0.878088 7.057722 6.764193 6.759334 -0.019672 1 0
2 0.613071 0.613071 0.613317 1.829119 1.829119 1.828595 0.000246 1 0
2 -0.736528 -0.753982 -0.757948 7.717911 7.473547 7.464379 -0.021420 1 0
2 -0.608241 -0.625695 -0.625311 4.592624 4.417574 4.417424 -0.017070 1 0
2 -0.512427 -0.529881 -0.530289 4.993834 4.855158 4.854983 -0.017861 1 0
2 -0.396486 -0.396486 -0.404515 3.529930 3.529930 3.513541 -0.008028 1 0
2 -0.202050 -0.254410 -0.248269 2.541000 2.327838 2.322725 -0.046218 1 0
2 -0.050915 -0.207995 -0.204900 3.701018 3.232225 3.231631 -0.153985 1 0
2 0.098874 0.098874 0.093766 4.045653 4.045653 4.036016 -0.005108 1 0
2 0.227937 0.227937 0.224843 3.854945 3.854945 3.847692 -0.003094 1 0
2 0.354361 0.354361 0.354916 3.798162 3.798162 3.797811 0.000555 1 0
2 -1.081726 -1.099180 -1.096434 8.757285 8.496476 8.487003 -0.014707 1 0
2 0.454282 0.454282 0.457640 5.694531 5.694531 5.681772 0.003358 1 0
2 -0.945867 -0.963320 -0.962491 7.469383 7.180140 7.179303 -0.016623 1 0
2 -0.820989 -0.838442 -0.837862 7.976895 7.749888 7.749504 -0.016873 1 0
2 0.681430 0.681430 0.686770 6.886866 6.886866 6.844238 0.005340 1 0
2 -0.693035 -0.710488 -0.709885 7.088576 6.912098 6.911780 -0.016850 1 0
2 0.820750 0.820750 0.825112 7.699154 7.699154 7.672643 0.004362 1 0
2 -0.576092 -0.593545 -0.595853 6.395924 6.204375 6.201401 -0.019761 1 0
2 -0.428810 -0.463716 -0.466131 7.154729 6.817529 6.816137 -0.037322 1 0
2 -0.283312 -0.335672 -0.341205 6.099384 5.487413 5.478789 -0.057893 1 0
2 -0.169839 -0.257106 -0.252322 5.041739 4.436923 4.433470 -0.082483 1 0
2 -0.086186 -0.155999 -0.160938 3.073380 2.609490 2.605578 -0.074752 1 0
2 -0.003614 -0.038520 -0.029589 2.141637 2.080559 2.075390 -0.025975 1 0
2 0.096889 0.096889 0.098330 0.972466 0.972466 0.970506 0.001441 1 0
2 0.241642 0.241642 0.248598 1.815619 1.815619 1.732728 0.006955 1 0
2 -1.033490 -1.050943 -1.056127 10.658028 10.293330 10.272460 -0.022637 1 0
2 0.416057 0.416057 0.418420 1.229681 1.229681 1.211328 0.002362 1 0
2 0.749312 0.766765 0.771973 17.493203 16.847396 16.777975 0.022661 1 0
2 -0.779201 -0.796654 -0.802624 8.772112 8.462638 8.437800 -0.023423 1 0
2 0.674761 0.674761 0.675392 3.601329 3.601329 3.600069 0.000631 1 0
2 -0.653397 -0.688304 -0.681001 8.219244 7.878295 7.850480 -0.027604 1 0
2 0.795176 0.795176 0.798033 3.655985 3.655985 3.551825 0.002857 1 0
2 -0.517171 -0.552078 -0.549896 7.588522 7.207324 7.205025 -0.032725 1 0
2 -0.388073 -0.422979 -0.429863 7.079877 6.646053 6.630853 -0.041790 1 0
2 -0.289813 -0.342172 -0.345072 6.524283 5.873155 5.871284 -0.055260 1 0
2 -0.147915 -0.235181 -0.228682 5.604092 4.921412 4.914321 -0.080768 1 0
2 -0.127809 -0.180169 -0.176806 3.429129 2.932648 2.929187 -0.048997 1 0
2 -0.002356 -0.054716 -0.049817 3.642985 3.528716 3.527425 -0.047461 1 0
2 0.108812 0.108812 0.114912 1.953694 1.953694 1.934854 0.006100 1 0
2 0.234546 0.234546 0.233196 2.019599 2.019599 2.017445 -0.001350 1 0
2 0.389204 0.389204 0.393532 2.042909 2.042909 2.002656 0.004328 1 0
2 0.504867 0.504867 0.510644 2.267851 2.267851 2.225650 0.005777 1 0
2 -0.705769 -0.723222 -0.716097 5.414418 5.360913 5.303174 -0.010328 1 0
2 0.801401 0.801401 0.809711 2.779721 2.779721 2.657269 0.008310 1 0
2 -0.561761 -0.561761 -0.568124 2.256955 2.256955 2.187872 -0.006363 1 0
2 -0.400002 -0.400002 -0.407953 3.991090 3.991090 3.947353 -0.007951 1 0
2 -0.282351 -0.299804 -0.308168 3.223129 3.020648 2.990164 -0.025817 1 0
2 -0.120889 -0.173249 -0.176972 4.623722 4.008626 4.004175 -0.056082 1 0
2 -0.118718 -0.101264 -0.099678 2.910720 2.884751 2.884398 0.019039 1 0
2 0.017495 -0.034865 -0.041997 3.743741 3.584229 3.581168 -0.059493 1 0
2 0.092851 0.110304 0.106709 2.851945 2.814925 2.812284 0.013859 1 0
2 0.186107 0.221014 0.213869 2.515156 2.101001 1.918314 0.027761 1 0
2 0.335687 0.353140 0.350809 2.858062 2.678055 2.672538 0.015122 1 0
2 0.525170 0.525170 0.528792 5.708727 5.708727 5.698742 0.003622 1 0
2 0.637885 0.637885 0.641683 6.310724 6.310724 6.296835 0.003798 1 0
2 -0.731507 -0.748960 -0.748620 5.410881 5.151165 5.150978 -0.017113 1 0
2 0.777728 0.777728 0.780881 6.699202 6.699202 6.686597 0.003153 1 0
2 -0.643805 -0.661259 -0.654922 4.142505 4.061893 4.012298 -0.011117 1 0
2 -0.499299 -0.516753 -0.510660 3.275758 3.202643 3.170814 -0.011360 1 0
2 -0.391652 -0.391652 -0.400737 2.190719 2.190719 2.128825 -0.009085 1 0
2 -0.240282 -0.240282 -0.239411 2.043349 2.043349 2.042982 0.000871 1 0
2 -0.096591 -0.131498 -0.129986 2.298646 2.160559 2.160159 -0.033395 1 0
2 0.092078 0.092078 0.087396 3.690061 3.690061 3.685466 -0.004683 1 0
2 0.210552 0.210552 0.209322 3.761398 3.761398 3.760617 -0.001230 1 0
2 0.318647 0.318647 0.321853 4.941837 4.941837 4.935031 0.003206 1 0
2 0.431364 0.431364 0.435271 5.627931 5.627931 5.613616 0.003907 1 0
2 -0.977711 -0.995165 -0.991188 7.085749 6.851532 6.826881 -0.013476 1 0
2 0.539181 0.539181 0.546889 5.702902 5.702902 5.623093 0.007709 1 0
2 -0.837803 -0.855256 -0.854760 7.153548 6.900780 6.900359 -0.016957 1 0
2 0.676226 0.676226 0.681906 7.600961 7.600961 7.559803 0.005680 1 0
2 0.841319 0.841319 0.847281 5.369971 5.369971 5.285641 0.005962 1 0
2 -0.565794 -0.583247 -0.591260 7.399244 7.162399 7.132732 -0.025467 1 0
2 -0.419269 -0.471629 -0.466599 6.798713 6.230906 6.219255 -0.047330 1 0
2 -0.283683 -0.353496 -0.345423 5.636671 4.513483 4.399946 -0.061740 1 0
2 -0.175473 -0.262739 -0.261710 6.081418 5.332184 5.331924 -0.086237 1 0
2 -0.097646 -0.150006 -0.157189 5.198260 5.043137 5.039577 -0.059543 1 0
2 -0.076967 -0.059514 -0.063041 3.374266 3.357050 3.356028 0.013926 1 0
2 0.081624 0.081624 0.088779 1.847272 1.847272 1.764038 0.007154 1 0
2 0.228741 0.228741 0.228367 1.686349 1.686349 1.677355 -0.000374 1 0
2 -1.049539 -1.066992 -1.075237 10.682684 10.269948 10.217316 -0.025698 1 0
2 0.384200 0.384200 0.382803 1.722869 1.722869 1.704503 -0.001397 1 0
2 -0.943637 -0.961090 -0.968485 10.324563 9.946270 9.906512 -0.024848 1 0
2 0.528119 0.528119 0.529461 3.212196 3.212196 3.208465 0.001342 1 0
2 -0.763976 -0.798882 -0.799556 10.202284 9.666956 9.666657 -0.035580 1 0
2 0.669469 0.669469 0.670927 3.384641 3.384641 3.377510 0.001458 1 0
2 -0.620522 -0.672882 -0.666727 9.946586 9.318571 9.303919 -0.046205 1 0
2 0.808998 0.808998 0.811063 3.814351 3.814351 3.797813 0.002065 1 0
2 -0.590993 -0.625900 -0.622895 9.973637 9.611533 9.607434 -0.031902 1 0
2 -0.462702 -0.497609 -0.506406 9.538646 9.141950 9.122120 -0.043704 1 0
2 -0.268367 -0.390540 -0.385587 9.157648 7.465120 7.457728 -0.117219 1 0
2 -0.207904 -0.312624 -0.318979 7.198532 5.820207 5.805625 -0.111076 1 0
2 -0.132136 -0.219402 -0.224606 4.626084 3.969129 3.956203 -0.092471 1 0
2 0.060307 0.025401 0.031836 4.884911 4.653984 4.641395 -0.028471 1 0
2 0.193451 0.175998 0.168483 5.953253 5.716242 5.691085 -0.024968 1 0
2 0.327475 0.310022 0.316956 3.404920 3.345007 3.273328 -0.010519 1 0
2 0.455789 0.455789 0.449191 2.950761 2.950761 2.858058 -0.006598 1 0
2 -0.923320 -0.940773 -0.945907 10.596733 10.304626 10.288177 -0.022587 1 0
2 0.592870 0.592870 0.587892 2.313937 2.313937 2.255279 -0.004978 1 0
2 -0.786005 -0.803459 -0.810413 8.558047 8.270169 8.243253 -0.024407 1 0
2 -0.666023 -0.683476 -0.691621 7.718115 7.471091 7.440409 -0.025598 1 0
2 -0.545091 -0.579998 -0.575667 6.819870 6.538912 6.531046 -0.030576 1 0
2 -0.320868 -0.408134 -0.406615 7.869308 6.422630 6.417887 -0.085747 1 0
2 -0.251567 -0.338834 -0.332211 6.374166 5.159786 5.121424 -0.080644 1 0
2 -0.168821 -0.256088 -0.257475 5.495842 4.881292 4.880898 -0.088653 1 0
2 -0.096959 -0.149319 -0.154848 3.884833 3.739343 3.737845 -0.057889 1 0
2 0.093607 0.093607 0.092319 3.666717 3.666717 3.665818 -0.001288 1 0
2 0.136977 0.136977 0.128637 2.678283 2.678283 2.625794 -0.008340 1 0
2 0.280686 0.280686 0.276905 1.520286 1.520286 1.489130 -0.003780 1 0
2 0.421415 0.421415 0.419439 1.189020 1.189020 1.177983 -0.001976 1 0
2 0.553849 0.553849 0.554591 1.527790 1.527790 1.525431 0.000742 1 0
2 -0.768829 -0.786282 -0.792831 6.036842 5.698185 5.665155 -0.024003 1 0
2 0.669774 0.669774 0.671372 4.024634 4.024634 4.019786 0.001598 1 0
2 -0.660750 -0.678203 -0.686098 6.266903 5.973442 5.937949 -0.025348 1 0
2 -0.519963 -0.554869 -0.556859 5.455716 4.953595 4.951769 -0.036896 1 0
2 -0.448208 -0.465661 -0.466675 3.989515 3.879264 3.878730 -0.018467 1 0
2 -0.253873 -0.341140 -0.340247 5.221240 4.567324 4.567184 -0.086374 1 0
2 -0.183314 -0.235674 -0.234536 2.387507 2.007977 2.007466 -0.051222 1 0
2 0.003607 -0.013847 -0.007185 3.209486 3.190811 3.177676 -0.010792 1 0
2 0.155151 0.155151 0.155372 4.769202 4.769202 4.769185 0.000221 1 0
2 0.296790 0.296790 0.294021 4.805475 4.805475 4.798783 -0.002769 1 0
2 0.416956 0.416956 0.419156 5.453628 5.453628 5.447628 0.002201 1 0
2 0.648651 0.648651 0.651467 5.733771 5.733771 5.719846 0.002816 1 0
2 -1.157365 -1.174819 -1.181286 9.725889 9.297722 9.261308 -0.023921 1 0
2 -0.986725 -1.021631 -1.016969 11.677576 11.194850 11.180874 -0.030245 1 0
2 -0.768997 -0.803903 -0.804295 7.149302 6.560205 6.560064 -0.035299 1 0
2 -1.141867 -1.159320 -1.158846 8.535987 8.200271 8.199969 -0.016979 1 0
2 -1.021265 -1.038718 -1.039491 8.978613 8.655415 8.654880 -0.018226 1 0
2 -0.894772 -0.912226 -0.915864 9.714738 9.423025 9.414214 -0.021092 1 0
2 -1.104685 -1.139592 -1.133013 11.019664 10.522831 10.489066 -0.028328 1 0
2 -0.964835 -0.999742 -0.992251 10.955028 10.550919 10.516316 -0.027416 1 0
2 -0.674408 -0.726768 -0.719860 11.034258 10.446963 10.429205 -0.045452 1 0
2 -0.563991 -0.616351 -0.615614 9.948660 9.294277 9.294065 -0.051622 1 0
2 -0.402565 -0.489832 -0.487981 10.482665 9.467719 9.467087 -0.085416 1 0
2 -0.355565 -0.442831 -0.440515 8.248560 7.178465 7.176397 -0.084951 1 0
2 -0.224686 -0.346859 -0.346695 7.711333 6.257989 6.258016 -0.122009 1 0
2 -0.138697 -0.295776 -0.293526 6.731155 5.591339 5.590715 -0.154829 1 0
2 -0.071700 -0.211326 -0.220690 4.757596 4.429838 4.426532 -0.148990 1 0
2 0.048643 0.031189 0.036227 3.606787 3.517440 3.502751 -0.012415 1 0
2 0.200846 0.200846 0.196087 2.993819 2.993819 2.944637 -0.004759 1 0
2 0.384956 0.367503 0.374438 2.710693 2.684106 2.507645 -0.010518 1 0
2 -0.962052 -0.979505 -0.985105 8.214474 7.864650 7.838718 -0.023053 1 0
2 0.533327 0.533327 0.527243 1.487257 1.487257 1.346656 -0.006083 1 0
2 0.631014 0.631014 0.631745 2.716784 2.716784 2.714777 0.000731 1 0
2 -0.721347 -0.738800 -0.746317 8.541220 8.287328 8.259868 -0.024970 1 0
2 -0.583447 -0.618354 -0.618339 8.880464 8.535075 8.535142 -0.034892 1 0
2 -0.402947 -0.472760 -0.465078 7.903227 7.253770 7.236735 -0.062131 1 0
2 -0.303205 -0.373018 -0.374692 6.515144 5.370225 5.368159 -0.071487 1 0
2 -0.197902 -0.302622 -0.305358 5.981498 5.173514 5.172529 -0.107456 1 0
2 -0.154388 -0.241655 -0.246057 5.401162 4.937665 4.934395 -0.091668 1 0
2 -0.069612 -0.087066 -0.089798 3.800672 3.756571 3.755513 -0.020186 1 0
2 0.056395 0.038941 0.042215 2.593499 2.508936 2.504927 -0.014180 1 0
2 0.198269 0.198269 0.191712 2.780416 2.780416 2.739340 -0.006558 1 0
2 0.324139 0.324139 0.318933 2.120324 2.120324 2.066050 -0.005207 1 0
2 -0.970882 -0.988335 -0.991365 8.148598 7.822356 7.814780 -0.020483 1 0
2 0.461151 0.461151 0.461383 1.544300 1.544300 1.542882 0.000232 1 0
2 -0.855275 -0.872728 -0.879660 6.812213 6.449018 6.409196 -0.024384 1 0
2 0.597243 0.597243 0.597581 2.397868 2.397868 2.397230 0.000338 1 0
2 -0.752470 -0.769923 -0.771711 6.086839 5.834294 5.831746 -0.019242 1 0
2 -0.644528 -0.661982 -0.660566 5.838931 5.695460 5.694093 -0.016037 1 0
2 -0.506384 -0.541291 -0.533906 5.045336 4.789930 4.765991 -0.027522 1 0
2 -0.348092 -0.400452 -0.401150 5.655950 5.225942 5.225914 -0.053058 1 0
2 -0.219665 -0.272025 -0.276774 3.523916 3.129053 3.125762 -0.057109 1 0
2 -0.136100 -0.171007 -0.164527 2.367929 2.279975 2.275130 -0.028427 1 0
2 0.075135 0.075135 0.069816 3.379889 3.379889 3.365840 -0.005320 1 0
2 0.209326 0.209326 0.213314 4.792439 4.792439 4.782145 0.003987 1 0
2 0.312782 0.312782 0.313404 3.465414 3.465414 3.464713 0.000622 1 0
2 -1.080995 -1.098448 -1.098272 8.999139 8.688914 8.688800 -0.017277 1 0
2 0.434038 0.434038 0.437348 4.974994 4.974994 4.954559 0.003310 1 0
2 -0.947360 -0.964814 -0.968528 9.777232 9.448625 9.437036 -0.021168 1 0
2 0.566118 0.566118 0.568742 6.495830 6.495830 6.487012 0.002624 1 0
2 0.678637 0.678637 0.683261 8.241674 8.241674 8.214840 0.004624 1 0
2 -0.693065 -0.727971 -0.720871 8.507165 8.208244 8.179628 -0.027806 1 0
2 -0.542104 -0.594464 -0.587394 9.263349 8.796031 8.778917 -0.045290 1 0
2 -0.415115 -0.484929 -0.478229 8.539230 7.902639 7.890275 -0.063114 1 0
2 -0.272758 -0.377478 -0.374801 7.948689 6.856194 6.854852 -0.102043 1 0
2 -0.209597 -0.314317 -0.315859 5.925022 5.119689 5.119420 -0.106262 1 0
2 -0.115928 -0.203194 -0.211225 3.814844 3.507084 3.504320 -0.095297 1 0
2 -0.017425 -0.034879 -0.038719 4.011073 3.941584 3.939624 -0.021294 1 0
2 0.094045 0.094045 0.088713 1.594144 1.594144 1.557275 -0.005332 1 0
2 -1.166199 -1.183652 -1.190548 10.733927 10.314418 10.275031 -0.024349 1 0
2 0.264326 0.264326 0.262717 1.516825 1.516825 1.482687 -0.001609 1 0
2 -1.047011 -1.081917 -1.073547 10.693372 10.278467 10.226100 -0.026536 1 0
2 -0.882898 -0.917805 -0.913690 10.849222 10.396805 10.386995 -0.030792 1 0
2 0.520309 0.520309 0.521146 3.480557 3.480557 3.478903 0.000837 1 0
2 -0.749718 -0.784625 -0.789072 10.548567 9.982012 9.972433 -0.039354 1 0
2 0.670061 0.670061 0.671639 3.375074 3.375074 3.365767 0.001578 1 0
2 -0.630415 -0.682775 -0.678732 10.198235 9.532326 9.525943 -0.048317 1 0
2 -0.458237 -0.528050 -0.535689 10.164947 9.082041 9.067483 -0.077452 1 0
2 -0.383663 -0.470930 -0.469549 9.458318 8.397896 8.397356 -0.085886 1 0
2 -0.276203 -0.398376 -0.398593 9.511852 8.023066 8.022947 -0.122391 1 0
2 -0.215596 -0.320316 -0.327736 6.643023 5.431462 5.419823 -0.112140 1 0
2 -0.147221 -0.251941 -0.257733 4.594425 3.871606 3.857450 -0.110512 1 0
2 -0.041499 -0.041499 -0.045393 3.569512 3.569512 3.564959 -0.003894 1 0
2 0.095989 0.095989 0.095083 2.667465 2.667465 2.665686 -0.000905 1 0
2 0.252070 0.252070 0.257125 3.823211 3.823211 3.796728 0.005056 1 0
2 0.453387 0.453387 0.446115 2.526454 2.526454 2.415008 -0.007272 1 0
2 -0.890340 -0.907793 -0.913835 8.529078 8.205020 8.177681 -0.023496 1 0
2 0.581463 0.581463 0.580642 1.670754 1.670754 1.668412 -0.000821 1 0
2 -0.784935 -0.802388 -0.809898 8.426170 8.136096 8.105089 -0.024963 1 0
2 0.699450 0.699450 0.698332 2.818585 2.818585 2.815162 -0.001118 1 0
2 -0.672257 -0.689710 -0.693024 7.392116 7.201681 7.196289 -0.020767 1 0
2 -0.549398 -0.584305 -0.577927 8.361282 8.166097 8.153969 -0.028528 1 0
2 -0.359322 -0.446588 -0.441107 7.650457 6.389130 6.355914 -0.081785 1 0
2 -0.264017 -0.368737 -0.364332 8.095663 6.903195 6.898793 -0.100315 1 0
2 -0.159519 -0.246785 -0.239611 6.195739 5.556018 5.552401 -0.080092 1 0
2 -0.026854 -0.079214 -0.084583 5.213545 4.855454 4.848326 -0.057729 1 0
2 -0.030999 -0.048453 -0.049854 2.419462 2.345526 2.345082 -0.018855 1 0
2 0.112486 0.095033 0.100712 2.704979 2.642586 2.623217 -0.011773 1 0
2 0.242950 0.242950 0.236774 2.030871 2.030871 1.970027 -0.006176 1 0
2 0.518082 0.518082 0.517873 1.159548 1.159548 1.159399 -0.000209 1 0
2 -0.786635 -0.804088 -0.810803 7.372259 7.058586 7.031259 -0.024168 1 0
2 0.651568 0.651568 0.652901 3.756799 3.756799 3.752754 0.001333 1 0
2 -0.713334 -0.730788 -0.731912 6.104874 5.888066 5.887313 -0.018577 1 0
2 -0.588758 -0.623665 -0.615775 6.004013 5.732267 5.698941 -0.027017 1 0
2 -0.489902 -0.507355 -0.505139 3.625958 3.529529 3.526782 -0.015237 1 0
2 -0.279244 -0.366510 -0.363005 6.072813 5.424994 5.423728 -0.083762 1 0
2 -0.166603 -0.236417 -0.242533 2.463624 1.962855 1.940072 -0.075929 1 0
2 -0.034389 -0.051842 -0.049903 3.565306 3.519175 3.518484 -0.015514 1 0
2 0.128494 0.128494 0.120426 3.296242 3.296242 3.262095 -0.008068 1 0
2 0.249042 0.249042 0.248969 4.459037 4.459037 4.459002 -0.000073 1 0
2 -1.161977 -1.179430 -1.179795 8.584408 8.228333 8.228097 -0.017819 1 0
2 0.366056 0.366056 0.369584 4.030741 4.030741 4.007603 0.003528 1 0
2 -1.038948 -1.056401 -1.057170 8.870377 8.528888 8.528091 -0.018223 1 0
2 0.483388 0.483388 0.486506 6.331236 6.331236 6.317978 0.003117 1 0
2 -0.898880 -0.916333 -0.920827 9.325998 9.023849 9.010756 -0.021947 1 0
2 0.597055 0.597055 0.599871 7.209926 7.209926 7.199395 0.002816 1 0
2 -0.773008 -0.790462 -0.798928 9.231678 8.942231 8.904908 -0.025920 1 0
2 -0.654887 -0.689794 -0.685426 8.010405 7.655551 7.645275 -0.030538 1 0
2 -0.511179 -0.546086 -0.548493 8.677913 8.376079 8.374684 -0.037314 1 0
2 -0.375799 -0.445612 -0.437156 7.628977 7.098630 7.084421 -0.061357 1 0
2 -0.262089 -0.366809 -0.358734 6.984928 6.052320 6.039709 -0.096645 1 0
2 -0.139216 -0.278842 -0.281199 5.985942 5.205812 5.205542 -0.141984 1 0
2 -0.103498 -0.190764 -0.194799 3.846488 3.607563 3.607106 -0.091301 1 0
2 0.012029 -0.005424 0.003006 2.217287 2.214461 2.187830 -0.009023 1 0
2 0.142729 0.142729 0.139137 1.584909 1.584909 1.567675 -0.003592 1 0
2 -1.125349 -1.160256 -1.153395 11.133162 10.637867 10.602703 -0.028046 1 0
2 0.312215 0.312215 0.309508 1.741260 1.741260 1.723612 -0.002708 1 0
2 -0.959183 -0.994090 -0.990170 10.623555 10.120052 10.110839 -0.030986 1 0
2 0.456352 0.456352 0.455995 1.791573 1.791573 1.791173 -0.000358 1 0
2 -0.848501 -0.883408 -0.880972 11.081404 10.609785 10.606240 -0.032470 1 0
2 0.586900 0.586900 0.588257 2.730073 2.730073 2.723774 0.001357 1 0
2 -0.718010 -0.752917 -0.756193 10.508841 9.993791 9.989169 -0.038183 1 0
2 0.719870 0.719870 0.720841 3.435519 3.435519 3.432169 0.000970 1 0
2 -0.570914 -0.623274 -0.627707 10.965402 10.236156 10.230516 -0.056792 1 0
2 -0.424352 -0.511619 -0.503510 10.321205 9.379452 9.365155 -0.079158 1 0
2 -0.334269 -0.438989 -0.438912 9.752527 8.419619 8.419559 -0.104643 1 0
2 -0.262247 -0.384421 -0.382071 8.501970 7.092081 7.090788 -0.119824 1 0
2 -0.178594 -0.300767 -0.306147 6.700498 5.468245 5.460811 -0.127553 1 0
2 -0.089452 -0.229079 -0.223959 4.678263 4.211815 4.208842 -0.134506 1 0
2 0.020801 0.003347 0.010237 3.610753 3.580107 3.559153 -0.010564 1 0
2 0.223869 0.206415 0.210064 4.568587 4.443440 4.432760 -0.013804 1 0
2 0.364591 0.364591 0.357292 3.257640 3.257640 3.172237 -0.007300 1 0
2 -0.984697 -1.002150 -1.003632 8.036115 7.741564 7.739681 -0.018935 1 0
2 -0.866198 -0.883651 -0.891640 8.657455 8.320414 8.280093 -0.025442 1 0
2 0.626342 0.626342 0.621009 1.439350 1.439350 1.351291 -0.005334 1 0
2 -0.747641 -0.765094 -0.770746 8.360598 8.110817 8.093496 -0.023105 1 0
2 -0.614134 -0.649041 -0.645684 8.599004 8.293136 8.288003 -0.031550 1 0
2 -0.399970 -0.469783 -0.471073 9.133539 8.314942 8.314505 -0.071103 1 0
2 -0.284783 -0.372050 -0.369945 7.744861 6.345976 6.342081 -0.085162 1 0
2 -0.225351 -0.330071 -0.322416 6.246851 5.101594 5.082999 -0.097065 1 0
2 -0.130681 -0.235401 -0.233374 6.161512 5.514306 5.513614 -0.102693 1 0
2 -0.092523 -0.109976 -0.102608 4.065149 4.060735 4.055112 -0.010085 1 0
2 0.027663 0.010210 0.008667 2.538061 2.429494 2.428412 -0.018996 1 0
2 0.170832 0.170832 0.163156 2.736842 2.736842 2.687921 -0.007677 1 0
2 0.312656 0.312656 0.313765 1.743447 1.743447 1.740879 0.001109 1 0
2 -1.007788 -1.025241 -1.028516 7.558429 7.197236 7.186214 -0.020728 1 0
2 0.432274 0.432274 0.433682 2.041756 2.041756 2.037133 0.001408 1 0
2 -0.882924 -0.900377 -0.905421 6.788458 6.440790 6.420317 -0.022498 1 0
2 0.577011 0.577011 0.578270 2.622205 2.622205 2.617895 0.001260 1 0
2 -0.767616 -0.785069 -0.785542 5.805332 5.569488 5.569389 -0.017926 1 0
2 -0.627867 -0.645320 -0.652087 7.356794 7.140748 7.121782 -0.024220 1 0
2 -0.527967 -0.545421 -0.550358 4.770576 4.577938 4.566929 -0.022391 1 0
2 -0.410022 -0.444929 -0.439518 4.964873 4.773139 4.765287 -0.029495 1 0
2 -0.316328 -0.351235 -0.344930 3.089096 2.867503 2.845618 -0.028602 1 0
2 -0.097335 -0.132241 -0.135374 2.752611 2.580762 2.579471 -0.038039 1 0
2 0.061187 0.043733 0.049351 3.438996 3.404143 3.392921 -0.011836 1 0
2 0.207573 0.207573 0.201906 4.156292 4.156292 4.134909 -0.005666 1 0
2 0.296329 0.296329 0.299075 4.261548 4.261548 4.252083 0.002746 1 0
2 -1.108298 -1.125751 -1.124682 8.366206 8.054220 8.053067 -0.016384 1 0
2 0.416899 0.416899 0.421163 4.490212 4.490212 4.455687 0.004264 1 0
2 -0.964196 -0.981649 -0.985326 9.867508 9.547269 9.537170 -0.021130 1 0
2 0.541399 0.541399 0.544440 6.234346 6.234346 6.219244 0.003041 1 0
2 -0.891342 -0.908796 -0.908223 5.973427 5.706872 5.706687 -0.016881 1 0
2 0.656700 0.656700 0.659354 6.218889 6.218889 6.204164 0.002655 1 0
2 -0.712493 -0.729946 -0.737684 8.409385 8.142872 8.111219 -0.025191 1 0
2 -0.563600 -0.598506 -0.603136 8.928849 8.525652 8.519198 -0.039536 1 0
2 -0.446837 -0.499196 -0.500866 8.421709 7.882425 7.881703 -0.054029 1 0
2 -0.308746 -0.396012 -0.402183 8.322821 7.108942 7.098292 -0.093437 1 0
2 -0.204161 -0.326335 -0.327037 7.174572 6.125300 6.125160 -0.122875 1 0
2 -0.158634 -0.263354 -0.260752 4.875038 4.223710 4.222868 -0.102117 1 0
2 -0.078589 -0.078589 -0.082297 2.508216 2.508216 2.503675 -0.003708 1 0
2 0.061546 0.061546 0.053440 1.449119 1.449119 1.402351 -0.008107 1 0
2 0.239201 0.239201 0.234675 1.658325 1.658325 1.618072 -0.004526 1 0
2 -1.076934 -1.094388 -1.100216 9.521859 9.123407 9.093700 -0.023282 1 0
2 0.368094 0.368094 0.368199 2.641526 2.641526 2.641505 0.000105 1 0
2 -0.903679 -0.938585 -0.935132 10.723762 10.232173 10.225714 -0.031453 1 0
2 0.512201 0.512201 0.513657 2.737556 2.737556 2.731468 0.001455 1 0
2 -0.769197 -0.804103 -0.804459 10.159819 9.662143 9.662048 -0.035262 1 0
2 0.648650 0.648650 0.649620 3.447112 3.447112 3.444036 0.000969 1 0
2 -0.660134 -0.712494 -0.704485 10.754557 10.192040 10.167830 -0.044351 1 0
2 0.783969 0.783969 0.785056 4.344586 4.344586 4.341288 0.001087 1 0
2 -0.530434 -0.582794 -0.585280 10.273238 9.632524 9.630628 -0.054846 1 0
