frame_index,seq,send_time_ms,rtt_ms,status,warmup
0,0,0.018,0.231,OK,1
1,1,10.168,0.279,OK,1
2,2,20.120,0.307,OK,1
3,3,30.089,0.285,OK,1
4,4,40.145,0.234,OK,1
5,5,50.145,0.258,OK,1
6,6,60.135,0.402,OK,1
7,7,70.100,0.260,OK,1
8,8,80.199,0.322,OK,1
9,9,90.130,0.398,OK,1
10,10,100.092,0.239,OK,1
11,11,110.093,0.235,OK,1
12,12,120.071,0.299,OK,1
13,13,130.076,0.201,OK,1
14,14,140.183,0.477,OK,1
15,15,150.184,0.312,OK,1
16,16,160.092,0.404,OK,1
17,17,170.136,0.275,OK,1
18,18,180.103,0.247,OK,1
19,19,190.118,0.281,OK,1
20,20,200.107,0.278,OK,1
21,21,210.115,0.278,OK,1
22,22,220.118,0.301,OK,1
23,23,230.110,0.309,OK,1
24,24,240.114,0.298,OK,1
25,25,250.096,0.281,OK,1
26,26,260.088,0.338,OK,1
27,27,270.092,0.323,OK,1
28,28,280.118,0.337,OK,1
29,29,290.111,0.324,OK,1
30,30,300.084,0.290,OK,1
31,31,310.107,0.337,OK,1
32,32,320.109,0.368,OK,1
33,33,330.102,0.355,OK,1
34,34,340.116,0.405,OK,1
35,35,350.094,0.318,OK,1
36,36,360.112,0.290,OK,1
37,37,370.109,0.315,OK,1
38,38,380.078,0.289,OK,1
39,39,390.111,0.354,OK,1
40,40,400.081,0.272,OK,1
41,41,410.101,0.345,OK,1
42,42,420.101,0.389,OK,1
43,43,430.081,0.372,OK,1
44,44,440.107,0.321,OK,1
45,45,450.083,0.293,OK,1
46,46,460.101,0.342,OK,1
47,47,470.096,0.365,OK,1
48,48,480.110,0.344,OK,1
49,49,490.108,0.346,OK,1
50,50,500.081,0.486,OK,1
51,51,510.201,0.406,OK,1
52,52,520.084,0.431,OK,1
53,53,530.096,0.323,OK,1
54,54,540.086,0.330,OK,1
55,55,550.123,0.269,OK,1
56,56,560.113,0.249,OK,1
57,57,570.079,0.238,OK,1
58,58,580.103,0.355,OK,1
59,59,590.105,0.394,OK,1
60,60,600.080,0.467,OK,1
61,61,610.103,0.334,OK,1
62,62,620.103,0.265,OK,1
63,63,630.103,0.275,OK,1
64,64,640.093,0.278,OK,1
65,65,650.111,0.336,OK,1
66,66,660.110,0.309,OK,1
67,67,670.082,0.327,OK,1
68,68,680.136,0.268,OK,1
69,69,690.116,0.251,OK,1
70,70,700.081,0.245,OK,1
71,71,710.088,0.267,OK,1
72,72,720.076,0.240,OK,1
73,73,730.082,0.267,OK,1
74,74,740.081,0.269,OK,1
75,75,750.151,0.333,OK,1
76,76,760.129,0.277,OK,1
77,77,770.091,0.264,OK,1
78,78,780.115,0.360,OK,1
79,79,790.113,0.265,OK,1
80,80,800.118,0.295,OK,1
81,81,810.121,0.340,OK,1
82,82,820.113,0.260,OK,1
83,83,830.115,0.224,OK,1
84,84,840.075,0.232,OK,1
85,85,850.076,0.221,OK,1
86,86,860.078,0.232,OK,1
87,87,870.092,0.235,OK,1
88,88,880.090,0.227,OK,1
89,89,890.135,0.354,OK,1
90,90,900.207,0.231,OK,1
91,91,910.165,0.213,OK,1
92,92,920.158,0.326,OK,1
93,93,930.179,0.484,OK,1
94,94,940.155,0.333,OK,1
95,95,950.129,0.417,OK,1
96,96,960.144,0.436,OK,1
97,97,970.153,0.421,OK,1
98,98,980.166,0.313,OK,1
99,99,990.162,0.324,OK,1
100,100,1000.160,0.487,OK,0
101,101,1010.164,0.378,OK,0
102,102,1020.144,0.303,OK,0
103,103,1030.146,0.595,OK,0
104,104,1040.169,0.459,OK,0
105,105,1050.202,0.362,OK,0
106,106,1060.079,0.268,OK,0
107,107,1070.252,0.498,OK,0
108,108,1080.150,0.299,OK,0
109,109,1090.246,0.349,OK,0
110,110,1100.089,0.329,OK,0
111,111,1110.165,0.329,OK,0
112,112,1120.136,0.350,OK,0
113,113,1130.075,0.307,OK,0
114,114,1140.139,0.289,OK,0
115,115,1150.214,0.309,OK,0
116,116,1160.179,0.331,OK,0
117,117,1170.183,0.356,OK,0
118,118,1180.200,0.377,OK,0
119,119,1190.252,0.388,OK,0
120,120,1200.215,0.223,OK,0
121,121,1210.266,0.193,OK,0
122,122,1220.213,0.234,OK,0
123,123,1230.074,0.184,OK,0
124,124,1240.232,0.222,OK,0
125,125,1250.208,0.378,OK,0
126,126,1260.077,0.192,OK,0
127,127,1270.083,0.320,OK,0
128,128,1280.099,0.385,OK,0
129,129,1290.157,0.270,OK,0
130,130,1300.084,0.239,OK,0
131,131,1310.093,0.261,OK,0
132,132,1320.099,0.264,OK,0
133,133,1330.095,0.276,OK,0
134,134,1340.095,0.271,OK,0
135,135,1350.090,0.258,OK,0
136,136,1360.073,0.195,OK,0
137,137,1370.079,0.222,OK,0
138,138,1380.088,0.312,OK,0
139,139,1390.086,0.415,OK,0
140,140,1400.096,0.309,OK,0
141,141,1410.090,0.333,OK,0
142,142,1420.091,0.448,OK,0
143,143,1430.084,0.354,OK,0
144,144,1440.186,0.436,OK,0
145,145,1450.255,0.295,OK,0
146,146,1460.160,0.389,OK,0
147,147,1470.147,0.380,OK,0
148,148,1480.077,0.464,OK,0
149,149,1490.182,0.343,OK,0
150,150,1500.077,0.197,OK,0
151,151,1510.173,0.237,OK,0
152,152,1520.192,0.230,OK,0
153,153,1530.161,0.357,OK,0
154,154,1540.098,0.247,OK,0
155,155,1550.155,0.212,OK,0
156,156,1560.200,0.344,OK,0
157,157,1570.154,0.222,OK,0
158,158,1580.076,0.272,OK,0
159,159,1590.189,0.387,OK,0
160,160,1600.186,0.309,OK,0
161,161,1610.192,0.493,OK,0
162,162,1620.176,0.248,OK,0
163,163,1630.081,0.304,OK,0
164,164,1640.098,0.269,OK,0
165,165,1650.186,0.232,OK,0
166,166,1660.174,0.193,OK,0
167,167,1670.164,0.299,OK,0
168,168,1680.075,0.382,OK,0
169,169,1690.080,0.300,OK,0
170,170,1700.139,0.390,OK,0
171,171,1710.326,0.401,OK,0
172,172,1720.095,0.436,OK,0
173,173,1730.085,0.396,OK,0
174,174,1740.170,0.344,OK,0
175,175,1750.173,0.228,OK,0
176,176,1760.163,0.215,OK,0
177,177,1770.098,0.365,OK,0
178,178,1780.273,0.336,OK,0
179,179,1790.101,0.384,OK,0
180,180,1800.088,0.336,OK,0
181,181,1810.208,0.224,OK,0
182,182,1820.112,0.245,OK,0
183,183,1830.087,0.219,OK,0
184,184,1840.101,0.207,OK,0
185,185,1850.094,0.228,OK,0
186,186,1860.090,0.231,OK,0
187,187,1870.187,0.271,OK,0
188,188,1880.093,0.251,OK,0
189,189,1890.201,0.271,OK,0
190,190,1900.105,0.342,OK,0
191,191,1910.167,0.215,OK,0
192,192,1920.088,0.222,OK,0
193,193,1930.091,0.221,OK,0
194,194,1940.089,0.442,OK,0
195,195,1950.103,0.382,OK,0
196,196,1960.102,0.306,OK,0
197,197,1970.106,0.457,OK,0
198,198,1980.096,0.214,OK,0
199,199,1990.094,0.378,OK,0
200,200,2000.091,0.254,OK,0
201,201,2010.091,0.226,OK,0
202,202,2020.085,0.186,OK,0
203,203,2030.101,0.209,OK,0
204,204,2040.087,0.260,OK,0
205,205,2050.086,0.245,OK,0
206,206,2060.097,0.225,OK,0
207,207,2070.098,0.206,OK,0
208,208,2080.122,0.215,OK,0
209,209,2090.088,0.251,OK,0
210,210,2100.079,0.241,OK,0
211,211,2110.078,0.235,OK,0
212,212,2120.098,0.262,OK,0
213,213,2130.108,0.233,OK,0
214,214,2140.097,0.243,OK,0
215,215,2150.092,0.242,OK,0
216,216,2160.094,0.232,OK,0
217,217,2170.086,0.245,OK,0
218,218,2180.094,0.257,OK,0
219,219,2190.093,0.232,OK,0
220,220,2200.083,0.285,OK,0
221,221,2210.083,0.253,OK,0
222,222,2220.084,0.231,OK,0
223,223,2230.087,0.241,OK,0
224,224,2240.103,0.223,OK,0
225,225,2250.083,0.347,OK,0
226,226,2260.105,0.237,OK,0
227,227,2270.091,0.266,OK,0
228,228,2280.082,0.280,OK,0
229,229,2290.080,0.247,OK,0
230,230,2300.083,0.307,OK,0
231,231,2310.081,0.344,OK,0
232,232,2320.111,0.342,OK,0
233,233,2330.099,0.341,OK,0
234,234,2340.092,0.377,OK,0
235,235,2350.088,0.330,OK,0
236,236,2360.094,0.374,OK,0
237,237,2370.102,0.254,OK,0
238,238,2380.098,0.246,OK,0
239,239,2390.090,0.460,OK,0
240,240,2400.091,0.458,OK,0
241,241,2410.203,0.301,OK,0
242,242,2420.150,0.386,OK,0
243,243,2430.099,0.418,OK,0
244,244,2440.095,0.420,OK,0
245,245,2450.103,0.396,OK,0
246,246,2460.100,0.440,OK,0
247,247,2470.081,0.514,OK,0
248,248,2480.091,0.336,OK,0
249,249,2490.105,0.370,OK,0
250,250,2500.087,0.238,OK,0
251,251,2510.099,0.222,OK,0
252,252,2520.101,0.267,OK,0
253,253,2530.087,0.369,OK,0
254,254,2540.103,0.267,OK,0
255,255,2550.111,0.356,OK,0
256,0,2560.086,0.356,OK,0
257,1,2570.090,0.480,OK,0
258,2,2580.102,0.398,OK,0
259,3,2590.087,0.411,OK,0
260,4,2600.082,0.433,OK,0
261,5,2610.163,0.344,OK,0
262,6,2620.104,0.232,OK,0
263,7,2630.108,0.269,OK,0
264,8,2640.101,0.232,OK,0
265,9,2650.127,0.364,OK,0
266,10,2660.088,0.270,OK,0
267,11,2670.106,0.244,OK,0
268,12,2680.095,0.237,OK,0
269,13,2690.101,0.212,OK,0
270,14,2700.090,0.340,OK,0
271,15,2710.095,0.230,OK,0
272,16,2720.122,0.266,OK,0
273,17,2730.108,0.239,OK,0
274,18,2740.148,0.269,OK,0
275,19,2750.097,0.242,OK,0
276,20,2760.210,0.285,OK,0
277,21,2770.121,0.229,OK,0
278,22,2780.125,0.243,OK,0
279,23,2790.107,0.253,OK,0
280,24,2800.086,0.349,OK,0
281,25,2810.124,0.254,OK,0
282,26,2820.111,0.228,OK,0
283,27,2830.106,0.406,OK,0
284,28,2840.116,0.245,OK,0
285,29,2850.094,0.379,OK,0
286,30,2860.090,0.236,OK,0
287,31,2870.122,0.348,OK,0
288,32,2880.088,0.323,OK,0
289,33,2890.091,0.276,OK,0
290,34,2900.088,0.281,OK,0
291,35,2910.108,0.454,OK,0
292,36,2920.084,0.326,OK,0
293,37,2930.096,0.275,OK,0
294,38,2940.093,0.369,OK,0
295,39,2950.095,0.330,OK,0
296,40,2960.088,0.322,OK,0
297,41,2970.118,0.326,OK,0
298,42,2980.082,0.451,OK,0
299,43,2990.092,0.624,OK,0
300,44,3000.079,0.232,OK,0
301,45,3010.106,1.358,OK,0
302,46,3020.100,0.232,OK,0
303,47,3030.102,0.236,OK,0
304,48,3040.117,0.220,OK,0
305,49,3050.100,0.285,OK,0
306,50,3060.207,0.396,OK,0
307,51,3070.117,0.344,OK,0
308,52,3080.084,0.421,OK,0
309,53,3090.112,0.377,OK,0
310,54,3100.079,0.355,OK,0
311,55,3110.098,0.320,OK,0
312,56,3120.102,0.315,OK,0
313,57,3130.112,0.335,OK,0
314,58,3140.142,0.312,OK,0
315,59,3150.085,0.379,OK,0
316,60,3160.128,0.303,OK,0
317,61,3170.109,0.367,OK,0
318,62,3180.079,0.295,OK,0
319,63,3190.081,0.327,OK,0
320,64,3200.077,0.357,OK,0
321,65,3210.087,0.367,OK,0
322,66,3220.084,0.365,OK,0
323,67,3230.085,0.490,OK,0
324,68,3240.141,0.497,OK,0
325,69,3250.155,0.469,OK,0
326,70,3260.134,0.338,OK,0
327,71,3270.204,0.335,OK,0
328,72,3280.100,0.346,OK,0
329,73,3290.116,0.415,OK,0
330,74,3300.112,0.350,OK,0
331,75,3310.115,0.363,OK,0
332,76,3320.119,0.308,OK,0
333,77,3330.120,0.361,OK,0
334,78,3340.108,0.350,OK,0
335,79,3350.089,0.345,OK,0
336,80,3360.105,0.380,OK,0
337,81,3370.092,0.402,OK,0
338,82,3380.114,0.343,OK,0
339,83,3390.118,0.326,OK,0
340,84,3400.109,0.329,OK,0
341,85,3410.112,0.328,OK,0
342,86,3420.116,0.359,OK,0
343,87,3430.100,0.439,OK,0
344,88,3440.092,0.379,OK,0
345,89,3450.088,0.388,OK,0
346,90,3460.093,0.411,OK,0
347,91,3470.083,0.452,OK,0
348,92,3480.105,0.330,OK,0
349,93,3490.092,0.436,OK,0
350,94,3500.078,0.363,OK,0
351,95,3510.091,0.359,OK,0
352,96,3520.103,0.288,OK,0
353,97,3530.100,0.325,OK,0
354,98,3540.089,0.317,OK,0
355,99,3550.078,0.314,OK,0
356,100,3560.079,0.284,OK,0
357,101,3570.076,0.225,OK,0
358,102,3580.077,0.248,OK,0
359,103,3590.108,0.423,OK,0
360,104,3600.078,0.211,OK,0
361,105,3610.105,0.283,OK,0
362,106,3620.099,0.304,OK,0
363,107,3630.090,0.325,OK,0
364,108,3640.092,0.276,OK,0
365,109,3650.191,0.242,OK,0
366,110,3660.085,0.259,OK,0
367,111,3670.243,0.338,OK,0
368,112,3680.195,0.356,OK,0
369,113,3690.170,0.308,OK,0
370,114,3700.081,0.264,OK,0
371,115,3710.081,0.188,OK,0
372,116,3720.181,0.237,OK,0
373,117,3730.084,0.283,OK,0
374,118,3740.164,0.216,OK,0
375,119,3750.079,0.288,OK,0
376,120,3760.164,0.323,OK,0
377,121,3770.084,0.340,OK,0
378,122,3780.094,0.400,OK,0
379,123,3790.083,0.374,OK,0
380,124,3800.139,0.242,OK,0
381,125,3810.077,0.392,OK,0
382,126,3820.087,0.465,OK,0
383,127,3830.077,0.473,OK,0
384,128,3840.090,0.354,OK,0
385,129,3850.109,0.356,OK,0
386,130,3860.153,0.349,OK,0
387,131,3870.152,0.350,OK,0
388,132,3880.135,0.310,OK,0
389,133,3890.145,0.303,OK,0
390,134,3900.075,0.279,OK,0
391,135,3910.229,0.485,OK,0
392,136,3920.165,0.372,OK,0
393,137,3930.081,0.366,OK,0
394,138,3940.083,0.200,OK,0
395,139,3950.187,0.326,OK,0
396,140,3960.160,0.324,OK,0
397,141,3970.173,0.331,OK,0
398,142,3980.093,0.306,OK,0
399,143,3990.173,0.257,OK,0
400,144,4000.083,0.203,OK,0
401,145,4010.169,0.235,OK,0
402,146,4020.103,0.433,OK,0
403,147,4030.089,0.342,OK,0
404,148,4040.091,0.371,OK,0
405,149,4050.203,0.282,OK,0
406,150,4060.130,0.407,OK,0
407,151,4070.172,0.436,OK,0
408,152,4080.175,0.239,OK,0
409,153,4090.166,0.316,OK,0
410,154,4100.081,0.210,OK,0
411,155,4110.166,0.247,OK,0
412,156,4120.098,0.223,OK,0
413,157,4130.101,0.218,OK,0
414,158,4140.183,0.242,OK,0
415,159,4150.082,0.259,OK,0
416,160,4160.193,0.266,OK,0
417,161,4170.165,0.385,OK,0
418,162,4180.162,0.326,OK,0
419,163,4190.103,0.370,OK,0
420,164,4200.161,0.292,OK,0
421,165,4210.137,0.351,OK,0
422,166,4220.145,0.352,OK,0
423,167,4230.102,0.362,OK,0
424,168,4240.162,0.357,OK,0
425,169,4250.169,0.341,OK,0
426,170,4260.090,0.240,OK,0
427,171,4270.172,0.278,OK,0
428,172,4280.170,0.270,OK,0
429,173,4290.172,0.269,OK,0
430,174,4300.091,0.261,OK,0
431,175,4310.172,0.274,OK,0
432,176,4320.087,0.251,OK,0
433,177,4330.107,0.261,OK,0
434,178,4340.174,0.279,OK,0
435,179,4350.093,0.235,OK,0
436,180,4360.101,0.242,OK,0
437,181,4370.117,0.241,OK,0
438,182,4380.077,0.225,OK,0
439,183,4390.153,0.264,OK,0
440,184,4400.077,0.323,OK,0
441,185,4410.103,0.253,OK,0
442,186,4420.085,0.231,OK,0
443,187,4430.076,0.231,OK,0
444,188,4440.079,0.253,OK,0
445,189,4450.078,0.233,OK,0
446,190,4460.076,0.234,OK,0
447,191,4470.075,0.219,OK,0
448,192,4480.075,0.231,OK,0
449,193,4490.073,0.227,OK,0
450,194,4500.096,0.235,OK,0
451,195,4510.079,0.257,OK,0
452,196,4520.075,0.249,OK,0
453,197,4530.078,0.257,OK,0
454,198,4540.084,0.239,OK,0
455,199,4550.076,0.254,OK,0
456,200,4560.087,0.268,OK,0
457,201,4570.079,0.253,OK,0
458,202,4580.078,0.248,OK,0
459,203,4590.074,0.224,OK,0
460,204,4600.076,0.365,OK,0
461,205,4610.290,0.347,OK,0
462,206,4620.094,0.217,OK,0
463,207,4630.090,0.243,OK,0
464,208,4640.226,0.435,OK,0
465,209,4650.161,0.255,OK,0
466,210,4660.189,0.417,OK,0
467,211,4670.181,0.307,OK,0
468,212,4680.179,0.344,OK,0
469,213,4690.096,0.398,OK,0
470,214,4700.195,0.383,OK,0
471,215,4710.090,0.260,OK,0
472,216,4720.088,0.330,OK,0
473,217,4730.113,0.326,OK,0
474,218,4740.110,0.397,OK,0
475,219,4750.080,0.385,OK,0
476,220,4760.076,0.515,OK,0
477,221,4770.075,0.386,OK,0
478,222,4780.130,0.340,OK,0
479,223,4790.083,0.422,OK,0
480,224,4800.105,0.321,OK,0
481,225,4810.113,0.306,OK,0
482,226,4820.084,0.320,OK,0
483,227,4830.108,0.294,OK,0
484,228,4840.080,0.278,OK,0
485,229,4850.086,0.282,OK,0
486,230,4860.084,0.274,OK,0
487,231,4870.085,0.245,OK,0
488,232,4880.094,0.340,OK,0
489,233,4890.081,0.419,OK,0
490,234,4900.079,0.251,OK,0
491,235,4910.102,0.235,OK,0
492,236,4920.078,0.363,OK,0
493,237,4930.080,0.333,OK,0
494,238,4940.080,0.331,OK,0
495,239,4950.077,0.333,OK,0
496,240,4960.095,0.312,OK,0
497,241,4970.097,0.340,OK,0
498,242,4980.172,0.359,OK,0
499,243,4990.095,0.402,OK,0
500,244,5000.073,0.392,OK,0
501,245,5010.232,0.493,OK,0
502,246,5020.132,0.446,OK,0
503,247,5030.162,0.474,OK,0
504,248,5040.092,0.405,OK,0
505,249,5050.081,0.448,OK,0
506,250,5060.075,0.445,OK,0
507,251,5070.161,0.377,OK,0
508,252,5080.176,0.491,OK,0
509,253,5090.135,0.367,OK,0
510,254,5100.180,0.544,OK,0
511,255,5110.192,0.526,OK,0
512,0,5120.171,0.515,OK,0
513,1,5130.215,0.401,OK,0
514,2,5140.175,0.467,OK,0
515,3,5150.172,0.480,OK,0
516,4,5160.168,0.400,OK,0
517,5,5170.159,0.450,OK,0
518,6,5180.198,0.477,OK,0
519,7,5190.175,0.506,OK,0
520,8,5200.163,0.400,OK,0
521,9,5210.183,0.524,OK,0
522,10,5220.158,0.433,OK,0
523,11,5230.152,0.413,OK,0
524,12,5240.079,0.451,OK,0
525,13,5250.174,0.422,OK,0
526,14,5260.148,0.493,OK,0
527,15,5270.078,0.419,OK,0
528,16,5280.089,0.364,OK,0
529,17,5290.160,0.357,OK,0
530,18,5300.146,0.194,OK,0
531,19,5310.174,0.363,OK,0
532,20,5320.189,0.399,OK,0
533,21,5330.145,0.300,OK,0
534,22,5340.149,0.414,OK,0
535,23,5350.088,0.358,OK,0
536,24,5360.074,0.197,OK,0
537,25,5370.165,0.246,OK,0
538,26,5380.155,0.183,OK,0
539,27,5390.095,0.387,OK,0
540,28,5400.170,0.235,OK,0
541,29,5410.186,0.268,OK,0
542,30,5420.170,0.308,OK,0
543,31,5430.129,0.332,OK,0
544,32,5440.160,0.316,OK,0
545,33,5450.210,0.408,OK,0
546,34,5460.154,0.231,OK,0
547,35,5470.213,0.365,OK,0
548,36,5480.203,0.397,OK,0
549,37,5490.170,0.357,OK,0
550,38,5500.150,0.283,OK,0
551,39,5510.143,0.353,OK,0
552,40,5520.079,0.384,OK,0
553,41,5530.082,0.334,OK,0
554,42,5540.097,0.400,OK,0
555,43,5550.080,0.368,OK,0
556,44,5560.082,0.448,OK,0
557,45,5570.091,0.409,OK,0
558,46,5580.077,0.222,OK,0
559,47,5590.077,0.216,OK,0
560,48,5600.079,0.222,OK,0
561,49,5610.080,0.299,OK,0
562,50,5620.088,0.291,OK,0
563,51,5630.082,0.228,OK,0
564,52,5640.098,0.335,OK,0
565,53,5650.093,0.292,OK,0
566,54,5660.138,0.233,OK,0
567,55,5670.153,0.261,OK,0
568,56,5680.181,0.343,OK,0
569,57,5690.167,0.335,OK,0
570,58,5700.090,0.322,OK,0
571,59,5710.084,0.232,OK,0
572,60,5720.085,0.382,OK,0
573,61,5730.096,0.370,OK,0
574,62,5740.102,0.362,OK,0
575,63,5750.092,0.422,OK,0
576,64,5760.161,0.308,OK,0
577,65,5770.188,0.322,OK,0
578,66,5780.181,0.333,OK,0
579,67,5790.154,0.319,OK,0
580,68,5800.100,0.243,OK,0
581,69,5810.191,0.481,OK,0
582,70,5820.166,0.386,OK,0
583,71,5830.159,0.320,OK,0
584,72,5840.168,0.314,OK,0
585,73,5850.089,0.215,OK,0
586,74,5860.103,0.339,OK,0
587,75,5870.093,0.313,OK,0
588,76,5880.184,0.374,OK,0
589,77,5890.155,0.428,OK,0
590,78,5900.166,0.556,OK,0
591,79,5910.146,0.512,OK,0
592,80,5920.178,0.492,OK,0
593,81,5930.158,0.483,OK,0
594,82,5940.154,0.419,OK,0
595,83,5950.130,0.389,OK,0
596,84,5960.092,0.363,OK,0
597,85,5970.175,0.411,OK,0
598,86,5980.164,0.508,OK,0
599,87,5990.099,0.403,OK,0
600,88,6000.222,0.339,OK,0
601,89,6010.182,0.365,OK,0
602,90,6020.153,0.360,OK,0
603,91,6030.136,0.374,OK,0
604,92,6040.166,0.408,OK,0
605,93,6050.176,0.367,OK,0
606,94,6060.161,0.310,OK,0
607,95,6070.100,0.220,OK,0
608,96,6080.158,0.303,OK,0
609,97,6090.167,0.403,OK,0
610,98,6100.094,0.245,OK,0
611,99,6110.282,0.392,OK,0
612,100,6120.184,0.345,OK,0
613,101,6130.223,0.307,OK,0
614,102,6140.221,0.254,OK,0
615,103,6150.178,0.249,OK,0
616,104,6160.104,0.461,OK,0
617,105,6170.173,0.272,OK,0
618,106,6180.082,0.233,OK,0
619,107,6190.167,0.281,OK,0
620,108,6200.082,0.240,OK,0
621,109,6210.096,0.279,OK,0
622,110,6220.157,0.322,OK,0
623,111,6230.093,0.269,OK,0
624,112,6240.080,0.207,OK,0
625,113,6250.111,0.335,OK,0
626,114,6260.095,0.334,OK,0
627,115,6270.094,0.423,OK,0
628,116,6280.100,0.321,OK,0
629,117,6290.201,0.219,OK,0
630,118,6300.095,0.457,OK,0
631,119,6310.095,0.429,OK,0
632,120,6320.098,0.422,OK,0
633,121,6330.161,0.420,OK,0
634,122,6340.092,0.440,OK,0
635,123,6350.098,0.386,OK,0
636,124,6360.095,0.371,OK,0
637,125,6370.093,0.499,OK,0
638,126,6380.079,0.422,OK,0
639,127,6390.088,0.449,OK,0
640,128,6400.088,0.415,OK,0
641,129,6410.094,0.426,OK,0
642,130,6420.156,0.463,OK,0
643,131,6430.194,0.427,OK,0
644,132,6440.091,0.434,OK,0
645,133,6450.093,0.416,OK,0
646,134,6460.089,0.534,OK,0
647,135,6470.091,0.438,OK,0
648,136,6480.089,0.551,OK,0
649,137,6490.082,0.319,OK,0
650,138,6500.076,0.285,OK,0
651,139,6510.079,0.390,OK,0
652,140,6520.079,0.456,OK,0
653,141,6530.074,0.376,OK,0
654,142,6540.096,0.398,OK,0
655,143,6550.107,0.347,OK,0
656,144,6560.088,0.289,OK,0
657,145,6570.097,0.377,OK,0
658,146,6580.159,0.275,OK,0
659,147,6590.091,0.216,OK,0
660,148,6600.077,0.428,OK,0
661,149,6610.081,0.393,OK,0
662,150,6620.167,0.476,OK,0
663,151,6630.155,0.460,OK,0
664,152,6640.134,0.492,OK,0
665,153,6650.155,0.594,OK,0
666,154,6660.149,0.474,OK,0
667,155,6670.153,0.342,OK,0
668,156,6680.202,0.378,OK,0
669,157,6690.074,0.277,OK,0
670,158,6700.172,0.654,OK,0
671,159,6710.171,0.384,OK,0
672,160,6720.162,0.477,OK,0
673,161,6730.074,0.343,OK,0
674,162,6740.086,0.272,OK,0
675,163,6750.109,0.247,OK,0
676,164,6760.182,0.516,OK,0
677,165,6770.169,0.604,OK,0
678,166,6780.167,0.459,OK,0
679,167,6790.096,0.213,OK,0
680,168,6800.159,0.453,OK,0
681,169,6810.157,0.481,OK,0
682,170,6820.192,0.329,OK,0
683,171,6830.170,0.518,OK,0
684,172,6840.170,0.496,OK,0
685,173,6850.102,0.256,OK,0
686,174,6860.151,0.441,OK,0
687,175,6870.159,0.526,OK,0
688,176,6880.142,0.370,OK,0
689,177,6890.182,0.500,OK,0
690,178,6900.162,0.550,OK,0
691,179,6910.131,0.388,OK,0
692,180,6920.186,0.384,OK,0
693,181,6930.171,0.378,OK,0
694,182,6940.079,0.454,OK,0
695,183,6950.176,0.371,OK,0
696,184,6960.158,0.279,OK,0
697,185,6970.169,0.403,OK,0
698,186,6980.078,0.353,OK,0
699,187,6990.083,0.364,OK,0
700,188,7000.082,0.211,OK,0
701,189,7010.081,0.207,OK,0
702,190,7020.089,0.371,OK,0
703,191,7030.093,0.197,OK,0
704,192,7040.082,0.204,OK,0
705,193,7050.159,0.252,OK,0
706,194,7060.163,0.468,OK,0
707,195,7070.141,0.244,OK,0
708,196,7080.129,0.231,OK,0
709,197,7090.141,0.445,OK,0
710,198,7100.150,0.354,OK,0
711,199,7110.174,0.565,OK,0
712,200,7120.183,0.398,OK,0
713,201,7130.164,0.367,OK,0
714,202,7140.072,0.317,OK,0
715,203,7150.086,0.215,OK,0
716,204,7160.089,0.203,OK,0
717,205,7170.076,0.414,OK,0
718,206,7180.184,0.200,OK,0
719,207,7190.102,0.225,OK,0
720,208,7200.079,0.229,OK,0
721,209,7210.074,0.236,OK,0
722,210,7220.076,0.244,OK,0
723,211,7230.080,0.207,OK,0
724,212,7240.076,0.247,OK,0
725,213,7250.079,0.233,OK,0
726,214,7260.075,0.258,OK,0
727,215,7270.078,0.220,OK,0
728,216,7280.080,0.319,OK,0
729,217,7290.082,0.322,OK,0
730,218,7300.093,0.321,OK,0
731,219,7310.078,0.310,OK,0
732,220,7320.094,0.258,OK,0
733,221,7330.087,0.351,OK,0
734,222,7340.085,0.302,OK,0
735,223,7350.087,0.356,OK,0
736,224,7360.155,0.339,OK,0
737,225,7370.090,0.324,OK,0
738,226,7380.075,0.347,OK,0
739,227,7390.109,0.397,OK,0
740,228,7400.091,0.359,OK,0
741,229,7410.171,0.334,OK,0
742,230,7420.091,0.330,OK,0
743,231,7430.179,0.393,OK,0
744,232,7440.090,0.357,OK,0
745,233,7450.087,0.306,OK,0
746,234,7460.085,0.357,OK,0
747,235,7470.160,0.354,OK,0
748,236,7480.084,0.382,OK,0
749,237,7490.081,0.427,OK,0
750,238,7500.087,0.425,OK,0
751,239,7510.095,0.271,OK,0
752,240,7520.088,0.345,OK,0
753,241,7530.153,0.309,OK,0
754,242,7540.088,0.338,OK,0
755,243,7550.092,0.291,OK,0
756,244,7560.088,0.189,OK,0
757,245,7570.078,0.230,OK,0
758,246,7580.195,0.300,OK,0
759,247,7590.099,0.308,OK,0
760,248,7600.166,0.341,OK,0
761,249,7610.100,0.397,OK,0
762,250,7620.092,0.329,OK,0
763,251,7630.090,0.315,OK,0
764,252,7640.081,0.294,OK,0
765,253,7650.225,0.293,OK,0
766,254,7660.164,0.207,OK,0
767,255,7670.147,0.204,OK,0
768,0,7680.162,0.213,OK,0
769,1,7690.167,0.247,OK,0
770,2,7700.166,0.241,OK,0
771,3,7710.147,0.226,OK,0
772,4,7720.163,0.239,OK,0
773,5,7730.082,0.227,OK,0
774,6,7740.194,0.240,OK,0
775,7,7750.092,0.233,OK,0
776,8,7760.154,0.338,OK,0
777,9,7770.173,0.541,OK,0
778,10,7780.199,0.208,OK,0
779,11,7790.092,0.337,OK,0
780,12,7800.088,0.360,OK,0
781,13,7810.078,0.347,OK,0
782,14,7820.093,0.334,OK,0
783,15,7830.079,0.207,OK,0
784,16,7840.098,0.329,OK,0
785,17,7850.117,0.244,OK,0
786,18,7860.092,0.230,OK,0
787,19,7870.073,0.314,OK,0
788,20,7880.094,0.322,OK,0
789,21,7890.106,0.363,OK,0
790,22,7900.084,0.470,OK,0
791,23,7910.118,0.335,OK,0
792,24,7920.130,0.346,OK,0
793,25,7930.091,0.375,OK,0
794,26,7940.092,0.241,OK,0
795,27,7950.127,0.439,OK,0
796,28,7960.088,0.352,OK,0
797,29,7970.074,0.423,OK,0
798,30,7980.080,0.332,OK,0
799,31,7990.104,0.248,OK,0
800,32,8000.086,0.352,OK,0
801,33,8010.109,0.256,OK,0
802,34,8020.121,0.235,OK,0
803,35,8030.086,0.204,OK,0
804,36,8040.090,0.316,OK,0
805,37,8050.171,0.238,OK,0
806,38,8060.082,0.196,OK,0
807,39,8070.086,0.318,OK,0
808,40,8080.081,0.287,OK,0
809,41,8090.097,0.204,OK,0
810,42,8100.082,0.406,OK,0
811,43,8110.083,0.224,OK,0
812,44,8120.090,0.364,OK,0
813,45,8130.084,0.227,OK,0
814,46,8140.084,0.248,OK,0
815,47,8150.082,0.371,OK,0
816,48,8160.082,0.322,OK,0
817,49,8170.087,0.219,OK,0
818,50,8180.104,0.212,OK,0
819,51,8190.090,0.208,OK,0
820,52,8200.083,0.263,OK,0
821,53,8210.085,0.395,OK,0
822,54,8220.074,0.317,OK,0
823,55,8230.080,0.261,OK,0
824,56,8240.093,0.231,OK,0
825,57,8250.075,0.207,OK,0
826,58,8260.091,0.237,OK,0
827,59,8270.087,0.274,OK,0
828,60,8280.091,0.248,OK,0
829,61,8290.100,0.394,OK,0
830,62,8300.080,0.405,OK,0
831,63,8310.089,0.400,OK,0
832,64,8320.105,0.301,OK,0
833,65,8330.079,0.348,OK,0
834,66,8340.104,0.280,OK,0
835,67,8350.102,0.265,OK,0
836,68,8360.106,0.240,OK,0
837,69,8370.108,0.322,OK,0
838,70,8380.238,0.249,OK,0
839,71,8390.188,0.224,OK,0
840,72,8400.099,0.231,OK,0
841,73,8410.119,0.311,OK,0
842,74,8420.096,0.239,OK,0
843,75,8430.104,0.240,OK,0
844,76,8440.093,0.253,OK,0
845,77,8450.086,0.224,OK,0
846,78,8460.092,0.393,OK,0
847,79,8470.105,0.248,OK,0
848,80,8480.096,0.244,OK,0
849,81,8490.082,0.225,OK,0
850,82,8500.088,0.254,OK,0
851,83,8510.097,0.250,OK,0
852,84,8520.085,0.222,OK,0
853,85,8530.073,0.219,OK,0
854,86,8540.086,0.207,OK,0
855,87,8550.097,0.283,OK,0
856,88,8560.110,0.383,OK,0
857,89,8570.102,0.198,OK,0
858,90,8580.089,0.199,OK,0
859,91,8590.098,0.254,OK,0
860,92,8600.097,0.238,OK,0
861,93,8610.099,0.252,OK,0
862,94,8620.075,0.366,OK,0
863,95,8630.083,0.208,OK,0
864,96,8640.100,0.431,OK,0
865,97,8650.099,0.236,OK,0
866,98,8660.085,0.371,OK,0
867,99,8670.176,0.208,OK,0
868,100,8680.140,0.287,OK,0
869,101,8690.134,0.394,OK,0
870,102,8700.196,0.298,OK,0
871,103,8710.108,0.360,OK,0
872,104,8720.142,0.270,OK,0
873,105,8730.249,0.424,OK,0
874,106,8740.106,0.343,OK,0
875,107,8750.091,0.311,OK,0
876,108,8760.132,0.308,OK,0
877,109,8770.095,0.290,OK,0
878,110,8780.129,0.444,OK,0
879,111,8790.126,0.299,OK,0
880,112,8800.160,0.345,OK,0
881,113,8810.085,0.395,OK,0
882,114,8820.153,0.434,OK,0
883,115,8830.147,0.372,OK,0
884,116,8840.150,0.380,OK,0
885,117,8850.176,0.312,OK,0
886,118,8860.168,0.330,OK,0
887,119,8870.121,0.270,OK,0
888,120,8880.120,0.405,OK,0
889,121,8890.124,0.265,OK,0
890,122,8900.185,0.331,OK,0
891,123,8910.084,0.338,OK,0
892,124,8920.086,0.414,OK,0
893,125,8930.096,0.356,OK,0
894,126,8940.148,0.313,OK,0
895,127,8950.108,0.365,OK,0
896,128,8960.085,0.336,OK,0
897,129,8970.096,0.434,OK,0
898,130,8980.094,0.383,OK,0
899,131,8990.080,0.333,OK,0
900,132,9000.110,0.433,OK,0
901,133,9010.082,0.321,OK,0
902,134,9020.096,0.315,OK,0
903,135,9030.100,0.277,OK,0
904,136,9040.100,0.290,OK,0
905,137,9050.107,0.306,OK,0
906,138,9060.132,0.283,OK,0
907,139,9070.095,0.306,OK,0
908,140,9080.104,0.306,OK,0
909,141,9090.145,0.229,OK,0
910,142,9100.113,0.226,OK,0
911,143,9110.102,0.254,OK,0
912,144,9120.097,0.258,OK,0
913,145,9130.211,0.394,OK,0
914,146,9140.100,0.411,OK,0
915,147,9150.168,0.363,OK,0
916,148,9160.107,0.256,OK,0
917,149,9170.108,0.321,OK,0
918,150,9180.127,0.307,OK,0
919,151,9190.089,0.341,OK,0
920,152,9200.089,0.329,OK,0
921,153,9210.108,0.304,OK,0
922,154,9220.126,0.290,OK,0
923,155,9230.125,0.353,OK,0
924,156,9240.097,0.263,OK,0
925,157,9250.095,0.268,OK,0
926,158,9260.125,0.372,OK,0
927,159,9270.103,0.395,OK,0
928,160,9280.103,0.340,OK,0
929,161,9290.101,0.328,OK,0
930,162,9300.095,0.447,OK,0
931,163,9310.114,0.241,OK,0
932,164,9320.094,0.215,OK,0
933,165,9330.123,0.232,OK,0
934,166,9340.087,0.212,OK,0
935,167,9350.110,0.270,OK,0
936,168,9360.103,0.243,OK,0
937,169,9370.087,0.268,OK,0
938,170,9380.093,0.222,OK,0
939,171,9390.149,0.264,OK,0
940,172,9400.173,0.238,OK,0
941,173,9410.159,0.219,OK,0
942,174,9420.154,0.268,OK,0
943,175,9430.147,0.237,OK,0
944,176,9440.078,0.216,OK,0
945,177,9450.151,0.217,OK,0
946,178,9460.103,0.230,OK,0
947,179,9470.092,0.209,OK,0
948,180,9480.088,0.240,OK,0
949,181,9490.073,0.164,OK,0
950,182,9500.101,0.248,OK,0
951,183,9510.089,0.221,OK,0
952,184,9520.094,0.229,OK,0
953,185,9530.087,0.242,OK,0
954,186,9540.106,0.273,OK,0
955,187,9550.085,0.232,OK,0
956,188,9560.083,0.220,OK,0
957,189,9570.154,0.222,OK,0
958,190,9580.180,0.327,OK,0
959,191,9590.166,0.317,OK,0
960,192,9600.153,0.299,OK,0
961,193,9610.185,0.292,OK,0
962,194,9620.101,0.216,OK,0
963,195,9630.085,0.256,OK,0
964,196,9640.077,0.261,OK,0
965,197,9650.085,0.237,OK,0
966,198,9660.095,0.321,OK,0
967,199,9670.101,0.346,OK,0
968,200,9680.086,0.305,OK,0
969,201,9690.104,0.316,OK,0
970,202,9700.105,0.329,OK,0
971,203,9710.107,0.347,OK,0
972,204,9720.082,0.364,OK,0
973,205,9730.091,0.337,OK,0
974,206,9740.100,0.331,OK,0
975,207,9750.109,0.389,OK,0
976,208,9760.119,0.375,OK,0
977,209,9770.117,0.303,OK,0
978,210,9780.094,0.334,OK,0
979,211,9790.103,0.314,OK,0
980,212,9800.087,0.297,OK,0
981,213,9810.095,0.328,OK,0
982,214,9820.081,0.297,OK,0
983,215,9830.089,0.296,OK,0
984,216,9840.103,0.280,OK,0
985,217,9850.098,0.326,OK,0
986,218,9860.082,0.349,OK,0
987,219,9870.078,0.218,OK,0
988,220,9880.118,0.371,OK,0
989,221,9890.089,0.272,OK,0
990,222,9900.321,0.443,OK,0
991,223,9910.102,0.342,OK,0
992,224,9920.081,0.206,OK,0
993,225,9930.157,0.254,OK,0
994,226,9940.090,0.329,OK,0
995,227,9950.107,0.327,OK,0
996,228,9960.100,0.347,OK,0
997,229,9970.087,0.306,OK,0
998,230,9980.082,0.294,OK,0
999,231,9990.079,0.281,OK,0
1000,232,10000.082,0.293,OK,0
1001,233,10010.080,0.348,OK,0
1002,234,10020.076,0.297,OK,0
1003,235,10030.079,0.266,OK,0
1004,236,10040.077,0.328,OK,0
1005,237,10050.085,0.324,OK,0
1006,238,10060.090,0.331,OK,0
1007,239,10070.084,0.329,OK,0
1008,240,10080.089,0.300,OK,0
1009,241,10090.078,0.307,OK,0
1010,242,10100.098,0.358,OK,0
1011,243,10110.081,0.383,OK,0
1012,244,10120.076,0.370,OK,0
1013,245,10130.092,0.333,OK,0
1014,246,10140.089,0.344,OK,0
1015,247,10150.161,0.323,OK,0
1016,248,10160.136,0.323,OK,0
1017,249,10170.073,0.250,OK,0
1018,250,10180.143,0.344,OK,0
1019,251,10190.150,0.191,OK,0
1020,252,10200.188,0.250,OK,0
1021,253,10210.149,0.207,OK,0
1022,254,10220.137,0.250,OK,0
1023,255,10230.195,0.344,OK,0
1024,0,10240.136,0.456,OK,0
1025,1,10250.086,0.279,OK,0
1026,2,10260.080,0.326,OK,0
1027,3,10270.069,0.220,OK,0
1028,4,10280.080,0.291,OK,0
1029,5,10290.082,0.330,OK,0
1030,6,10300.086,0.319,OK,0
1031,7,10310.080,0.279,OK,0
1032,8,10320.071,0.287,OK,0
1033,9,10330.107,0.305,OK,0
1034,10,10340.148,0.304,OK,0
1035,11,10350.090,0.298,OK,0
1036,12,10360.100,0.315,OK,0
1037,13,10370.086,0.229,OK,0
1038,14,10380.084,0.225,OK,0
1039,15,10390.092,0.231,OK,0
1040,16,10400.094,0.234,OK,0
1041,17,10410.102,0.227,OK,0
1042,18,10420.099,0.208,OK,0
1043,19,10430.094,0.233,OK,0
1044,20,10440.101,0.251,OK,0
1045,21,10450.109,0.223,OK,0
1046,22,10460.076,0.190,OK,0
1047,23,10470.080,0.204,OK,0
1048,24,10480.087,0.251,OK,0
1049,25,10490.067,0.239,OK,0
1050,26,10500.206,0.227,OK,0
1051,27,10510.159,0.214,OK,0
1052,28,10520.156,0.210,OK,0
1053,29,10530.107,0.224,OK,0
1054,30,10540.156,0.235,OK,0
1055,31,10550.119,0.238,OK,0
1056,32,10560.142,0.228,OK,0
1057,33,10570.156,0.369,OK,0
1058,34,10580.090,0.301,OK,0
1059,35,10590.094,0.257,OK,0
1060,36,10600.086,0.302,OK,0
1061,37,10610.093,0.374,OK,0
1062,38,10620.093,0.405,OK,0
1063,39,10630.081,0.445,OK,0
1064,40,10640.099,0.406,OK,0
1065,41,10650.075,0.229,OK,0
1066,42,10660.092,0.418,OK,0
1067,43,10670.076,0.356,OK,0
1068,44,10680.079,0.412,OK,0
1069,45,10690.085,0.393,OK,0
1070,46,10700.079,0.384,OK,0
1071,47,10710.079,0.287,OK,0
1072,48,10720.081,0.363,OK,0
1073,49,10730.100,0.277,OK,0
1074,50,10740.109,0.357,OK,0
1075,51,10750.170,0.353,OK,0
1076,52,10760.169,0.300,OK,0
1077,53,10770.200,0.289,OK,0
1078,54,10780.088,0.292,OK,0
1079,55,10790.137,0.309,OK,0
1080,56,10800.152,0.376,OK,0
1081,57,10810.171,0.278,OK,0
1082,58,10820.145,0.281,OK,0
1083,59,10830.088,0.295,OK,0
1084,60,10840.143,0.310,OK,0
1085,61,10850.131,0.302,OK,0
1086,62,10860.155,0.356,OK,0
1087,63,10870.136,0.272,OK,0
1088,64,10880.182,0.290,OK,0
1089,65,10890.210,0.296,OK,0
1090,66,10900.133,0.288,OK,0
1091,67,10910.166,0.305,OK,0
1092,68,10920.145,0.314,OK,0
1093,69,10930.153,0.305,OK,0
1094,70,10940.138,0.275,OK,0
1095,71,10950.187,0.325,OK,0
1096,72,10960.108,0.268,OK,0
1097,73,10970.136,0.289,OK,0
1098,74,10980.092,0.373,OK,0
1099,75,10990.095,0.381,OK,0
1100,76,11000.113,0.338,OK,0
1101,77,11010.100,0.262,OK,0
1102,78,11020.084,0.252,OK,0
1103,79,11030.112,0.217,OK,0
1104,80,11040.107,0.308,OK,0
1105,81,11050.101,0.388,OK,0
1106,82,11060.083,0.435,OK,0
1107,83,11070.093,0.322,OK,0
1108,84,11080.104,0.337,OK,0
1109,85,11090.093,0.290,OK,0
1110,86,11100.088,0.333,OK,0
1111,87,11110.087,0.340,OK,0
1112,88,11120.086,0.272,OK,0
1113,89,11130.102,0.340,OK,0
1114,90,11140.094,0.357,OK,0
1115,91,11150.081,0.390,OK,0
1116,92,11160.080,0.205,OK,0
1117,93,11170.075,0.215,OK,0
1118,94,11180.092,0.258,OK,0
1119,95,11190.085,0.352,OK,0
1120,96,11200.087,0.368,OK,0
1121,97,11210.091,0.418,OK,0
1122,98,11220.089,0.322,OK,0
1123,99,11230.081,0.383,OK,0
1124,100,11240.091,0.374,OK,0
1125,101,11250.079,0.377,OK,0
1126,102,11260.083,0.379,OK,0
1127,103,11270.095,0.345,OK,0
1128,104,11280.105,0.380,OK,0
1129,105,11290.096,0.365,OK,0
1130,106,11300.099,0.340,OK,0
1131,107,11310.096,0.400,OK,0
1132,108,11320.076,0.336,OK,0
1133,109,11330.082,0.353,OK,0
1134,110,11340.081,0.317,OK,0
1135,111,11350.110,0.391,OK,0
1136,112,11360.094,0.381,OK,0
1137,113,11370.088,0.343,OK,0
1138,114,11380.096,0.376,OK,0
1139,115,11390.113,0.368,OK,0
1140,116,11400.096,0.401,OK,0
1141,117,11410.092,0.318,OK,0
1142,118,11420.088,0.359,OK,0
1143,119,11430.083,0.342,OK,0
1144,120,11440.085,0.323,OK,0
1145,121,11450.097,0.373,OK,0
1146,122,11460.081,0.341,OK,0
1147,123,11470.088,0.290,OK,0
1148,124,11480.098,0.330,OK,0
1149,125,11490.078,0.302,OK,0
1150,126,11500.096,0.365,OK,0
1151,127,11510.104,0.314,OK,0
1152,128,11520.088,0.366,OK,0
1153,129,11530.094,0.292,OK,0
1154,130,11540.076,0.296,OK,0
1155,131,11550.092,0.287,OK,0
1156,132,11560.084,0.333,OK,0
1157,133,11570.083,0.462,OK,0
1158,134,11580.077,0.336,OK,0
1159,135,11590.088,0.444,OK,0
1160,136,11600.168,0.410,OK,0
1161,137,11610.096,0.348,OK,0
1162,138,11620.127,0.297,OK,0
1163,139,11630.101,0.371,OK,0
1164,140,11640.176,0.292,OK,0
1165,141,11650.148,0.441,OK,0
1166,142,11660.126,0.441,OK,0
1167,143,11670.083,0.304,OK,0
1168,144,11680.086,0.339,OK,0
1169,145,11690.086,0.373,OK,0
1170,146,11700.080,0.300,OK,0
1171,147,11710.079,0.243,OK,0
1172,148,11720.084,0.286,OK,0
1173,149,11730.088,0.345,OK,0
1174,150,11740.109,0.351,OK,0
1175,151,11750.085,0.213,OK,0
1176,152,11760.095,0.376,OK,0
1177,153,11770.080,0.297,OK,0
1178,154,11780.117,0.349,OK,0
1179,155,11790.087,0.388,OK,0
1180,156,11800.074,0.284,OK,0
1181,157,11810.075,0.297,OK,0
1182,158,11820.085,0.330,OK,0
1183,159,11830.075,0.392,OK,0
1184,160,11840.092,0.379,OK,0
1185,161,11850.100,0.214,OK,0
1186,162,11860.127,0.421,OK,0
1187,163,11870.084,0.416,OK,0
1188,164,11880.095,0.373,OK,0
1189,165,11890.084,0.386,OK,0
1190,166,11900.074,0.302,OK,0
1191,167,11910.087,0.314,OK,0
1192,168,11920.074,0.288,OK,0
1193,169,11930.088,0.320,OK,0
1194,170,11940.086,0.377,OK,0
1195,171,11950.099,0.351,OK,0
1196,172,11960.091,0.375,OK,0
1197,173,11970.080,0.320,OK,0
1198,174,11980.081,0.443,OK,0
1199,175,11990.081,0.311,OK,0
1200,176,12000.083,0.349,OK,0
1201,177,12010.098,0.408,OK,0
1202,178,12020.080,0.309,OK,0
1203,179,12030.110,0.362,OK,0
1204,180,12040.105,0.378,OK,0
1205,181,12050.088,0.319,OK,0
1206,182,12060.103,0.403,OK,0
1207,183,12070.082,0.359,OK,0
1208,184,12080.076,0.369,OK,0
1209,185,12090.108,0.455,OK,0
1210,186,12100.086,0.467,OK,0
1211,187,12110.088,0.470,OK,0
1212,188,12120.090,0.465,OK,0
1213,189,12130.082,0.483,OK,0
1214,190,12140.087,0.459,OK,0
1215,191,12150.093,0.466,OK,0
1216,192,12160.109,0.552,OK,0
1217,193,12170.102,0.403,OK,0
1218,194,12180.083,0.413,OK,0
1219,195,12190.089,0.443,OK,0
1220,196,12200.082,0.450,OK,0
1221,197,12210.209,0.447,OK,0
1222,198,12220.136,0.389,OK,0
1223,199,12230.187,0.387,OK,0
1224,200,12240.145,0.397,OK,0
1225,201,12250.179,0.406,OK,0
1226,202,12260.144,0.337,OK,0
1227,203,12270.177,0.397,OK,0
1228,204,12280.142,0.449,OK,0
1229,205,12290.100,0.313,OK,0
1230,206,12300.082,0.285,OK,0
1231,207,12310.174,0.217,OK,0
1232,208,12320.078,0.225,OK,0
1233,209,12330.081,0.377,OK,0
1234,210,12340.097,0.206,OK,0
1235,211,12350.098,0.235,OK,0
1236,212,12360.106,0.224,OK,0
1237,213,12370.086,0.335,OK,0
1238,214,12380.090,0.341,OK,0
1239,215,12390.101,0.352,OK,0
1240,216,12400.093,0.328,OK,0
1241,217,12410.106,0.351,OK,0
1242,218,12420.099,0.338,OK,0
1243,219,12430.093,0.227,OK,0
1244,220,12440.087,0.349,OK,0
1245,221,12450.082,0.418,OK,0
1246,222,12460.094,0.361,OK,0
1247,223,12470.159,0.370,OK,0
1248,224,12480.166,0.398,OK,0
1249,225,12490.154,0.422,OK,0
1250,226,12500.172,0.435,OK,0
1251,227,12510.097,0.439,OK,0
1252,228,12520.085,0.236,OK,0
1253,229,12530.082,0.309,OK,0
1254,230,12540.173,0.345,OK,0
1255,231,12550.103,0.212,OK,0
1256,232,12560.081,0.304,OK,0
1257,233,12570.081,0.287,OK,0
1258,234,12580.079,0.325,OK,0
1259,235,12590.082,0.322,OK,0
1260,236,12600.083,0.328,OK,0
1261,237,12610.093,0.274,OK,0
1262,238,12620.083,0.262,OK,0
1263,239,12630.080,0.287,OK,0
1264,240,12640.085,0.298,OK,0
1265,241,12650.080,0.323,OK,0
1266,242,12660.071,0.253,OK,0
1267,243,12670.083,0.365,OK,0
1268,244,12680.081,0.273,OK,0
1269,245,12690.081,0.302,OK,0
1270,246,12700.082,0.275,OK,0
1271,247,12710.080,0.272,OK,0
1272,248,12720.071,0.313,OK,0
1273,249,12730.164,0.284,OK,0
1274,250,12740.152,0.361,OK,0
1275,251,12750.142,0.285,OK,0
1276,252,12760.140,0.391,OK,0
1277,253,12770.138,0.263,OK,0
1278,254,12780.161,0.388,OK,0
1279,255,12790.201,0.340,OK,0
1280,0,12800.099,0.349,OK,0
1281,1,12810.096,0.346,OK,0
1282,2,12820.080,0.275,OK,0
1283,3,12830.086,0.214,OK,0
1284,4,12840.080,0.236,OK,0
1285,5,12850.096,0.251,OK,0
1286,6,12860.081,0.221,OK,0
1287,7,12870.095,0.221,OK,0
1288,8,12880.091,0.254,OK,0
1289,9,12890.083,0.205,OK,0
1290,10,12900.082,0.207,OK,0
1291,11,12910.079,0.347,OK,0
1292,12,12920.081,0.343,OK,0
1293,13,12930.078,0.300,OK,0
1294,14,12940.078,0.357,OK,0
1295,15,12950.078,0.337,OK,0
1296,16,12960.083,0.373,OK,0
1297,17,12970.078,0.354,OK,0
1298,18,12980.077,0.329,OK,0
1299,19,12990.070,0.409,OK,0
1300,20,13000.087,0.334,OK,0
1301,21,13010.075,0.333,OK,0
1302,22,13020.079,0.310,OK,0
1303,23,13030.074,0.393,OK,0
1304,24,13040.079,0.233,OK,0
1305,25,13050.084,0.316,OK,0
1306,26,13060.081,0.306,OK,0
1307,27,13070.085,0.306,OK,0
1308,28,13080.084,0.308,OK,0
1309,29,13090.078,0.289,OK,0
1310,30,13100.079,0.279,OK,0
1311,31,13110.069,0.299,OK,0
1312,32,13120.079,0.356,OK,0
1313,33,13130.082,0.347,OK,0
1314,34,13140.136,0.328,OK,0
1315,35,13150.100,0.308,OK,0
1316,36,13160.083,0.375,OK,0
1317,37,13170.089,0.301,OK,0
1318,38,13180.089,0.328,OK,0
1319,39,13190.095,0.291,OK,0
1320,40,13200.085,0.329,OK,0
1321,41,13210.081,0.326,OK,0
1322,42,13220.089,0.240,OK,0
1323,43,13230.085,0.392,OK,0
1324,44,13240.080,0.337,OK,0
1325,45,13250.088,0.378,OK,0
1326,46,13260.077,0.347,OK,0
1327,47,13270.083,0.329,OK,0
1328,48,13280.092,0.387,OK,0
1329,49,13290.079,0.335,OK,0
1330,50,13300.086,0.389,OK,0
1331,51,13310.078,0.378,OK,0
1332,52,13320.092,0.292,OK,0
1333,53,13330.084,0.372,OK,0
1334,54,13340.080,0.307,OK,0
1335,55,13350.082,0.338,OK,0
1336,56,13360.089,0.335,OK,0
1337,57,13370.093,0.308,OK,0
1338,58,13380.083,0.304,OK,0
1339,59,13390.097,0.352,OK,0
1340,60,13400.085,0.317,OK,0
1341,61,13410.085,0.283,OK,0
1342,62,13420.088,0.328,OK,0
1343,63,13430.082,0.328,OK,0
1344,64,13440.089,0.372,OK,0
1345,65,13450.091,0.388,OK,0
1346,66,13460.096,0.390,OK,0
1347,67,13470.094,0.380,OK,0
1348,68,13480.083,0.336,OK,0
1349,69,13490.092,0.331,OK,0
1350,70,13500.093,0.328,OK,0
1351,71,13510.077,0.281,OK,0
1352,72,13520.168,0.259,OK,0
1353,73,13530.132,0.369,OK,0
1354,74,13540.140,0.334,OK,0
1355,75,13550.085,0.475,OK,0
1356,76,13560.138,0.341,OK,0
1357,77,13570.138,0.287,OK,0
1358,78,13580.187,0.324,OK,0
1359,79,13590.141,0.340,OK,0
1360,80,13600.077,0.312,OK,0
1361,81,13610.144,0.342,OK,0
1362,82,13620.273,0.419,OK,0
1363,83,13630.151,0.432,OK,0
1364,84,13640.186,0.458,OK,0
1365,85,13650.134,0.524,OK,0
1366,86,13660.152,0.448,OK,0
1367,87,13670.164,0.421,OK,0
1368,88,13680.167,0.478,OK,0
1369,89,13690.176,0.462,OK,0
1370,90,13700.182,0.328,OK,0
1371,91,13710.154,0.491,OK,0
1372,92,13720.170,0.322,OK,0
1373,93,13730.173,0.380,OK,0
1374,94,13740.163,0.320,OK,0
1375,95,13750.100,0.344,OK,0
1376,96,13760.103,0.407,OK,0
1377,97,13770.096,0.347,OK,0
1378,98,13780.086,0.389,OK,0
1379,99,13790.094,0.381,OK,0
1380,100,13800.079,0.372,OK,0
1381,101,13810.096,0.384,OK,0
1382,102,13820.105,0.372,OK,0
1383,103,13830.103,0.385,OK,0
1384,104,13840.107,0.391,OK,0
1385,105,13850.142,0.344,OK,0
1386,106,13860.080,0.413,OK,0
1387,107,13870.184,0.295,OK,0
1388,108,13880.114,0.329,OK,0
1389,109,13890.081,0.345,OK,0
1390,110,13900.090,0.253,OK,0
1391,111,13910.088,0.383,OK,0
1392,112,13920.078,0.293,OK,0
1393,113,13930.091,0.340,OK,0
1394,114,13940.088,0.241,OK,0
1395,115,13950.076,0.396,OK,0
1396,116,13960.088,0.255,OK,0
1397,117,13970.085,0.202,OK,0
1398,118,13980.084,0.260,OK,0
1399,119,13990.072,0.268,OK,0
1400,120,14000.081,0.195,OK,0
1401,121,14010.091,0.378,OK,0
1402,122,14020.076,0.275,OK,0
1403,123,14030.085,0.268,OK,0
1404,124,14040.109,0.238,OK,0
1405,125,14050.078,0.233,OK,0
1406,126,14060.107,0.242,OK,0
1407,127,14070.089,0.430,OK,0
1408,128,14080.091,0.223,OK,0
1409,129,14090.091,0.333,OK,0
1410,130,14100.096,0.235,OK,0
1411,131,14110.085,0.205,OK,0
1412,132,14120.077,0.264,OK,0
1413,133,14130.086,0.227,OK,0
1414,134,14140.088,0.330,OK,0
1415,135,14150.079,0.224,OK,0
1416,136,14160.103,0.323,OK,0
1417,137,14170.079,0.347,OK,0
1418,138,14180.087,0.290,OK,0
1419,139,14190.082,0.354,OK,0
1420,140,14200.090,0.387,OK,0
1421,141,14210.094,0.347,OK,0
1422,142,14220.089,0.298,OK,0
1423,143,14230.102,0.348,OK,0
1424,144,14240.085,0.365,OK,0
1425,145,14250.082,0.365,OK,0
1426,146,14260.094,0.413,OK,0
1427,147,14270.071,0.564,OK,0
1428,148,14280.104,0.359,OK,0
1429,149,14290.192,0.513,OK,0
1430,150,14300.180,0.341,OK,0
1431,151,14310.168,0.320,OK,0
1432,152,14320.075,0.269,OK,0
1433,153,14330.154,0.502,OK,0
1434,154,14340.169,0.489,OK,0
1435,155,14350.165,0.489,OK,0
1436,156,14360.151,0.290,OK,0
1437,157,14370.100,0.500,OK,0
1438,158,14380.156,0.402,OK,0
1439,159,14390.177,0.298,OK,0
1440,160,14400.155,0.249,OK,0
1441,161,14410.168,0.465,OK,0
1442,162,14420.114,0.546,OK,0
1443,163,14430.160,0.537,OK,0
1444,164,14440.156,0.495,OK,0
1445,165,14450.170,0.552,OK,0
1446,166,14460.185,0.382,OK,0
1447,167,14470.144,0.322,OK,0
1448,168,14480.144,0.403,OK,0
1449,169,14490.177,0.323,OK,0
1450,170,14500.145,0.342,OK,0
1451,171,14510.137,0.343,OK,0
1452,172,14520.129,0.241,OK,0
1453,173,14530.137,0.284,OK,0
1454,174,14540.198,0.356,OK,0
1455,175,14550.150,0.218,OK,0
1456,176,14560.140,0.350,OK,0
1457,177,14570.092,0.217,OK,0
1458,178,14580.183,0.370,OK,0
1459,179,14590.173,0.334,OK,0
1460,180,14600.166,0.289,OK,0
1461,181,14610.149,0.448,OK,0
1462,182,14620.121,0.575,OK,0
1463,183,14630.134,0.430,OK,0
1464,184,14640.153,0.432,OK,0
1465,185,14650.163,0.377,OK,0
1466,186,14660.166,0.410,OK,0
1467,187,14670.213,0.639,OK,0
1468,188,14680.148,0.677,OK,0
1469,189,14690.144,0.305,OK,0
1470,190,14700.143,0.324,OK,0
1471,191,14710.140,0.520,OK,0
1472,192,14720.130,0.285,OK,0
1473,193,14730.119,0.403,OK,0
1474,194,14740.141,0.373,OK,0
1475,195,14750.150,0.305,OK,0
1476,196,14760.169,0.404,OK,0
1477,197,14770.154,0.345,OK,0
1478,198,14780.157,0.277,OK,0
1479,199,14790.148,0.370,OK,0
1480,200,14800.142,0.295,OK,0
1481,201,14810.156,0.315,OK,0
1482,202,14820.139,0.327,OK,0
1483,203,14830.139,0.380,OK,0
1484,204,14840.148,0.313,OK,0
1485,205,14850.151,0.349,OK,0
1486,206,14860.161,0.317,OK,0
1487,207,14870.102,0.352,OK,0
1488,208,14880.119,0.233,OK,0
1489,209,14890.149,0.486,OK,0
1490,210,14900.119,0.365,OK,0
1491,211,14910.083,0.281,OK,0
1492,212,14920.087,0.400,OK,0
1493,213,14930.075,0.317,OK,0
1494,214,14940.090,0.271,OK,0
1495,215,14950.090,0.419,OK,0
1496,216,14960.076,0.328,OK,0
1497,217,14970.093,0.263,OK,0
1498,218,14980.116,0.349,OK,0
1499,219,14990.086,0.447,OK,0
1500,220,15000.086,0.333,OK,0
1501,221,15010.106,0.456,OK,0
1502,222,15020.112,0.380,OK,0
1503,223,15030.086,0.269,OK,0
1504,224,15040.092,0.210,OK,0
1505,225,15050.083,0.366,OK,0
1506,226,15060.079,0.282,OK,0
1507,227,15070.082,0.294,OK,0
1508,228,15080.091,0.345,OK,0
1509,229,15090.090,0.299,OK,0
1510,230,15100.079,0.269,OK,0
1511,231,15110.086,0.305,OK,0
1512,232,15120.084,0.323,OK,0
1513,233,15130.087,0.280,OK,0
1514,234,15140.069,0.373,OK,0
1515,235,15150.080,0.388,OK,0
1516,236,15160.077,0.277,OK,0
1517,237,15170.079,0.305,OK,0
1518,238,15180.088,0.254,OK,0
1519,239,15190.089,0.255,OK,0
1520,240,15200.077,0.258,OK,0
1521,241,15210.083,0.297,OK,0
1522,242,15220.086,0.299,OK,0
1523,243,15230.107,0.305,OK,0
1524,244,15240.085,0.218,OK,0
1525,245,15250.078,0.322,OK,0
1526,246,15260.081,0.294,OK,0
1527,247,15270.079,0.393,OK,0
1528,248,15280.087,0.319,OK,0
1529,249,15290.084,0.343,OK,0
1530,250,15300.081,0.287,OK,0
1531,251,15310.085,0.353,OK,0
1532,252,15320.091,0.278,OK,0
1533,253,15330.074,0.356,OK,0
1534,254,15340.101,0.266,OK,0
1535,255,15350.084,0.275,OK,0
1536,0,15360.082,0.277,OK,0
1537,1,15370.092,0.287,OK,0
1538,2,15380.087,0.269,OK,0
1539,3,15390.083,0.338,OK,0
1540,4,15400.084,0.298,OK,0
1541,5,15410.089,0.266,OK,0
1542,6,15420.085,0.299,OK,0
1543,7,15430.099,0.376,OK,0
1544,8,15440.074,0.281,OK,0
1545,9,15450.109,0.359,OK,0
1546,10,15460.091,0.378,OK,0
1547,11,15470.092,0.245,OK,0
1548,12,15480.088,0.241,OK,0
1549,13,15490.090,0.218,OK,0
1550,14,15500.094,0.257,OK,0
1551,15,15510.096,0.234,OK,0
1552,16,15520.100,0.254,OK,0
1553,17,15530.119,0.201,OK,0
1554,18,15540.092,0.246,OK,0
1555,19,15550.112,0.235,OK,0
1556,20,15560.106,0.238,OK,0
1557,21,15570.086,0.205,OK,0
1558,22,15580.100,0.257,OK,0
1559,23,15590.107,0.246,OK,0
1560,24,15600.107,0.350,OK,0
1561,25,15610.089,0.337,OK,0
1562,26,15620.093,0.203,OK,0
1563,27,15630.100,0.247,OK,0
1564,28,15640.088,0.206,OK,0
1565,29,15650.099,0.402,OK,0
1566,30,15660.096,0.320,OK,0
1567,31,15670.112,0.246,OK,0
1568,32,15680.114,0.245,OK,0
1569,33,15690.094,0.220,OK,0
1570,34,15700.087,0.331,OK,0
1571,35,15710.081,0.333,OK,0
1572,36,15720.157,0.398,OK,0
1573,37,15730.087,0.324,OK,0
1574,38,15740.164,0.400,OK,0
1575,39,15750.106,0.305,OK,0
1576,40,15760.098,0.327,OK,0
1577,41,15770.106,0.347,OK,0
1578,42,15780.154,0.475,OK,0
1579,43,15790.093,0.292,OK,0
1580,44,15800.152,0.223,OK,0
1581,45,15810.109,0.341,OK,0
1582,46,15820.169,0.430,OK,0
1583,47,15830.127,0.279,OK,0
1584,48,15840.165,0.277,OK,0
1585,49,15850.112,0.377,OK,0
1586,50,15860.202,0.378,OK,0
1587,51,15870.167,0.376,OK,0
1588,52,15880.110,0.336,OK,0
1589,53,15890.083,0.235,OK,0
1590,54,15900.100,0.394,OK,0
1591,55,15910.095,0.224,OK,0
1592,56,15920.082,0.227,OK,0
1593,57,15930.079,0.214,OK,0
1594,58,15940.079,0.223,OK,0
1595,59,15950.091,0.255,OK,0
1596,60,15960.081,0.203,OK,0
1597,61,15970.087,0.256,OK,0
1598,62,15980.093,0.241,OK,0
1599,63,15990.087,0.226,OK,0
1600,64,16000.106,0.223,OK,0
1601,65,16010.076,0.206,OK,0
1602,66,16020.081,0.238,OK,0
1603,67,16030.076,0.210,OK,0
1604,68,16040.083,0.186,OK,0
1605,69,16050.086,0.328,OK,0
1606,70,16060.084,0.260,OK,0
1607,71,16070.094,0.317,OK,0
1608,72,16080.105,0.299,OK,0
1609,73,16090.082,0.274,OK,0
1610,74,16100.098,0.319,OK,0
1611,75,16110.094,0.340,OK,0
1612,76,16120.085,0.350,OK,0
1613,77,16130.074,0.302,OK,0
1614,78,16140.097,0.262,OK,0
1615,79,16150.091,0.376,OK,0
1616,80,16160.104,0.326,OK,0
1617,81,16170.089,0.266,OK,0
1618,82,16180.082,0.305,OK,0
1619,83,16190.085,0.289,OK,0
1620,84,16200.098,0.290,OK,0
1621,85,16210.085,0.356,OK,0
1622,86,16220.083,0.542,OK,0
1623,87,16230.094,0.364,OK,0
1624,88,16240.178,0.364,OK,0
1625,89,16250.094,0.337,OK,0
1626,90,16260.086,0.286,OK,0
1627,91,16270.091,0.348,OK,0
1628,92,16280.088,0.274,OK,0
1629,93,16290.090,0.329,OK,0
1630,94,16300.091,0.356,OK,0
1631,95,16310.099,0.300,OK,0
1632,96,16320.094,0.316,OK,0
1633,97,16330.089,0.379,OK,0
1634,98,16340.104,0.358,OK,0
1635,99,16350.105,0.339,OK,0
1636,100,16360.083,0.356,OK,0
1637,101,16370.080,0.339,OK,0
1638,102,16380.073,0.356,OK,0
1639,103,16390.090,0.332,OK,0
1640,104,16400.096,0.353,OK,0
1641,105,16410.097,0.277,OK,0
1642,106,16420.090,0.429,OK,0
1643,107,16430.086,0.503,OK,0
1644,108,16440.099,0.521,OK,0
1645,109,16450.101,0.517,OK,0
1646,110,16460.091,0.405,OK,0
1647,111,16470.076,0.351,OK,0
1648,112,16480.072,0.292,OK,0
1649,113,16490.103,0.360,OK,0
1650,114,16500.087,0.357,OK,0
1651,115,16510.089,0.329,OK,0
1652,116,16520.091,0.482,OK,0
1653,117,16530.081,0.466,OK,0
1654,118,16540.104,0.223,OK,0
1655,119,16550.137,0.389,OK,0
1656,120,16560.098,0.447,OK,0
1657,121,16570.097,0.520,OK,0
1658,122,16580.083,0.387,OK,0
1659,123,16590.095,0.446,OK,0
1660,124,16600.087,0.380,OK,0
1661,125,16610.075,0.431,OK,0
1662,126,16620.087,0.517,OK,0
1663,127,16630.081,0.437,OK,0
1664,128,16640.088,0.439,OK,0
1665,129,16650.094,0.338,OK,0
1666,130,16660.116,0.354,OK,0
1667,131,16670.108,0.446,OK,0
1668,132,16680.083,0.444,OK,0
1669,133,16690.096,0.417,OK,0
1670,134,16700.106,0.281,OK,0
1671,135,16710.106,0.318,OK,0
1672,136,16720.087,0.243,OK,0
1673,137,16730.085,0.234,OK,0
1674,138,16740.140,0.274,OK,0
1675,139,16750.109,0.247,OK,0
1676,140,16760.111,0.245,OK,0
1677,141,16770.124,0.334,OK,0
1678,142,16780.108,0.256,OK,0
1679,143,16790.093,0.239,OK,0
1680,144,16800.105,0.219,OK,0
1681,145,16810.099,0.242,OK,0
1682,146,16820.101,0.227,OK,0
1683,147,16830.094,0.385,OK,0
1684,148,16840.088,0.287,OK,0
1685,149,16850.100,0.230,OK,0
1686,150,16860.103,0.373,OK,0
1687,151,16870.082,0.300,OK,0
1688,152,16880.099,0.396,OK,0
1689,153,16890.084,0.361,OK,0
1690,154,16900.082,0.351,OK,0
1691,155,16910.080,0.309,OK,0
1692,156,16920.076,0.359,OK,0
1693,157,16930.092,0.336,OK,0
1694,158,16940.114,0.249,OK,0
1695,159,16950.093,0.239,OK,0
1696,160,16960.096,0.263,OK,0
1697,161,16970.078,0.212,OK,0
1698,162,16980.093,0.377,OK,0
1699,163,16990.093,0.362,OK,0
1700,164,17000.081,0.214,OK,0
1701,165,17010.083,0.214,OK,0
1702,166,17020.107,0.341,OK,0
1703,167,17030.093,0.425,OK,0
1704,168,17040.161,0.277,OK,0
1705,169,17050.144,0.352,OK,0
1706,170,17060.116,0.352,OK,0
1707,171,17070.156,0.343,OK,0
1708,172,17080.104,0.334,OK,0
1709,173,17090.099,0.331,OK,0
1710,174,17100.137,0.293,OK,0
1711,175,17110.137,0.316,OK,0
1712,176,17120.184,0.346,OK,0
1713,177,17130.094,0.354,OK,0
1714,178,17140.153,0.287,OK,0
1715,179,17150.091,0.326,OK,0
1716,180,17160.100,0.292,OK,0
1717,181,17170.167,0.238,OK,0
1718,182,17180.091,0.236,OK,0
1719,183,17190.074,0.267,OK,0
1720,184,17200.212,0.342,OK,0
1721,185,17210.092,0.277,OK,0
1722,186,17220.085,0.227,OK,0
1723,187,17230.028,0.178,OK,0
1724,188,17240.092,0.237,OK,0
1725,189,17250.100,0.218,OK,0
1726,190,17260.099,0.225,OK,0
1727,191,17270.098,0.227,OK,0
1728,192,17280.119,0.255,OK,0
1729,193,17290.075,0.190,OK,0
1730,194,17300.099,0.204,OK,0
1731,195,17310.093,0.219,OK,0
1732,196,17320.104,0.335,OK,0
1733,197,17330.075,0.314,OK,0
1734,198,17340.088,0.205,OK,0
1735,199,17350.083,0.192,OK,0
1736,200,17360.101,0.221,OK,0
1737,201,17370.078,0.205,OK,0
1738,202,17380.104,0.217,OK,0
1739,203,17390.096,0.352,OK,0
1740,204,17400.100,0.228,OK,0
1741,205,17410.092,0.333,OK,0
1742,206,17420.123,0.403,OK,0
1743,207,17430.136,0.358,OK,0
1744,208,17440.087,0.203,OK,0
1745,209,17450.121,0.283,OK,0
1746,210,17460.129,0.276,OK,0
1747,211,17470.125,0.289,OK,0
1748,212,17480.114,0.256,OK,0
1749,213,17490.096,0.218,OK,0
1750,214,17500.087,0.210,OK,0
1751,215,17510.095,0.321,OK,0
1752,216,17520.121,0.302,OK,0
1753,217,17530.117,0.243,OK,0
1754,218,17540.087,0.192,OK,0
1755,219,17550.077,0.209,OK,0
1756,220,17560.084,0.206,OK,0
1757,221,17570.106,0.237,OK,0
1758,222,17580.108,0.226,OK,0
1759,223,17590.111,0.239,OK,0
1760,224,17600.093,0.234,OK,0
1761,225,17610.102,0.302,OK,0
1762,226,17620.130,0.303,OK,0
1763,227,17630.119,0.233,OK,0
1764,228,17640.102,0.193,OK,0
1765,229,17650.081,0.208,OK,0
1766,230,17660.092,0.224,OK,0
1767,231,17670.125,0.237,OK,0
1768,232,17680.120,0.359,OK,0
1769,233,17690.115,0.265,OK,0
1770,234,17700.114,0.225,OK,0
1771,235,17710.083,0.215,OK,0
1772,236,17720.100,0.377,OK,0
1773,237,17730.098,0.453,OK,0
1774,238,17740.093,0.377,OK,0
1775,239,17750.106,0.416,OK,0
1776,240,17760.160,0.330,OK,0
1777,241,17770.192,0.386,OK,0
1778,242,17780.158,0.360,OK,0
1779,243,17790.143,0.374,OK,0
1780,244,17800.102,0.199,OK,0
1781,245,17810.134,0.453,OK,0
1782,246,17820.140,0.198,OK,0
1783,247,17830.090,0.325,OK,0
1784,248,17840.094,0.320,OK,0
1785,249,17850.076,0.330,OK,0
1786,250,17860.081,0.294,OK,0
1787,251,17870.084,0.355,OK,0
1788,252,17880.110,0.375,OK,0
1789,253,17890.095,0.348,OK,0
1790,254,17900.083,0.358,OK,0
1791,255,17910.109,0.397,OK,0
1792,0,17920.098,0.302,OK,0
1793,1,17930.112,0.447,OK,0
1794,2,17940.089,0.354,OK,0
1795,3,17950.101,0.502,OK,0
1796,4,17960.104,0.324,OK,0
1797,5,17970.101,0.209,OK,0
1798,6,17980.131,0.363,OK,0
1799,7,17990.093,0.357,OK,0
1800,8,18000.100,0.197,OK,0
1801,9,18010.111,0.373,OK,0
1802,10,18020.105,0.369,OK,0
1803,11,18030.105,0.478,OK,0
1804,12,18040.084,0.235,OK,0
1805,13,18050.100,0.442,OK,0
1806,14,18060.093,0.508,OK,0
1807,15,18070.084,0.267,OK,0
1808,16,18080.098,0.323,OK,0
1809,17,18090.102,0.502,OK,0
1810,18,18100.138,0.413,OK,0
1811,19,18110.093,0.429,OK,0
1812,20,18120.075,0.405,OK,0
1813,21,18130.093,0.462,OK,0
1814,22,18140.136,0.387,OK,0
1815,23,18150.149,0.418,OK,0
1816,24,18160.099,0.475,OK,0
1817,25,18170.145,0.365,OK,0
1818,26,18180.135,0.480,OK,0
1819,27,18190.110,0.444,OK,0
1820,28,18200.093,0.453,OK,0
1821,29,18210.130,0.433,OK,0
1822,30,18220.253,0.464,OK,0
1823,31,18230.149,0.401,OK,0
1824,32,18240.135,0.437,OK,0
1825,33,18250.163,0.351,OK,0
1826,34,18260.136,0.496,OK,0
1827,35,18270.083,0.473,OK,0
1828,36,18280.097,0.495,OK,0
1829,37,18290.155,0.464,OK,0
1830,38,18300.168,0.370,OK,0
1831,39,18310.126,0.364,OK,0
1832,40,18320.134,0.453,OK,0
1833,41,18330.135,0.416,OK,0
1834,42,18340.159,0.342,OK,0
1835,43,18350.139,0.483,OK,0
1836,44,18360.134,0.539,OK,0
1837,45,18370.132,0.475,OK,0
1838,46,18380.162,0.426,OK,0
1839,47,18390.174,0.493,OK,0
1840,48,18400.130,0.362,OK,0
1841,49,18410.172,0.385,OK,0
1842,50,18420.179,0.399,OK,0
1843,51,18430.170,0.407,OK,0
1844,52,18440.135,0.256,OK,0
1845,53,18450.107,0.447,OK,0
1846,54,18460.138,0.447,OK,0
1847,55,18470.099,0.423,OK,0
1848,56,18480.095,0.258,OK,0
1849,57,18490.083,0.293,OK,0
1850,58,18500.089,0.251,OK,0
1851,59,18510.115,0.337,OK,0
1852,60,18520.092,0.268,OK,0
1853,61,18530.083,0.298,OK,0
1854,62,18540.092,0.350,OK,0
1855,63,18550.099,0.241,OK,0
1856,64,18560.118,0.424,OK,0
1857,65,18570.099,0.292,OK,0
1858,66,18580.098,0.353,OK,0
1859,67,18590.125,0.334,OK,0
1860,68,18600.090,0.302,OK,0
1861,69,18610.098,0.351,OK,0
1862,70,18620.095,0.345,OK,0
1863,71,18630.096,0.441,OK,0
1864,72,18640.091,0.429,OK,0
1865,73,18650.100,0.364,OK,0
1866,74,18660.088,0.362,OK,0
1867,75,18670.105,0.568,OK,0
1868,76,18680.112,0.450,OK,0
1869,77,18690.097,0.449,OK,0
1870,78,18700.073,0.442,OK,0
1871,79,18710.092,0.468,OK,0
1872,80,18720.089,0.476,OK,0
1873,81,18730.079,0.447,OK,0
1874,82,18740.094,0.531,OK,0
1875,83,18750.086,0.405,OK,0
1876,84,18760.095,0.521,OK,0
1877,85,18770.097,0.384,OK,0
1878,86,18780.140,0.398,OK,0
1879,87,18790.094,0.315,OK,0
1880,88,18800.083,0.200,OK,0
1881,89,18810.102,0.316,OK,0
1882,90,18820.113,0.245,OK,0
1883,91,18830.118,0.212,OK,0
1884,92,18840.142,0.168,OK,0
1885,93,18850.101,0.239,OK,0
1886,94,18860.141,0.336,OK,0
1887,95,18870.154,0.232,OK,0
1888,96,18880.091,0.233,OK,0
1889,97,18890.075,0.330,OK,0
1890,98,18900.079,0.258,OK,0
1891,99,18910.102,0.214,OK,0
1892,100,18920.093,0.250,OK,0
1893,101,18930.102,0.225,OK,0
1894,102,18940.097,0.224,OK,0
1895,103,18950.103,0.218,OK,0
1896,104,18960.092,0.244,OK,0
1897,105,18970.088,0.247,OK,0
1898,106,18980.094,0.240,OK,0
1899,107,18990.075,0.378,OK,0
1900,108,19000.089,0.246,OK,0
1901,109,19010.109,0.357,OK,0
1902,110,19020.087,0.220,OK,0
1903,111,19030.090,0.370,OK,0
1904,112,19040.098,0.269,OK,0
1905,113,19050.084,0.259,OK,0
1906,114,19060.095,0.265,OK,0
1907,115,19070.091,0.270,OK,0
1908,116,19080.087,0.241,OK,0
1909,117,19090.081,0.353,OK,0
1910,118,19100.096,0.259,OK,0
1911,119,19110.102,0.260,OK,0
1912,120,19120.095,0.259,OK,0
1913,121,19130.105,0.242,OK,0
1914,122,19140.105,0.246,OK,0
1915,123,19150.081,0.271,OK,0
1916,124,19160.107,0.260,OK,0
1917,125,19170.093,0.347,OK,0
1918,126,19180.082,0.263,OK,0
1919,127,19190.077,0.280,OK,0
1920,128,19200.094,0.263,OK,0
1921,129,19210.107,0.257,OK,0
1922,130,19220.085,0.243,OK,0
1923,131,19230.090,0.281,OK,0
1924,132,19240.102,0.251,OK,0
1925,133,19250.070,0.333,OK,0
1926,134,19260.112,0.396,OK,0
1927,135,19270.083,0.438,OK,0
1928,136,19280.105,0.409,OK,0
1929,137,19290.082,0.392,OK,0
1930,138,19300.089,0.248,OK,0
1931,139,19310.093,0.297,OK,0
1932,140,19320.084,0.281,OK,0
1933,141,19330.109,0.280,OK,0
1934,142,19340.145,0.264,OK,0
1935,143,19350.159,0.243,OK,0
1936,144,19360.110,0.255,OK,0
1937,145,19370.154,0.209,OK,0
1938,146,19380.177,0.242,OK,0
1939,147,19390.154,0.311,OK,0
1940,148,19400.081,0.279,OK,0
1941,149,19410.150,0.261,OK,0
1942,150,19420.164,0.195,OK,0
1943,151,19430.149,0.216,OK,0
1944,152,19440.165,0.188,OK,0
1945,153,19450.082,0.295,OK,0
1946,154,19460.120,0.331,OK,0
1947,155,19470.102,0.277,OK,0
1948,156,19480.172,0.372,OK,0
1949,157,19490.094,0.373,OK,0
1950,158,19500.103,0.343,OK,0
1951,159,19510.120,0.348,OK,0
1952,160,19520.100,0.374,OK,0
1953,161,19530.136,0.215,OK,0
1954,162,19540.104,0.344,OK,0
1955,163,19550.140,0.343,OK,0
1956,164,19560.137,0.358,OK,0
1957,165,19570.141,0.395,OK,0
1958,166,19580.095,0.408,OK,0
1959,167,19590.083,0.323,OK,0
1960,168,19600.090,0.388,OK,0
1961,169,19610.095,0.404,OK,0
1962,170,19620.092,0.363,OK,0
1963,171,19630.097,0.355,OK,0
1964,172,19640.072,0.380,OK,0
1965,173,19650.090,0.393,OK,0
1966,174,19660.082,0.411,OK,0
1967,175,19670.086,0.350,OK,0
1968,176,19680.088,0.435,OK,0
1969,177,19690.081,0.283,OK,0
1970,178,19700.087,0.362,OK,0
1971,179,19710.088,0.343,OK,0
1972,180,19720.078,0.296,OK,0
1973,181,19730.074,0.335,OK,0
1974,182,19740.099,0.358,OK,0
1975,183,19750.094,0.518,OK,0
1976,184,19760.104,0.415,OK,0
1977,185,19770.092,0.444,OK,0
1978,186,19780.095,0.394,OK,0
1979,187,19790.080,0.324,OK,0
1980,188,19800.082,0.237,OK,0
1981,189,19810.139,0.240,OK,0
1982,190,19820.147,0.236,OK,0
1983,191,19830.138,0.231,OK,0
1984,192,19840.191,0.261,OK,0
1985,193,19850.160,0.270,OK,0
1986,194,19860.163,0.254,OK,0
1987,195,19870.176,0.244,OK,0
1988,196,19880.098,0.317,OK,0
1989,197,19890.137,0.198,OK,0
1990,198,19900.095,0.421,OK,0
1991,199,19910.152,0.277,OK,0
1992,200,19920.159,0.372,OK,0
1993,201,19930.171,0.215,OK,0
1994,202,19940.095,0.294,OK,0
1995,203,19950.136,0.281,OK,0
1996,204,19960.156,0.293,OK,0
1997,205,19970.138,0.306,OK,0
1998,206,19980.099,0.285,OK,0
1999,207,19990.074,0.269,OK,0
2000,208,20000.176,0.203,OK,0
2001,209,20010.138,0.367,OK,0
2002,210,20020.110,0.375,OK,0
2003,211,20030.089,0.316,OK,0
2004,212,20040.091,0.352,OK,0
2005,213,20050.123,0.375,OK,0
2006,214,20060.101,0.408,OK,0
2007,215,20070.110,0.431,OK,0
2008,216,20080.073,0.284,OK,0
2009,217,20090.081,0.512,OK,0
2010,218,20100.151,0.294,OK,0
2011,219,20110.175,0.245,OK,0
2012,220,20120.155,0.415,OK,0
2013,221,20130.151,0.225,OK,0
2014,222,20140.139,0.234,OK,0
2015,223,20150.124,0.259,OK,0
2016,224,20160.151,0.212,OK,0
2017,225,20170.195,0.282,OK,0
2018,226,20180.184,0.315,OK,0
2019,227,20190.111,0.428,OK,0
2020,228,20200.122,0.258,OK,0
2021,229,20210.182,0.225,OK,0
2022,230,20220.189,0.243,OK,0
2023,231,20230.196,0.317,OK,0
2024,232,20240.123,0.285,OK,0
2025,233,20250.151,0.325,OK,0
2026,234,20260.172,0.292,OK,0
2027,235,20270.218,0.377,OK,0
2028,236,20280.206,0.324,OK,0
2029,237,20290.115,0.436,OK,0
2030,238,20300.167,0.341,OK,0
2031,239,20310.120,0.377,OK,0
2032,240,20320.108,0.350,OK,0
2033,241,20330.154,0.344,OK,0
2034,242,20340.147,0.343,OK,0
2035,243,20350.148,0.339,OK,0
2036,244,20360.234,0.291,OK,0
2037,245,20370.184,0.435,OK,0
2038,246,20380.150,0.333,OK,0
2039,247,20390.107,0.316,OK,0
2040,248,20400.187,0.277,OK,0
2041,249,20410.158,0.359,OK,0
2042,250,20420.157,0.368,OK,0
2043,251,20430.121,0.367,OK,0
2044,252,20440.126,0.317,OK,0
2045,253,20450.085,0.276,OK,0
2046,254,20460.118,0.445,OK,0
2047,255,20470.108,0.323,OK,0
2048,0,20480.092,0.269,OK,0
2049,1,20490.091,0.332,OK,0
2050,2,20500.112,0.327,OK,0
2051,3,20510.092,0.291,OK,0
2052,4,20520.105,0.430,OK,0
2053,5,20530.104,0.358,OK,0
2054,6,20540.112,0.261,OK,0
2055,7,20550.112,0.323,OK,0
2056,8,20560.120,0.261,OK,0
2057,9,20570.096,0.424,OK,0
2058,10,20580.146,0.390,OK,0
2059,11,20590.181,0.265,OK,0
2060,12,20600.089,0.232,OK,0
2061,13,20610.087,0.229,OK,0
2062,14,20620.080,0.235,OK,0
2063,15,20630.175,0.307,OK,0
2064,16,20640.099,0.279,OK,0
2065,17,20650.099,0.470,OK,0
2066,18,20660.087,0.423,OK,0
2067,19,20670.201,0.424,OK,0
2068,20,20680.132,0.366,OK,0
2069,21,20690.140,0.253,OK,0
2070,22,20700.140,0.386,OK,0
2071,23,20710.139,0.448,OK,0
2072,24,20720.149,0.460,OK,0
2073,25,20730.080,0.390,OK,0
2074,26,20740.155,0.514,OK,0
2075,27,20750.166,0.281,OK,0
2076,28,20760.187,0.484,OK,0
2077,29,20770.178,0.292,OK,0
2078,30,20780.143,0.319,OK,0
2079,31,20790.219,0.393,OK,0
2080,32,20800.135,0.389,OK,0
2081,33,20810.173,0.507,OK,0
2082,34,20820.146,0.486,OK,0
2083,35,20830.166,0.398,OK,0
2084,36,20840.157,0.413,OK,0
2085,37,20850.144,0.317,OK,0
2086,38,20860.150,0.364,OK,0
2087,39,20870.133,0.396,OK,0
2088,40,20880.135,0.317,OK,0
2089,41,20890.146,0.334,OK,0
2090,42,20900.184,0.362,OK,0
2091,43,20910.137,0.364,OK,0
2092,44,20920.171,0.484,OK,0
2093,45,20930.144,0.326,OK,0
2094,46,20940.151,0.210,OK,0
2095,47,20950.199,0.302,OK,0
2096,48,20960.120,0.344,OK,0
2097,49,20970.143,0.336,OK,0
2098,50,20980.139,0.238,OK,0
2099,51,20990.141,0.223,OK,0
2100,52,21000.138,0.240,OK,0
2101,53,21010.148,0.297,OK,0
2102,54,21020.145,0.381,OK,0
2103,55,21030.163,0.422,OK,0
2104,56,21040.138,0.557,OK,0
2105,57,21050.149,0.307,OK,0
2106,58,21060.076,0.457,OK,0
2107,59,21070.158,0.341,OK,0
2108,60,21080.100,0.358,OK,0
2109,61,21090.096,0.316,OK,0
2110,62,21100.104,0.364,OK,0
2111,63,21110.083,0.323,OK,0
2112,64,21120.101,0.419,OK,0
2113,65,21130.098,0.309,OK,0
2114,66,21140.085,0.358,OK,0
2115,67,21150.091,0.400,OK,0
2116,68,21160.077,0.252,OK,0
2117,69,21170.087,0.368,OK,0
2118,70,21180.100,0.251,OK,0
2119,71,21190.082,0.238,OK,0
2120,72,21200.093,0.387,OK,0
2121,73,21210.082,0.385,OK,0
2122,74,21220.092,0.327,OK,0
2123,75,21230.088,0.345,OK,0
2124,76,21240.113,0.275,OK,0
2125,77,21250.092,0.301,OK,0
2126,78,21260.082,0.372,OK,0
2127,79,21270.088,0.345,OK,0
2128,80,21280.128,0.290,OK,0
2129,81,21290.170,0.362,OK,0
2130,82,21300.078,0.531,OK,0
2131,83,21310.080,0.353,OK,0
2132,84,21320.325,0.339,OK,0
2133,85,21330.077,0.414,OK,0
2134,86,21340.129,0.346,OK,0
2135,87,21350.148,0.270,OK,0
2136,88,21360.093,0.299,OK,0
2137,89,21370.078,0.387,OK,0
2138,90,21380.090,0.337,OK,0
2139,91,21390.145,0.297,OK,0
2140,92,21400.111,0.358,OK,0
2141,93,21410.077,0.602,OK,0
2142,94,21420.088,0.376,OK,0
2143,95,21430.081,0.512,OK,0
2144,96,21440.090,0.402,OK,0
2145,97,21450.085,0.338,OK,0
2146,98,21460.089,0.331,OK,0
2147,99,21470.097,0.348,OK,0
2148,100,21480.083,0.469,OK,0
2149,101,21490.090,0.359,OK,0
2150,102,21500.093,0.390,OK,0
2151,103,21510.070,0.268,OK,0
2152,104,21520.086,0.595,OK,0
2153,105,21530.080,0.276,OK,0
2154,106,21540.087,0.495,OK,0
2155,107,21550.080,0.353,OK,0
2156,108,21560.089,0.622,OK,0
2157,109,21570.094,0.511,OK,0
2158,110,21580.079,0.485,OK,0
2159,111,21590.087,0.613,OK,0
2160,112,21600.083,0.297,OK,0
2161,113,21610.086,0.331,OK,0
2162,114,21620.070,0.241,OK,0
2163,115,21630.080,0.273,OK,0
2164,116,21640.088,0.541,OK,0
2165,117,21650.079,0.308,OK,0
2166,118,21660.087,0.502,OK,0
2167,119,21670.096,0.341,OK,0
2168,120,21680.081,0.307,OK,0
2169,121,21690.091,0.351,OK,0
2170,122,21700.082,0.623,OK,0
2171,123,21710.089,0.280,OK,0
2172,124,21720.080,0.504,OK,0
2173,125,21730.083,0.392,OK,0
2174,126,21740.100,0.679,OK,0
2175,127,21750.078,0.283,OK,0
2176,128,21760.087,0.417,OK,0
2177,129,21770.139,0.598,OK,0
2178,130,21780.126,0.441,OK,0
2179,131,21790.134,0.355,OK,0
2180,132,21800.174,0.468,OK,0
2181,133,21810.170,0.414,OK,0
2182,134,21820.183,0.572,OK,0
2183,135,21830.173,0.336,OK,0
2184,136,21840.327,0.391,OK,0
2185,137,21850.156,0.352,OK,0
2186,138,21860.209,0.446,OK,0
2187,139,21870.336,0.404,OK,0
2188,140,21880.182,0.355,OK,0
2189,141,21890.159,0.315,OK,0
2190,142,21900.143,0.352,OK,0
2191,143,21910.141,0.340,OK,0
2192,144,21920.143,0.219,OK,0
2193,145,21930.117,0.372,OK,0
2194,146,21940.128,0.367,OK,0
2195,147,21950.110,0.321,OK,0
2196,148,21960.174,0.385,OK,0
2197,149,21970.189,0.285,OK,0
2198,150,21980.165,0.267,OK,0
2199,151,21990.177,0.303,OK,0
2200,152,22000.098,0.412,OK,0
2201,153,22010.183,0.331,OK,0
2202,154,22020.116,0.392,OK,0
2203,155,22030.114,0.474,OK,0
2204,156,22040.098,0.612,OK,0
2205,157,22050.097,0.380,OK,0
2206,158,22060.095,0.348,OK,0
2207,159,22070.074,0.236,OK,0
2208,160,22080.107,0.298,OK,0
2209,161,22090.108,0.324,OK,0
2210,162,22100.093,0.440,OK,0
2211,163,22110.114,0.464,OK,0
2212,164,22120.089,0.433,OK,0
2213,165,22130.096,0.468,OK,0
2214,166,22140.106,0.443,OK,0
2215,167,22150.084,0.454,OK,0
2216,168,22160.084,0.407,OK,0
2217,169,22170.094,0.432,OK,0
2218,170,22180.117,0.479,OK,0
2219,171,22190.093,0.449,OK,0
2220,172,22200.093,0.450,OK,0
2221,173,22210.093,0.428,OK,0
2222,174,22220.088,0.413,OK,0
2223,175,22230.100,0.450,OK,0
2224,176,22240.090,0.426,OK,0
2225,177,22250.093,0.357,OK,0
2226,178,22260.098,0.402,OK,0
2227,179,22270.082,0.452,OK,0
2228,180,22280.137,0.468,OK,0
2229,181,22290.143,0.564,OK,0
2230,182,22300.159,0.466,OK,0
2231,183,22310.148,0.378,OK,0
2232,184,22320.169,0.362,OK,0
2233,185,22330.138,0.447,OK,0
2234,186,22340.130,0.481,OK,0
2235,187,22350.164,0.452,OK,0
2236,188,22360.136,0.351,OK,0
2237,189,22370.153,0.361,OK,0
2238,190,22380.180,0.471,OK,0
2239,191,22390.151,0.371,OK,0
2240,192,22400.173,0.464,OK,0
2241,193,22410.151,0.496,OK,0
2242,194,22420.181,0.360,OK,0
2243,195,22430.163,0.451,OK,0
2244,196,22440.133,0.431,OK,0
2245,197,22450.162,0.347,OK,0
2246,198,22460.182,0.302,OK,0
2247,199,22470.141,0.446,OK,0
2248,200,22480.143,0.385,OK,0
2249,201,22490.176,0.510,OK,0
2250,202,22500.135,0.354,OK,0
2251,203,22510.139,0.328,OK,0
2252,204,22520.148,0.371,OK,0
2253,205,22530.149,0.361,OK,0
2254,206,22540.164,0.405,OK,0
2255,207,22550.135,0.350,OK,0
2256,208,22560.169,0.366,OK,0
2257,209,22570.154,0.377,OK,0
2258,210,22580.132,0.305,OK,0
2259,211,22590.163,0.541,OK,0
2260,212,22600.176,0.434,OK,0
2261,213,22610.163,0.347,OK,0
2262,214,22620.175,0.364,OK,0
2263,215,22630.166,0.348,OK,0
2264,216,22640.165,0.368,OK,0
2265,217,22650.156,0.265,OK,0
2266,218,22660.170,0.372,OK,0
2267,219,22670.151,0.382,OK,0
2268,220,22680.156,0.367,OK,0
2269,221,22690.139,0.440,OK,0
2270,222,22700.161,0.409,OK,0
2271,223,22710.158,0.387,OK,0
2272,224,22720.120,0.313,OK,0
2273,225,22730.129,0.275,OK,0
2274,226,22740.152,0.353,OK,0
2275,227,22750.146,0.265,OK,0
2276,228,22760.187,0.492,OK,0
2277,229,22770.162,0.501,OK,0
2278,230,22780.150,0.614,OK,0
2279,231,22790.094,0.403,OK,0
2280,232,22800.082,0.351,OK,0
2281,233,22810.079,0.402,OK,0
2282,234,22820.181,0.466,OK,0
2283,235,22830.159,0.404,OK,0
2284,236,22840.189,0.513,OK,0
2285,237,22850.165,0.693,OK,0
2286,238,22860.161,0.622,OK,0
2287,239,22870.179,0.646,OK,0
2288,240,22880.153,0.335,OK,0
2289,241,22890.162,0.320,OK,0
2290,242,22900.160,0.497,OK,0
2291,243,22910.145,0.340,OK,0
2292,244,22920.217,0.436,OK,0
2293,245,22930.188,0.465,OK,0
2294,246,22940.151,0.310,OK,0
2295,247,22950.147,0.303,OK,0
2296,248,22960.310,0.454,OK,0
2297,249,22970.243,0.455,OK,0
2298,250,22980.162,0.449,OK,0
2299,251,22990.081,0.433,OK,0
2300,252,23000.097,0.282,OK,0
2301,253,23010.114,0.458,OK,0
2302,254,23020.091,0.291,OK,0
2303,255,23030.108,0.420,OK,0
2304,0,23040.130,0.434,OK,0
2305,1,23050.087,0.347,OK,0
2306,2,23060.091,0.503,OK,0
2307,3,23070.092,0.376,OK,0
2308,4,23080.088,0.416,OK,0
2309,5,23090.086,0.382,OK,0
2310,6,23100.076,0.459,OK,0
2311,7,23110.075,0.375,OK,0
2312,8,23120.077,0.306,OK,0
2313,9,23130.093,0.435,OK,0
2314,10,23140.117,0.423,OK,0
2315,11,23150.100,0.381,OK,0
2316,12,23160.093,0.399,OK,0
2317,13,23170.081,0.458,OK,0
2318,14,23180.089,0.470,OK,0
2319,15,23190.092,0.279,OK,0
2320,16,23200.081,0.408,OK,0
2321,17,23210.096,0.384,OK,0
2322,18,23220.091,0.408,OK,0
2323,19,23230.100,0.322,OK,0
2324,20,23240.085,0.460,OK,0
2325,21,23250.087,0.510,OK,0
2326,22,23260.086,0.249,OK,0
2327,23,23270.080,0.387,OK,0
2328,24,23280.104,0.325,OK,0
2329,25,23290.075,0.507,OK,0
2330,26,23300.107,0.315,OK,0
2331,27,23310.112,0.387,OK,0
2332,28,23320.109,0.443,OK,0
2333,29,23330.090,0.228,OK,0
2334,30,23340.099,0.452,OK,0
2335,31,23350.106,0.444,OK,0
2336,32,23360.080,0.387,OK,0
2337,33,23370.105,0.486,OK,0
2338,34,23380.076,0.371,OK,0
2339,35,23390.094,0.415,OK,0
2340,36,23400.092,0.281,OK,0
2341,37,23410.147,0.347,OK,0
2342,38,23420.237,0.339,OK,0
2343,39,23430.178,0.288,OK,0
2344,40,23440.159,0.300,OK,0
2345,41,23450.158,0.358,OK,0
2346,42,23460.149,0.319,OK,0
2347,43,23470.169,0.311,OK,0
2348,44,23480.159,0.314,OK,0
2349,45,23490.179,0.323,OK,0
2350,46,23500.158,0.325,OK,0
2351,47,23510.181,0.335,OK,0
2352,48,23520.223,0.549,OK,0
2353,49,23530.165,0.400,OK,0
2354,50,23540.156,0.340,OK,0
2355,51,23550.177,0.300,OK,0
2356,52,23560.160,0.301,OK,0
2357,53,23570.144,0.292,OK,0
2358,54,23580.176,0.281,OK,0
2359,55,23590.174,0.342,OK,0
2360,56,23600.198,0.268,OK,0
2361,57,23610.159,0.270,OK,0
2362,58,23620.156,0.306,OK,0
2363,59,23630.148,0.273,OK,0
2364,60,23640.189,0.329,OK,0
2365,61,23650.154,0.396,OK,0
2366,62,23660.156,0.329,OK,0
2367,63,23670.152,0.333,OK,0
2368,64,23680.137,0.304,OK,0
2369,65,23690.200,0.373,OK,0
2370,66,23700.150,0.384,OK,0
2371,67,23710.152,0.380,OK,0
2372,68,23720.178,0.342,OK,0
2373,69,23730.074,0.260,OK,0
2374,70,23740.219,0.367,OK,0
2375,71,23750.157,0.329,OK,0
2376,72,23760.212,0.338,OK,0
2377,73,23770.167,0.304,OK,0
2378,74,23780.174,0.306,OK,0
2379,75,23790.182,0.334,OK,0
2380,76,23800.175,0.457,OK,0
2381,77,23810.166,0.334,OK,0
2382,78,23820.151,0.329,OK,0
2383,79,23830.172,0.445,OK,0
2384,80,23840.160,0.276,OK,0
2385,81,23850.165,0.213,OK,0
2386,82,23860.163,0.357,OK,0
2387,83,23870.150,0.290,OK,0
2388,84,23880.155,0.343,OK,0
2389,85,23890.228,0.606,OK,0
2390,86,23900.137,0.424,OK,0
2391,87,23910.157,0.410,OK,0
2392,88,23920.144,0.547,OK,0
2393,89,23930.166,0.352,OK,0
2394,90,23940.198,0.326,OK,0
2395,91,23950.154,0.495,OK,0
2396,92,23960.160,0.423,OK,0
2397,93,23970.092,0.316,OK,0
2398,94,23980.084,0.242,OK,0
2399,95,23990.076,0.222,OK,0
2400,96,24000.088,0.479,OK,0
2401,97,24010.127,0.289,OK,0
2402,98,24020.086,0.191,OK,0
2403,99,24030.086,0.274,OK,0
2404,100,24040.093,0.291,OK,0
2405,101,24050.076,0.327,OK,0
2406,102,24060.087,0.283,OK,0
2407,103,24070.078,0.204,OK,0
2408,104,24080.093,0.318,OK,0
2409,105,24090.094,0.281,OK,0
2410,106,24100.089,0.374,OK,0
2411,107,24110.099,0.308,OK,0
2412,108,24120.094,0.374,OK,0
2413,109,24130.094,0.327,OK,0
2414,110,24140.076,0.306,OK,0
2415,111,24150.086,0.298,OK,0
2416,112,24160.077,0.326,OK,0
2417,113,24170.095,0.348,OK,0
2418,114,24180.082,0.319,OK,0
2419,115,24190.096,0.336,OK,0
2420,116,24200.086,0.300,OK,0
2421,117,24210.076,0.260,OK,0
2422,118,24220.096,0.223,OK,0
2423,119,24230.094,0.217,OK,0
2424,120,24240.092,0.237,OK,0
2425,121,24250.088,0.246,OK,0
2426,122,24260.104,0.197,OK,0
2427,123,24270.077,0.337,OK,0
2428,124,24280.093,0.253,OK,0
2429,125,24290.095,0.241,OK,0
2430,126,24300.109,0.232,OK,0
2431,127,24310.277,0.390,OK,0
2432,128,24320.156,0.211,OK,0
2433,129,24330.087,0.247,OK,0
2434,130,24340.098,0.329,OK,0
2435,131,24350.145,0.274,OK,0
2436,132,24360.095,0.319,OK,0
2437,133,24370.098,0.356,OK,0
2438,134,24380.092,0.372,OK,0
2439,135,24390.092,0.325,OK,0
2440,136,24400.092,0.310,OK,0
2441,137,24410.086,0.281,OK,0
2442,138,24420.095,0.321,OK,0
2443,139,24430.077,0.302,OK,0
2444,140,24440.098,0.329,OK,0
2445,141,24450.079,0.339,OK,0
2446,142,24460.075,0.334,OK,0
2447,143,24470.075,0.348,OK,0
2448,144,24480.077,0.266,OK,0
2449,145,24490.076,0.233,OK,0
2450,146,24500.074,0.333,OK,0
2451,147,24510.079,0.339,OK,0
2452,148,24520.078,0.506,OK,0
2453,149,24530.085,0.371,OK,0
2454,150,24540.097,0.390,OK,0
2455,151,24550.169,0.361,OK,0
2456,152,24560.058,0.325,OK,0
2457,153,24570.081,0.367,OK,0
2458,154,24580.073,0.381,OK,0
2459,155,24590.084,0.375,OK,0
2460,156,24600.161,0.365,OK,0
2461,157,24610.095,0.407,OK,0
2462,158,24620.079,0.453,OK,0
2463,159,24630.076,0.464,OK,0
2464,160,24640.099,0.386,OK,0
2465,161,24650.089,0.291,OK,0
2466,162,24660.086,0.429,OK,0
2467,163,24670.094,0.429,OK,0
2468,164,24680.079,0.480,OK,0
2469,165,24690.078,0.510,OK,0
2470,166,24700.091,0.366,OK,0
2471,167,24710.178,0.468,OK,0
2472,168,24720.079,0.464,OK,0
2473,169,24730.080,0.372,OK,0
2474,170,24740.090,0.419,OK,0
2475,171,24750.093,0.383,OK,0
2476,172,24760.302,0.431,OK,0
2477,173,24770.074,0.538,OK,0
2478,174,24780.076,0.401,OK,0
2479,175,24790.076,0.410,OK,0
2480,176,24800.174,0.357,OK,0
2481,177,24810.098,0.484,OK,0
2482,178,24820.141,0.493,OK,0
2483,179,24830.074,0.319,OK,0
2484,180,24840.142,0.369,OK,0
2485,181,24850.085,0.320,OK,0
2486,182,24860.155,0.424,OK,0
2487,183,24870.168,0.410,OK,0
2488,184,24880.075,0.288,OK,0
2489,185,24890.140,0.217,OK,0
2490,186,24900.099,0.351,OK,0
2491,187,24910.163,0.367,OK,0
2492,188,24920.151,0.382,OK,0
2493,189,24930.184,0.283,OK,0
2494,190,24940.216,0.329,OK,0
2495,191,24950.131,0.220,OK,0
2496,192,24960.158,0.331,OK,0
2497,193,24970.077,0.225,OK,0
2498,194,24980.093,0.413,OK,0
2499,195,24990.079,0.330,OK,0
2500,196,25000.088,0.229,OK,0
2501,197,25010.097,0.361,OK,0
2502,198,25020.089,0.234,OK,0
2503,199,25030.090,0.217,OK,0
2504,200,25040.078,0.232,OK,0
2505,201,25050.101,0.252,OK,0
2506,202,25060.185,0.232,OK,0
2507,203,25070.164,0.311,OK,0
2508,204,25080.192,0.298,OK,0
2509,205,25090.094,0.297,OK,0
2510,206,25100.153,0.298,OK,0
2511,207,25110.091,0.330,OK,0
2512,208,25120.097,0.274,OK,0
2513,209,25130.149,0.297,OK,0
2514,210,25140.098,0.350,OK,0
2515,211,25150.091,0.223,OK,0
2516,212,25160.144,0.450,OK,0
2517,213,25170.093,0.315,OK,0
2518,214,25180.079,0.281,OK,0
2519,215,25190.090,0.270,OK,0
2520,216,25200.164,0.280,OK,0
2521,217,25210.091,0.324,OK,0
2522,218,25220.100,0.500,OK,0
2523,219,25230.078,0.251,OK,0
2524,220,25240.092,0.381,OK,0
2525,221,25250.094,0.323,OK,0
2526,222,25260.089,0.279,OK,0
2527,223,25270.098,0.429,OK,0
2528,224,25280.157,0.330,OK,0
2529,225,25290.092,0.369,OK,0
2530,226,25300.094,0.528,OK,0
2531,227,25310.087,0.382,OK,0
2532,228,25320.091,0.467,OK,0
2533,229,25330.077,0.376,OK,0
2534,230,25340.093,0.403,OK,0
2535,231,25350.098,0.566,OK,0
2536,232,25360.076,0.458,OK,0
2537,233,25370.097,0.424,OK,0
2538,234,25380.144,0.395,OK,0
2539,235,25390.095,0.409,OK,0
2540,236,25400.089,0.325,OK,0
2541,237,25410.098,0.406,OK,0
2542,238,25420.160,0.371,OK,0
2543,239,25430.154,0.430,OK,0
2544,240,25440.096,0.439,OK,0
2545,241,25450.085,0.338,OK,0
2546,242,25460.191,0.384,OK,0
2547,243,25470.168,0.433,OK,0
2548,244,25480.183,0.358,OK,0
2549,245,25490.154,0.397,OK,0
2550,246,25500.198,0.455,OK,0
2551,247,25510.159,0.429,OK,0
2552,248,25520.222,0.428,OK,0
2553,249,25530.164,0.323,OK,0
2554,250,25540.174,0.447,OK,0
2555,251,25550.075,0.495,OK,0
2556,252,25560.076,0.427,OK,0
2557,253,25570.079,0.413,OK,0
2558,254,25580.078,0.260,OK,0
2559,255,25590.181,0.409,OK,0
2560,0,25600.180,0.357,OK,0
2561,1,25610.131,0.540,OK,0
2562,2,25620.217,0.488,OK,0
2563,3,25630.179,0.419,OK,0
2564,4,25640.153,0.426,OK,0
2565,5,25650.149,0.429,OK,0
2566,6,25660.149,0.423,OK,0
2567,7,25670.187,0.278,OK,0
2568,8,25680.196,0.405,OK,0
2569,9,25690.080,0.437,OK,0
2570,10,25700.169,0.412,OK,0
2571,11,25710.187,0.287,OK,0
2572,12,25720.133,0.347,OK,0
2573,13,25730.075,0.385,OK,0
2574,14,25740.095,0.378,OK,0
2575,15,25750.080,0.439,OK,0
2576,16,25760.172,0.477,OK,0
2577,17,25770.094,0.359,OK,0
2578,18,25780.159,0.419,OK,0
2579,19,25790.077,0.454,OK,0
2580,20,25800.075,0.455,OK,0
2581,21,25810.072,0.255,OK,0
2582,22,25820.266,0.343,OK,0
2583,23,25830.208,0.343,OK,0
2584,24,25840.186,0.293,OK,0
2585,25,25850.083,0.211,OK,0
2586,26,25860.081,0.357,OK,0
2587,27,25870.084,0.321,OK,0
2588,28,25880.097,0.231,OK,0
2589,29,25890.097,0.355,OK,0
2590,30,25900.143,0.267,OK,0
2591,31,25910.134,0.219,OK,0
2592,32,25920.157,0.186,OK,0
2593,33,25930.178,0.311,OK,0
2594,34,25940.183,0.317,OK,0
2595,35,25950.150,0.332,OK,0
2596,36,25960.158,0.299,OK,0
2597,37,25970.175,0.234,OK,0
2598,38,25980.199,0.430,OK,0
2599,39,25990.278,0.444,OK,0
2600,40,26000.227,0.481,OK,0
2601,41,26010.177,0.634,OK,0
2602,42,26020.183,0.518,OK,0
2603,43,26030.188,0.608,OK,0
2604,44,26040.209,0.478,OK,0
2605,45,26050.155,0.491,OK,0
2606,46,26060.143,0.356,OK,0
2607,47,26070.174,0.244,OK,0
2608,48,26080.217,0.513,OK,0
2609,49,26090.156,0.410,OK,0
2610,50,26100.094,0.444,OK,0
2611,51,26110.195,0.461,OK,0
2612,52,26120.152,0.417,OK,0
2613,53,26130.194,0.489,OK,0
2614,54,26140.190,0.400,OK,0
2615,55,26150.184,0.544,OK,0
2616,56,26160.136,0.472,OK,0
2617,57,26170.193,0.430,OK,0
2618,58,26180.071,0.372,OK,0
2619,59,26190.078,0.336,OK,0
2620,60,26200.098,0.274,OK,0
2621,61,26210.223,0.401,OK,0
2622,62,26220.159,0.394,OK,0
2623,63,26230.099,0.495,OK,0
2624,64,26240.076,0.489,OK,0
2625,65,26250.164,0.576,OK,0
2626,66,26260.194,0.512,OK,0
2627,67,26270.155,0.578,OK,0
2628,68,26280.134,0.279,OK,0
2629,69,26290.154,0.397,OK,0
2630,70,26300.172,0.416,OK,0
2631,71,26310.157,0.495,OK,0
2632,72,26320.104,0.317,OK,0
2633,73,26330.079,0.347,OK,0
2634,74,26340.076,0.325,OK,0
2635,75,26350.077,0.312,OK,0
2636,76,26360.076,0.411,OK,0
2637,77,26370.107,0.577,OK,0
2638,78,26380.192,0.429,OK,0
2639,79,26390.135,0.418,OK,0
2640,80,26400.162,0.367,OK,0
2641,81,26410.223,0.374,OK,0
2642,82,26420.200,0.380,OK,0
2643,83,26430.183,0.306,OK,0
2644,84,26440.185,0.350,OK,0
2645,85,26450.167,0.394,OK,0
2646,86,26460.170,0.356,OK,0
2647,87,26470.153,0.400,OK,0
2648,88,26480.079,0.382,OK,0
2649,89,26490.152,0.376,OK,0
2650,90,26500.148,0.295,OK,0
2651,91,26510.149,0.315,OK,0
2652,92,26520.160,0.422,OK,0
2653,93,26530.151,0.332,OK,0
2654,94,26540.095,0.321,OK,0
2655,95,26550.171,0.351,OK,0
2656,96,26560.150,0.373,OK,0
2657,97,26570.168,0.368,OK,0
2658,98,26580.094,0.315,OK,0
2659,99,26590.085,0.333,OK,0
2660,100,26600.084,0.368,OK,0
2661,101,26610.079,0.311,OK,0
2662,102,26620.083,0.347,OK,0
2663,103,26630.091,0.337,OK,0
2664,104,26640.081,0.325,OK,0
2665,105,26650.090,0.320,OK,0
2666,106,26660.082,0.294,OK,0
2667,107,26670.110,0.363,OK,0
2668,108,26680.142,0.222,OK,0
2669,109,26690.130,0.274,OK,0
2670,110,26700.131,0.277,OK,0
2671,111,26710.093,0.412,OK,0
2672,112,26720.130,0.287,OK,0
2673,113,26730.099,0.215,OK,0
2674,114,26740.086,0.175,OK,0
2675,115,26750.087,0.197,OK,0
2676,116,26760.085,0.219,OK,0
2677,117,26770.091,0.391,OK,0
2678,118,26780.096,0.234,OK,0
2679,119,26790.090,0.233,OK,0
2680,120,26800.100,0.261,OK,0
2681,121,26810.080,0.257,OK,0
2682,122,26820.189,0.326,OK,0
2683,123,26830.167,0.347,OK,0
2684,124,26840.191,0.293,OK,0
2685,125,26850.136,0.243,OK,0
2686,126,26860.106,0.396,OK,0
2687,127,26870.099,0.224,OK,0
2688,128,26880.075,0.311,OK,0
2689,129,26890.098,0.324,OK,0
2690,130,26900.094,0.253,OK,0
2691,131,26910.082,0.206,OK,0
2692,132,26920.083,0.214,OK,0
2693,133,26930.083,0.463,OK,0
2694,134,26940.094,0.223,OK,0
2695,135,26950.091,0.209,OK,0
2696,136,26960.088,0.242,OK,0
2697,137,26970.084,0.222,OK,0
2698,138,26980.100,0.319,OK,0
2699,139,26990.100,0.432,OK,0
2700,140,27000.078,0.196,OK,0
2701,141,27010.072,0.549,OK,0
2702,142,27020.071,0.390,OK,0
2703,143,27030.085,0.359,OK,0
2704,144,27040.082,0.295,OK,0
2705,145,27050.083,0.376,OK,0
2706,146,27060.093,0.266,OK,0
2707,147,27070.089,0.324,OK,0
2708,148,27080.092,0.252,OK,0
2709,149,27090.084,0.225,OK,0
2710,150,27100.068,0.240,OK,0
2711,151,27110.083,0.304,OK,0
2712,152,27120.074,0.266,OK,0
2713,153,27130.084,0.230,OK,0
2714,154,27140.087,0.205,OK,0
2715,155,27150.077,0.214,OK,0
2716,156,27160.086,0.229,OK,0
2717,157,27170.089,0.236,OK,0
2718,158,27180.070,0.202,OK,0
2719,159,27190.094,0.312,OK,0
2720,160,27200.079,0.284,OK,0
2721,161,27210.073,0.288,OK,0
2722,162,27220.070,0.227,OK,0
2723,163,27230.084,0.307,OK,0
2724,164,27240.086,0.290,OK,0
2725,165,27250.079,0.311,OK,0
2726,166,27260.083,0.306,OK,0
2727,167,27270.188,0.299,OK,0
2728,168,27280.081,0.343,OK,0
2729,169,27290.118,0.338,OK,0
2730,170,27300.080,0.464,OK,0
2731,171,27310.090,0.309,OK,0
2732,172,27320.183,0.340,OK,0
2733,173,27330.141,0.269,OK,0
2734,174,27340.171,0.291,OK,0
2735,175,27350.140,0.244,OK,0
2736,176,27360.149,0.313,OK,0
2737,177,27370.185,0.305,OK,0
2738,178,27380.140,0.297,OK,0
2739,179,27390.175,0.379,OK,0
2740,180,27400.105,0.378,OK,0
2741,181,27410.110,0.357,OK,0
2742,182,27420.127,0.265,OK,0
2743,183,27430.120,0.311,OK,0
2744,184,27440.092,0.294,OK,0
2745,185,27450.092,0.215,OK,0
2746,186,27460.089,0.239,OK,0
2747,187,27470.089,0.229,OK,0
2748,188,27480.105,0.246,OK,0
2749,189,27490.109,0.229,OK,0
2750,190,27500.086,0.253,OK,0
2751,191,27510.094,0.363,OK,0
2752,192,27520.074,0.205,OK,0
2753,193,27530.125,0.304,OK,0
2754,194,27540.100,0.345,OK,0
2755,195,27550.086,0.297,OK,0
2756,196,27560.076,0.174,OK,0
2757,197,27570.088,0.350,OK,0
2758,198,27580.099,0.332,OK,0
2759,199,27590.084,0.231,OK,0
2760,200,27600.082,0.195,OK,0
2761,201,27610.087,0.222,OK,0
2762,202,27620.093,0.240,OK,0
2763,203,27630.095,0.229,OK,0
2764,204,27640.072,0.278,OK,0
2765,205,27650.076,0.247,OK,0
2766,206,27660.073,0.338,OK,0
2767,207,27670.098,0.329,OK,0
2768,208,27680.080,0.289,OK,0
2769,209,27690.103,0.345,OK,0
2770,210,27700.077,0.333,OK,0
2771,211,27710.080,0.349,OK,0
2772,212,27720.078,0.338,OK,0
2773,213,27730.102,0.390,OK,0
2774,214,27740.075,0.213,OK,0
2775,215,27750.090,0.212,OK,0
2776,216,27760.087,0.212,OK,0
2777,217,27770.085,0.222,OK,0
2778,218,27780.089,0.205,OK,0
2779,219,27790.088,0.200,OK,0
2780,220,27800.092,0.217,OK,0
2781,221,27810.090,0.213,OK,0
2782,222,27820.082,0.220,OK,0
2783,223,27830.086,0.229,OK,0
2784,224,27840.079,0.209,OK,0
2785,225,27850.094,0.229,OK,0
2786,226,27860.193,0.259,OK,0
2787,227,27870.142,0.245,OK,0
2788,228,27880.115,0.243,OK,0
2789,229,27890.083,0.223,OK,0
2790,230,27900.102,0.217,OK,0
2791,231,27910.085,0.319,OK,0
2792,232,27920.097,0.303,OK,0
2793,233,27930.105,0.311,OK,0
2794,234,27940.082,0.228,OK,0
2795,235,27950.156,0.194,OK,0
2796,236,27960.094,0.227,OK,0
2797,237,27970.117,0.231,OK,0
2798,238,27980.115,0.253,OK,0
2799,239,27990.162,0.419,OK,0
2800,240,28000.107,0.262,OK,0
2801,241,28010.089,0.226,OK,0
2802,242,28020.145,0.218,OK,0
2803,243,28030.164,0.243,OK,0
2804,244,28040.148,0.284,OK,0
2805,245,28050.223,0.259,OK,0
2806,246,28060.183,0.370,OK,0
2807,247,28070.146,0.367,OK,0
2808,248,28080.200,0.383,OK,0
2809,249,28090.152,0.371,OK,0
2810,250,28100.113,0.384,OK,0
2811,251,28110.153,0.224,OK,0
2812,252,28120.108,0.261,OK,0
2813,253,28130.113,0.201,OK,0
2814,254,28140.074,0.210,OK,0
2815,255,28150.087,0.217,OK,0
2816,0,28160.073,0.296,OK,0
2817,1,28170.113,0.211,OK,0
2818,2,28180.084,0.247,OK,0
2819,3,28190.094,0.247,OK,0
2820,4,28200.072,0.232,OK,0
2821,5,28210.086,0.241,OK,0
2822,6,28220.082,0.209,OK,0
2823,7,28230.145,0.308,OK,0
2824,8,28240.074,0.205,OK,0
2825,9,28250.157,0.333,OK,0
2826,10,28260.096,0.396,OK,0
2827,11,28270.177,0.402,OK,0
2828,12,28280.079,0.286,OK,0
2829,13,28290.085,0.264,OK,0
2830,14,28300.100,0.352,OK,0
2831,15,28310.082,0.307,OK,0
2832,16,28320.098,0.227,OK,0
2833,17,28330.081,0.397,OK,0
2834,18,28340.098,0.404,OK,0
2835,19,28350.081,0.299,OK,0
2836,20,28360.085,0.329,OK,0
2837,21,28370.110,0.250,OK,0
2838,22,28380.090,0.215,OK,0
2839,23,28390.093,0.250,OK,0
2840,24,28400.095,0.255,OK,0
2841,25,28410.087,0.217,OK,0
2842,26,28420.088,0.220,OK,0
2843,27,28430.163,0.204,OK,0
2844,28,28440.142,0.220,OK,0
2845,29,28450.088,0.240,OK,0
2846,30,28460.186,0.251,OK,0
2847,31,28470.092,0.202,OK,0
2848,32,28480.082,0.228,OK,0
2849,33,28490.106,0.216,OK,0
2850,34,28500.086,0.218,OK,0
2851,35,28510.105,0.226,OK,0
2852,36,28520.091,0.194,OK,0
2853,37,28530.085,0.227,OK,0
2854,38,28540.093,0.252,OK,0
2855,39,28550.086,0.201,OK,0
2856,40,28560.092,0.217,OK,0
2857,41,28570.097,0.204,OK,0
2858,42,28580.082,0.229,OK,0
2859,43,28590.095,0.222,OK,0
2860,44,28600.073,0.190,OK,0
2861,45,28610.107,0.230,OK,0
2862,46,28620.105,0.257,OK,0
2863,47,28630.080,0.225,OK,0
2864,48,28640.094,0.221,OK,0
2865,49,28650.079,0.196,OK,0
2866,50,28660.098,0.208,OK,0
2867,51,28670.078,0.207,OK,0
2868,52,28680.102,0.226,OK,0
2869,53,28690.102,0.235,OK,0
2870,54,28700.085,0.217,OK,0
2871,55,28710.092,0.296,OK,0
2872,56,28720.084,0.364,OK,0
2873,57,28730.072,0.184,OK,0
2874,58,28740.086,0.235,OK,0
2875,59,28750.088,0.242,OK,0
2876,60,28760.084,0.223,OK,0
2877,61,28770.077,0.203,OK,0
2878,62,28780.081,0.324,OK,0
2879,63,28790.082,0.226,OK,0
2880,64,28800.078,0.202,OK,0
2881,65,28810.080,0.269,OK,0
2882,66,28820.122,0.189,OK,0
2883,67,28830.090,0.229,OK,0
2884,68,28840.092,0.241,OK,0
2885,69,28850.128,0.261,OK,0
2886,70,28860.098,0.254,OK,0
2887,71,28870.090,0.217,OK,0
2888,72,28880.120,0.271,OK,0
2889,73,28890.125,0.306,OK,0
2890,74,28900.096,0.203,OK,0
2891,75,28910.127,0.281,OK,0
2892,76,28920.106,0.230,OK,0
2893,77,28930.111,0.272,OK,0
2894,78,28940.123,0.429,OK,0
2895,79,28950.109,0.281,OK,0
2896,80,28960.101,0.226,OK,0
2897,81,28970.079,0.244,OK,0
2898,82,28980.101,0.234,OK,0
2899,83,28990.091,0.263,OK,0
2900,84,29000.108,0.216,OK,0
2901,85,29010.107,0.249,OK,0
2902,86,29020.083,0.338,OK,0
2903,87,29030.089,0.253,OK,0
2904,88,29040.072,0.365,OK,0
2905,89,29050.098,0.210,OK,0
2906,90,29060.094,0.248,OK,0
2907,91,29070.078,0.217,OK,0
2908,92,29080.083,0.242,OK,0
2909,93,29090.087,0.221,OK,0
2910,94,29100.088,0.211,OK,0
2911,95,29110.088,0.246,OK,0
2912,96,29120.080,0.214,OK,0
2913,97,29130.086,0.216,OK,0
2914,98,29140.087,0.198,OK,0
2915,99,29150.086,0.212,OK,0
2916,100,29160.086,0.220,OK,0
2917,101,29170.081,0.217,OK,0
2918,102,29180.083,0.218,OK,0
2919,103,29190.073,0.359,OK,0
2920,104,29200.087,0.204,OK,0
2921,105,29210.090,0.238,OK,0
2922,106,29220.086,0.334,OK,0
2923,107,29230.078,0.254,OK,0
2924,108,29240.070,0.225,OK,0
2925,109,29250.084,0.217,OK,0
2926,110,29260.078,0.345,OK,0
2927,111,29270.082,0.359,OK,0
2928,112,29280.085,0.374,OK,0
2929,113,29290.078,0.350,OK,0
2930,114,29300.080,0.444,OK,0
2931,115,29310.106,0.241,OK,0
2932,116,29320.119,0.249,OK,0
2933,117,29330.168,0.247,OK,0
2934,118,29340.186,0.229,OK,0
2935,119,29350.150,0.428,OK,0
2936,120,29360.170,0.489,OK,0
2937,121,29370.179,0.342,OK,0
2938,122,29380.154,0.390,OK,0
2939,123,29390.156,0.548,OK,0
2940,124,29400.158,0.347,OK,0
2941,125,29410.190,0.648,OK,0
2942,126,29420.161,0.433,OK,0
2943,127,29430.243,0.395,OK,0
2944,128,29440.146,0.322,OK,0
2945,129,29450.150,0.443,OK,0
2946,130,29460.173,0.402,OK,0
2947,131,29470.188,0.253,OK,0
2948,132,29480.142,0.413,OK,0
2949,133,29490.133,0.464,OK,0
2950,134,29500.160,0.360,OK,0
2951,135,29510.142,0.397,OK,0
2952,136,29520.141,0.340,OK,0
2953,137,29530.172,0.311,OK,0
2954,138,29540.171,0.388,OK,0
2955,139,29550.186,0.223,OK,0
2956,140,29560.132,0.459,OK,0
2957,141,29570.141,0.216,OK,0
2958,142,29580.173,0.214,OK,0
2959,143,29590.158,0.404,OK,0
2960,144,29600.155,0.337,OK,0
2961,145,29610.192,0.385,OK,0
2962,146,29620.148,0.334,OK,0
2963,147,29630.219,0.278,OK,0
2964,148,29640.177,0.318,OK,0
2965,149,29650.138,0.346,OK,0
2966,150,29660.205,0.470,OK,0
2967,151,29670.174,0.329,OK,0
2968,152,29680.090,0.393,OK,0
2969,153,29690.153,0.447,OK,0
2970,154,29700.219,0.348,OK,0
2971,155,29710.151,0.302,OK,0
2972,156,29720.185,0.254,OK,0
2973,157,29730.085,0.213,OK,0
2974,158,29740.167,0.346,OK,0
2975,159,29750.169,0.303,OK,0
2976,160,29760.213,0.277,OK,0
2977,161,29770.123,0.326,OK,0
2978,162,29780.079,0.303,OK,0
2979,163,29790.088,0.388,OK,0
2980,164,29800.198,0.253,OK,0
2981,165,29810.197,0.224,OK,0
2982,166,29820.159,0.207,OK,0
2983,167,29830.190,0.258,OK,0
2984,168,29840.180,0.246,OK,0
2985,169,29850.199,0.229,OK,0
2986,170,29860.172,0.237,OK,0
2987,171,29870.087,0.340,OK,0
2988,172,29880.080,0.226,OK,0
2989,173,29890.082,0.237,OK,0
2990,174,29900.075,0.204,OK,0
2991,175,29910.086,0.304,OK,0
2992,176,29920.078,0.230,OK,0
2993,177,29930.096,0.226,OK,0
2994,178,29940.095,0.262,OK,0
2995,179,29950.091,0.228,OK,0
2996,180,29960.120,0.295,OK,0
2997,181,29970.109,0.258,OK,0
2998,182,29980.097,0.227,OK,0
2999,183,29990.189,0.225,OK,0
3000,184,30000.095,0.212,OK,0
3001,185,30010.092,0.226,OK,0
3002,186,30020.083,0.200,OK,0
3003,187,30030.097,0.317,OK,0
3004,188,30040.219,0.323,OK,0
3005,189,30050.099,0.302,OK,0
3006,190,30060.108,0.242,OK,0
3007,191,30070.095,0.323,OK,0
3008,192,30080.139,0.323,OK,0
3009,193,30090.154,0.301,OK,0
3010,194,30100.108,0.251,OK,0
3011,195,30110.143,0.346,OK,0
3012,196,30120.221,0.313,OK,0
3013,197,30130.109,0.306,OK,0
3014,198,30140.085,0.330,OK,0
3015,199,30150.139,0.336,OK,0
3016,200,30160.163,0.304,OK,0
3017,201,30170.157,0.302,OK,0
3018,202,30180.072,0.224,OK,0
3019,203,30190.081,0.209,OK,0
3020,204,30200.096,0.224,OK,0
3021,205,30210.101,0.247,OK,0
3022,206,30220.099,0.217,OK,0
3023,207,30230.092,0.255,OK,0
3024,208,30240.083,0.226,OK,0
3025,209,30250.095,0.231,OK,0
3026,210,30260.157,0.308,OK,0
3027,211,30270.174,0.271,OK,0
3028,212,30280.149,0.285,OK,0
3029,213,30290.164,0.575,OK,0
3030,214,30300.117,0.342,OK,0
3031,215,30310.193,0.295,OK,0
3032,216,30320.206,0.341,OK,0
3033,217,30330.098,0.259,OK,0
3034,218,30340.094,0.326,OK,0
3035,219,30350.094,0.269,OK,0
3036,220,30360.151,0.241,OK,0
3037,221,30370.119,0.257,OK,0
3038,222,30380.096,0.273,OK,0
3039,223,30390.094,0.241,OK,0
3040,224,30400.124,0.344,OK,0
3041,225,30410.100,0.261,OK,0
3042,226,30420.113,0.256,OK,0
3043,227,30430.104,0.268,OK,0
3044,228,30440.085,0.245,OK,0
3045,229,30450.088,0.292,OK,0
3046,230,30460.102,0.434,OK,0
3047,231,30470.085,0.291,OK,0
3048,232,30480.097,0.386,OK,0
3049,233,30490.099,0.312,OK,0
3050,234,30500.103,0.368,OK,0
3051,235,30510.114,0.485,OK,0
3052,236,30520.088,0.380,OK,0
3053,237,30530.102,0.325,OK,0
3054,238,30540.099,0.418,OK,0
3055,239,30550.107,0.424,OK,0
3056,240,30560.086,0.441,OK,0
3057,241,30570.107,0.408,OK,0
3058,242,30580.092,0.214,OK,0
3059,243,30590.090,0.363,OK,0
3060,244,30600.081,0.303,OK,0
3061,245,30610.113,0.395,OK,0
3062,246,30620.091,0.340,OK,0
3063,247,30630.078,0.312,OK,0
3064,248,30640.116,0.420,OK,0
3065,249,30650.087,0.386,OK,0
3066,250,30660.089,0.268,OK,0
3067,251,30670.084,0.232,OK,0
3068,252,30680.104,0.256,OK,0
3069,253,30690.087,0.286,OK,0
3070,254,30700.115,0.362,OK,0
3071,255,30710.081,0.347,OK,0
3072,0,30720.084,0.398,OK,0
3073,1,30730.078,0.301,OK,0
3074,2,30740.172,0.357,OK,0
3075,3,30750.124,0.342,OK,0
3076,4,30760.081,0.434,OK,0
3077,5,30770.155,0.496,OK,0
3078,6,30780.152,0.204,OK,0
3079,7,30790.157,0.335,OK,0
3080,8,30800.154,0.350,OK,0
3081,9,30810.142,0.337,OK,0
3082,10,30820.215,0.362,OK,0
3083,11,30830.175,0.306,OK,0
3084,12,30840.157,0.370,OK,0
3085,13,30850.197,0.376,OK,0
3086,14,30860.147,0.287,OK,0
3087,15,30870.137,0.472,OK,0
3088,16,30880.096,0.280,OK,0
3089,17,30890.161,0.282,OK,0
3090,18,30900.110,0.358,OK,0
3091,19,30910.087,0.323,OK,0
3092,20,30920.095,0.345,OK,0
3093,21,30930.087,0.523,OK,0
3094,22,30940.078,0.376,OK,0
3095,23,30950.095,0.277,OK,0
3096,24,30960.075,0.348,OK,0
3097,25,30970.091,0.359,OK,0
3098,26,30980.085,0.343,OK,0
3099,27,30990.099,0.293,OK,0
3100,28,31000.092,0.242,OK,0
3101,29,31010.106,0.349,OK,0
3102,30,31020.095,0.241,OK,0
3103,31,31030.098,0.287,OK,0
3104,32,31040.083,0.374,OK,0
3105,33,31050.083,0.261,OK,0
3106,34,31060.090,0.333,OK,0
3107,35,31070.087,0.339,OK,0
3108,36,31080.169,0.368,OK,0
3109,37,31090.134,0.183,OK,0
3110,38,31100.095,0.236,OK,0
3111,39,31110.087,0.245,OK,0
3112,40,31120.084,0.249,OK,0
3113,41,31130.102,0.243,OK,0
3114,42,31140.094,0.246,OK,0
3115,43,31150.077,0.299,OK,0
3116,44,31160.095,0.231,OK,0
3117,45,31170.106,0.350,OK,0
3118,46,31180.085,0.227,OK,0
3119,47,31190.103,0.342,OK,0
3120,48,31200.118,0.215,OK,0
3121,49,31210.094,0.309,OK,0
3122,50,31220.083,0.329,OK,0
3123,51,31230.086,0.245,OK,0
3124,52,31240.083,0.191,OK,0
3125,53,31250.072,0.219,OK,0
3126,54,31260.087,0.230,OK,0
3127,55,31270.085,0.285,OK,0
3128,56,31280.100,0.238,OK,0
3129,57,31290.104,0.279,OK,0
3130,58,31300.117,0.379,OK,0
3131,59,31310.109,0.245,OK,0
3132,60,31320.114,0.251,OK,0
3133,61,31330.113,0.253,OK,0
3134,62,31340.108,0.227,OK,0
3135,63,31350.102,0.259,OK,0
3136,64,31360.080,0.367,OK,0
3137,65,31370.101,0.268,OK,0
3138,66,31380.109,0.248,OK,0
3139,67,31390.084,0.326,OK,0
3140,68,31400.080,0.205,OK,0
3141,69,31410.104,0.370,OK,0
3142,70,31420.079,0.346,OK,0
3143,71,31430.132,0.278,OK,0
3144,72,31440.134,0.280,OK,0
3145,73,31450.129,0.358,OK,0
3146,74,31460.147,0.265,OK,0
3147,75,31470.132,0.327,OK,0
3148,76,31480.132,0.350,OK,0
3149,77,31490.111,0.666,OK,0
3150,78,31500.126,0.304,OK,0
3151,79,31510.135,0.351,OK,0
3152,80,31520.082,0.399,OK,0
3153,81,31530.146,0.346,OK,0
3154,82,31540.118,0.373,OK,0
3155,83,31550.089,0.347,OK,0
3156,84,31560.084,0.288,OK,0
3157,85,31570.132,0.431,OK,0
3158,86,31580.125,0.499,OK,0
3159,87,31590.112,0.380,OK,0
3160,88,31600.126,0.375,OK,0
3161,89,31610.110,0.322,OK,0
3162,90,31620.085,0.334,OK,0
3163,91,31630.130,0.312,OK,0
3164,92,31640.096,0.273,OK,0
3165,93,31650.086,0.430,OK,0
3166,94,31660.083,0.286,OK,0
3167,95,31670.086,0.401,OK,0
3168,96,31680.097,0.316,OK,0
3169,97,31690.082,0.340,OK,0
3170,98,31700.094,0.298,OK,0
3171,99,31710.084,0.468,OK,0
3172,100,31720.092,0.473,OK,0
3173,101,31730.095,0.401,OK,0
3174,102,31740.083,0.278,OK,0
3175,103,31750.094,0.317,OK,0
3176,104,31760.087,0.364,OK,0
3177,105,31770.084,0.352,OK,0
3178,106,31780.125,0.293,OK,0
3179,107,31790.108,0.335,OK,0
3180,108,31800.122,0.519,OK,0
3181,109,31810.171,0.512,OK,0
3182,110,31820.089,0.674,OK,0
3183,111,31830.128,0.495,OK,0
3184,112,31840.144,0.503,OK,0
3185,113,31850.141,0.395,OK,0
3186,114,31860.089,0.554,OK,0
3187,115,31870.090,0.456,OK,0
3188,116,31880.177,0.449,OK,0
3189,117,31890.128,0.360,OK,0
3190,118,31900.140,0.524,OK,0
3191,119,31910.124,0.435,OK,0
3192,120,31920.146,0.555,OK,0
3193,121,31930.138,0.678,OK,0
3194,122,31940.109,0.521,OK,0
3195,123,31950.091,0.416,OK,0
3196,124,31960.144,0.504,OK,0
3197,125,31970.088,0.322,OK,0
3198,126,31980.131,0.581,OK,0
3199,127,31990.128,0.534,OK,0
3200,128,32000.096,0.553,OK,0
3201,129,32010.081,0.306,OK,0
3202,130,32020.082,0.446,OK,0
3203,131,32030.139,0.436,OK,0
3204,132,32040.145,0.432,OK,0
3205,133,32050.134,0.443,OK,0
3206,134,32060.082,0.295,OK,0
3207,135,32070.134,0.345,OK,0
3208,136,32080.144,0.378,OK,0
3209,137,32090.140,0.522,OK,0
3210,138,32100.141,0.635,OK,0
3211,139,32110.081,0.440,OK,0
3212,140,32120.145,0.670,OK,0
3213,141,32130.145,0.332,OK,0
3214,142,32140.140,0.377,OK,0
3215,143,32150.120,0.403,OK,0
3216,144,32160.101,0.348,OK,0
3217,145,32170.105,0.266,OK,0
3218,146,32180.103,0.356,OK,0
3219,147,32190.107,0.547,OK,0
3220,148,32200.112,0.425,OK,0
3221,149,32210.097,0.373,OK,0
3222,150,32220.101,0.407,OK,0
3223,151,32230.109,0.531,OK,0
3224,152,32240.093,0.334,OK,0
3225,153,32250.104,0.348,OK,0
3226,154,32260.083,0.386,OK,0
3227,155,32270.089,0.335,OK,0
3228,156,32280.097,0.441,OK,0
3229,157,32290.096,0.292,OK,0
3230,158,32300.100,0.362,OK,0
3231,159,32310.091,0.329,OK,0
3232,160,32320.088,0.396,OK,0
3233,161,32330.103,0.429,OK,0
3234,162,32340.098,0.319,OK,0
3235,163,32350.086,0.534,OK,0
3236,164,32360.092,0.489,OK,0
3237,165,32370.119,0.485,OK,0
3238,166,32380.112,0.450,OK,0
3239,167,32390.139,0.472,OK,0
3240,168,32400.149,0.528,OK,0
3241,169,32410.141,0.423,OK,0
3242,170,32420.138,0.344,OK,0
3243,171,32430.133,0.402,OK,0
3244,172,32440.129,0.322,OK,0
3245,173,32450.145,0.400,OK,0
3246,174,32460.085,0.348,OK,0
3247,175,32470.130,0.417,OK,0
3248,176,32480.101,0.410,OK,0
3249,177,32490.115,0.244,OK,0
3250,178,32500.079,0.219,OK,0
3251,179,32510.088,0.350,OK,0
3252,180,32520.082,0.358,OK,0
3253,181,32530.167,0.426,OK,0
3254,182,32540.087,0.371,OK,0
3255,183,32550.077,0.185,OK,0
3256,184,32560.093,0.313,OK,0
3257,185,32570.077,0.230,OK,0
3258,186,32580.087,0.261,OK,0
3259,187,32590.093,0.259,OK,0
3260,188,32600.094,0.383,OK,0
3261,189,32610.101,0.274,OK,0
3262,190,32620.085,0.245,OK,0
3263,191,32630.077,0.222,OK,0
3264,192,32640.099,0.459,OK,0
3265,193,32650.089,0.314,OK,0
3266,194,32660.089,0.339,OK,0
3267,195,32670.091,0.379,OK,0
3268,196,32680.078,0.340,OK,0
3269,197,32690.077,0.294,OK,0
3270,198,32700.094,0.348,OK,0
3271,199,32710.079,0.233,OK,0
3272,200,32720.100,0.313,OK,0
3273,201,32730.070,0.463,OK,0
3274,202,32740.098,0.358,OK,0
3275,203,32750.177,0.285,OK,0
3276,204,32760.097,0.265,OK,0
3277,205,32770.091,0.210,OK,0
3278,206,32780.089,0.220,OK,0
3279,207,32790.098,0.274,OK,0
3280,208,32800.098,0.321,OK,0
3281,209,32810.098,0.208,OK,0
3282,210,32820.085,0.320,OK,0
3283,211,32830.155,0.311,OK,0
3284,212,32840.090,0.221,OK,0
3285,213,32850.150,0.231,OK,0
3286,214,32860.096,0.248,OK,0
3287,215,32870.081,0.234,OK,0
3288,216,32880.090,0.317,OK,0
3289,217,32890.084,0.470,OK,0
3290,218,32900.089,0.288,OK,0
3291,219,32910.083,0.442,OK,0
3292,220,32920.080,0.552,OK,0
3293,221,32930.097,0.396,OK,0
3294,222,32940.211,0.365,OK,0
3295,223,32950.079,0.325,OK,0
3296,224,32960.100,0.292,OK,0
3297,225,32970.097,0.359,OK,0
3298,226,32980.186,0.295,OK,0
3299,227,32990.093,0.281,OK,0
3300,228,33000.184,0.235,OK,0
3301,229,33010.184,0.401,OK,0
3302,230,33020.098,0.285,OK,0
3303,231,33030.191,0.274,OK,0
3304,232,33040.138,0.233,OK,0
3305,233,33050.151,0.216,OK,0
3306,234,33060.087,0.221,OK,0
3307,235,33070.211,0.362,OK,0
3308,236,33080.140,0.222,OK,0
3309,237,33090.071,0.202,OK,0
3310,238,33100.180,0.205,OK,0
3311,239,33110.193,0.240,OK,0
3312,240,33120.076,0.188,OK,0
3313,241,33130.081,0.265,OK,0
3314,242,33140.077,0.217,OK,0
3315,243,33150.098,0.257,OK,0
3316,244,33160.076,0.200,OK,0
3317,245,33170.090,0.233,OK,0
3318,246,33180.201,0.395,OK,0
3319,247,33190.154,0.192,OK,0
3320,248,33200.157,0.227,OK,0
3321,249,33210.186,0.251,OK,0
3322,250,33220.175,0.292,OK,0
3323,251,33230.150,0.304,OK,0
3324,252,33240.154,0.283,OK,0
3325,253,33250.094,0.237,OK,0
3326,254,33260.186,0.351,OK,0
3327,255,33270.190,0.230,OK,0
3328,0,33280.160,0.202,OK,0
3329,1,33290.151,0.218,OK,0
3330,2,33300.222,0.246,OK,0
3331,3,33310.205,0.228,OK,0
3332,4,33320.188,0.239,OK,0
3333,5,33330.173,0.226,OK,0
3334,6,33340.183,0.230,OK,0
3335,7,33350.202,0.216,OK,0
3336,8,33360.168,0.204,OK,0
3337,9,33370.153,0.253,OK,0
3338,10,33380.080,0.224,OK,0
3339,11,33390.143,0.314,OK,0
3340,12,33400.102,0.403,OK,0
3341,13,33410.090,0.371,OK,0
3342,14,33420.077,0.371,OK,0
3343,15,33430.080,0.361,OK,0
3344,16,33440.099,0.362,OK,0
3345,17,33450.085,0.393,OK,0
3346,18,33460.103,0.327,OK,0
3347,19,33470.092,0.248,OK,0
3348,20,33480.082,0.354,OK,0
3349,21,33490.075,0.298,OK,0
3350,22,33500.079,0.403,OK,0
3351,23,33510.077,0.337,OK,0
3352,24,33520.077,0.224,OK,0
3353,25,33530.101,0.434,OK,0
3354,26,33540.082,0.374,OK,0
3355,27,33550.079,0.370,OK,0
3356,28,33560.075,0.265,OK,0
3357,29,33570.101,0.352,OK,0
3358,30,33580.080,0.226,OK,0
3359,31,33590.076,0.210,OK,0
3360,32,33600.101,0.396,OK,0
3361,33,33610.088,0.342,OK,0
3362,34,33620.079,0.285,OK,0
3363,35,33630.098,0.367,OK,0
3364,36,33640.086,0.205,OK,0
3365,37,33650.108,0.344,OK,0
3366,38,33660.092,0.339,OK,0
3367,39,33670.078,0.338,OK,0
3368,40,33680.079,0.355,OK,0
3369,41,33690.078,0.343,OK,0
3370,42,33700.094,0.356,OK,0
3371,43,33710.092,0.343,OK,0
3372,44,33720.092,0.366,OK,0
3373,45,33730.083,0.345,OK,0
3374,46,33740.104,0.540,OK,0
3375,47,33750.096,0.333,OK,0
3376,48,33760.090,0.350,OK,0
3377,49,33770.096,0.336,OK,0
3378,50,33780.082,0.351,OK,0
3379,51,33790.074,0.349,OK,0
3380,52,33800.097,0.369,OK,0
3381,53,33810.087,0.385,OK,0
3382,54,33820.090,0.301,OK,0
3383,55,33830.086,0.207,OK,0
3384,56,33840.077,0.233,OK,0
3385,57,33850.098,0.364,OK,0
3386,58,33860.074,0.228,OK,0
3387,59,33870.079,0.243,OK,0
3388,60,33880.098,0.228,OK,0
3389,61,33890.090,0.224,OK,0
3390,62,33900.169,0.216,OK,0
3391,63,33910.085,0.326,OK,0
3392,64,33920.094,0.242,OK,0
3393,65,33930.170,0.340,OK,0
3394,66,33940.094,0.243,OK,0
3395,67,33950.077,0.241,OK,0
3396,68,33960.074,0.215,OK,0
3397,69,33970.121,0.263,OK,0
3398,70,33980.078,0.211,OK,0
3399,71,33990.094,0.389,OK,0
3400,72,34000.094,0.402,OK,0
3401,73,34010.092,0.266,OK,0
3402,74,34020.104,0.271,OK,0
3403,75,34030.082,0.226,OK,0
3404,76,34040.087,0.231,OK,0
3405,77,34050.092,0.379,OK,0
3406,78,34060.076,0.204,OK,0
3407,79,34070.088,0.216,OK,0
3408,80,34080.094,0.228,OK,0
3409,81,34090.093,0.236,OK,0
3410,82,34100.158,0.249,OK,0
3411,83,34110.083,0.275,OK,0
3412,84,34120.094,0.336,OK,0
3413,85,34130.078,0.312,OK,0
3414,86,34140.079,0.345,OK,0
3415,87,34150.087,0.220,OK,0
3416,88,34160.086,0.267,OK,0
3417,89,34170.077,0.184,OK,0
3418,90,34180.072,0.229,OK,0
3419,91,34190.077,0.359,OK,0
3420,92,34200.075,0.382,OK,0
3421,93,34210.097,0.246,OK,0
3422,94,34220.093,0.322,OK,0
3423,95,34230.096,0.387,OK,0
3424,96,34240.085,0.315,OK,0
3425,97,34250.101,0.335,OK,0
3426,98,34260.090,0.316,OK,0
3427,99,34270.085,0.380,OK,0
3428,100,34280.097,0.218,OK,0
3429,101,34290.097,0.203,OK,0
3430,102,34300.086,0.228,OK,0
3431,103,34310.081,0.218,OK,0
3432,104,34320.086,0.368,OK,0
3433,105,34330.085,0.195,OK,0
3434,106,34340.083,0.388,OK,0
3435,107,34350.090,0.365,OK,0
3436,108,34360.102,0.278,OK,0
3437,109,34370.088,0.335,OK,0
3438,110,34380.101,0.341,OK,0
3439,111,34390.095,0.319,OK,0
3440,112,34400.093,0.343,OK,0
3441,113,34410.088,0.349,OK,0
3442,114,34420.094,0.322,OK,0
3443,115,34430.097,0.362,OK,0
3444,116,34440.107,0.243,OK,0
3445,117,34450.177,0.327,OK,0
3446,118,34460.114,0.231,OK,0
3447,119,34470.111,0.329,OK,0
3448,120,34480.110,0.221,OK,0
3449,121,34490.094,0.231,OK,0
3450,122,34500.087,0.197,OK,0
3451,123,34510.103,0.206,OK,0
3452,124,34520.099,0.224,OK,0
3453,125,34530.091,0.189,OK,0
3454,126,34540.088,0.349,OK,0
3455,127,34550.110,0.330,OK,0
3456,128,34560.129,0.352,OK,0
3457,129,34570.098,0.397,OK,0
3458,130,34580.110,0.367,OK,0
3459,131,34590.092,0.291,OK,0
3460,132,34600.103,0.395,OK,0
3461,133,34610.111,0.312,OK,0
3462,134,34620.087,0.328,OK,0
3463,135,34630.101,0.346,OK,0
3464,136,34640.096,0.308,OK,0
3465,137,34650.096,0.361,OK,0
3466,138,34660.104,0.325,OK,0
3467,139,34670.083,0.274,OK,0
3468,140,34680.104,0.304,OK,0
3469,141,34690.076,0.348,OK,0
3470,142,34700.085,0.305,OK,0
3471,143,34710.100,0.411,OK,0
3472,144,34720.079,0.299,OK,0
3473,145,34730.079,0.276,OK,0
3474,146,34740.214,0.427,OK,0
3475,147,34750.100,0.326,OK,0
3476,148,34760.090,0.464,OK,0
3477,149,34770.092,0.387,OK,0
3478,150,34780.091,0.435,OK,0
3479,151,34790.070,0.397,OK,0
3480,152,34800.096,0.415,OK,0
3481,153,34810.098,0.388,OK,0
3482,154,34820.086,0.324,OK,0
3483,155,34830.098,0.313,OK,0
3484,156,34840.092,0.250,OK,0
3485,157,34850.103,0.415,OK,0
3486,158,34860.086,0.229,OK,0
3487,159,34870.083,0.321,OK,0
3488,160,34880.071,0.311,OK,0
3489,161,34890.077,0.307,OK,0
3490,162,34900.079,0.278,OK,0
3491,163,34910.081,0.342,OK,0
3492,164,34920.088,0.295,OK,0
3493,165,34930.166,0.223,OK,0
3494,166,34940.093,0.332,OK,0
3495,167,34950.089,0.300,OK,0
3496,168,34960.087,0.288,OK,0
3497,169,34970.159,0.191,OK,0
3498,170,34980.168,0.336,OK,0
3499,171,34990.087,0.209,OK,0
3500,172,35000.092,0.200,OK,0
3501,173,35010.099,0.201,OK,0
3502,174,35020.093,0.196,OK,0
3503,175,35030.093,0.219,OK,0
3504,176,35040.097,0.204,OK,0
3505,177,35050.102,0.213,OK,0
3506,178,35060.089,0.208,OK,0
3507,179,35070.084,0.222,OK,0
3508,180,35080.096,0.201,OK,0
3509,181,35090.088,0.211,OK,0
3510,182,35100.092,0.293,OK,0
3511,183,35110.079,0.327,OK,0
3512,184,35120.077,0.456,OK,0
3513,185,35130.082,0.283,OK,0
3514,186,35140.086,0.342,OK,0
3515,187,35150.110,0.385,OK,0
3516,188,35160.079,0.328,OK,0
3517,189,35170.084,0.225,OK,0
3518,190,35180.087,0.205,OK,0
3519,191,35190.120,0.377,OK,0
3520,192,35200.115,0.472,OK,0
3521,193,35210.087,0.356,OK,0
3522,194,35220.084,0.326,OK,0
3523,195,35230.088,0.232,OK,0
3524,196,35240.080,0.337,OK,0
3525,197,35250.095,0.307,OK,0
3526,198,35260.078,0.202,OK,0
3527,199,35270.171,0.240,OK,0
3528,200,35280.096,0.231,OK,0
3529,201,35290.078,0.204,OK,0
3530,202,35300.079,0.221,OK,0
3531,203,35310.080,0.219,OK,0
3532,204,35320.072,0.304,OK,0
3533,205,35330.089,0.232,OK,0
3534,206,35340.087,0.230,OK,0
3535,207,35350.092,0.213,OK,0
3536,208,35360.072,0.306,OK,0
3537,209,35370.086,0.203,OK,0
3538,210,35380.086,0.230,OK,0
3539,211,35390.097,0.283,OK,0
3540,212,35400.085,0.323,OK,0
3541,213,35410.078,0.344,OK,0
3542,214,35420.079,0.308,OK,0
3543,215,35430.076,0.344,OK,0
3544,216,35440.089,0.320,OK,0
3545,217,35450.088,0.324,OK,0
3546,218,35460.152,0.329,OK,0
3547,219,35470.168,0.305,OK,0
3548,220,35480.146,0.434,OK,0
3549,221,35490.189,0.237,OK,0
3550,222,35500.096,0.325,OK,0
3551,223,35510.104,0.321,OK,0
3552,224,35520.201,0.280,OK,0
3553,225,35530.160,0.293,OK,0
3554,226,35540.175,0.368,OK,0
3555,227,35550.153,0.224,OK,0
3556,228,35560.165,0.322,OK,0
3557,229,35570.196,0.304,OK,0
3558,230,35580.162,0.296,OK,0
3559,231,35590.159,0.304,OK,0
3560,232,35600.171,0.260,OK,0
3561,233,35610.166,0.276,OK,0
3562,234,35620.121,0.411,OK,0
3563,235,35630.098,0.354,OK,0
3564,236,35640.121,0.262,OK,0
3565,237,35650.115,0.253,OK,0
3566,238,35660.126,0.278,OK,0
3567,239,35670.093,0.239,OK,0
3568,240,35680.081,0.231,OK,0
3569,241,35690.082,0.346,OK,0
3570,242,35700.093,0.242,OK,0
3571,243,35710.109,0.228,OK,0
3572,244,35720.108,0.232,OK,0
3573,245,35730.102,0.242,OK,0
3574,246,35740.100,0.253,OK,0
3575,247,35750.105,0.336,OK,0
3576,248,35760.099,0.407,OK,0
3577,249,35770.095,0.349,OK,0
3578,250,35780.116,0.270,OK,0
3579,251,35790.092,0.246,OK,0
3580,252,35800.108,0.254,OK,0
3581,253,35810.106,0.309,OK,0
3582,254,35820.087,0.247,OK,0
3583,255,35830.083,0.378,OK,0
3584,0,35840.210,0.305,OK,0
3585,1,35850.114,0.311,OK,0
3586,2,35860.157,0.303,OK,0
3587,3,35870.094,0.370,OK,0
3588,4,35880.175,0.247,OK,0
3589,5,35890.147,0.276,OK,0
3590,6,35900.112,0.335,OK,0
3591,7,35910.099,0.305,OK,0
3592,8,35920.078,0.246,OK,0
3593,9,35930.093,0.245,OK,0
3594,10,35940.097,0.372,OK,0
3595,11,35950.112,0.252,OK,0
3596,12,35960.108,0.255,OK,0
3597,13,35970.102,0.241,OK,0
3598,14,35980.086,0.232,OK,0
3599,15,35990.081,0.247,OK,0
3600,16,36000.093,0.247,OK,0
3601,17,36010.081,0.276,OK,0
3602,18,36020.082,0.237,OK,0
3603,19,36030.093,0.249,OK,0
3604,20,36040.083,0.237,OK,0
3605,21,36050.093,0.251,OK,0
3606,22,36060.083,0.238,OK,0
3607,23,36070.093,0.250,OK,0
3608,24,36080.097,0.268,OK,0
3609,25,36090.080,0.244,OK,0
3610,26,36100.096,0.276,OK,0
3611,27,36110.088,0.381,OK,0
3612,28,36120.082,0.435,OK,0
3613,29,36130.094,0.357,OK,0
3614,30,36140.088,0.373,OK,0
3615,31,36150.092,0.354,OK,0
3616,32,36160.085,0.455,OK,0
3617,33,36170.088,0.465,OK,0
3618,34,36180.091,0.468,OK,0
3619,35,36190.082,0.464,OK,0
3620,36,36200.096,0.489,OK,0
3621,37,36210.081,0.370,OK,0
3622,38,36220.085,0.463,OK,0
3623,39,36230.158,0.472,OK,0
3624,40,36240.154,0.351,OK,0
3625,41,36250.160,0.371,OK,0
3626,42,36260.171,0.377,OK,0
3627,43,36270.196,0.402,OK,0
3628,44,36280.168,0.270,OK,0
3629,45,36290.166,0.380,OK,0
3630,46,36300.140,0.358,OK,0
3631,47,36310.110,0.301,OK,0
3632,48,36320.096,0.381,OK,0
3633,49,36330.132,0.365,OK,0
3634,50,36340.114,0.341,OK,0
3635,51,36350.093,0.372,OK,0
3636,52,36360.111,0.418,OK,0
3637,53,36370.114,0.276,OK,0
3638,54,36380.095,0.314,OK,0
3639,55,36390.095,0.323,OK,0
3640,56,36400.090,0.343,OK,0
3641,57,36410.099,0.280,OK,0
3642,58,36420.095,0.311,OK,0
3643,59,36430.090,0.226,OK,0
3644,60,36440.148,0.338,OK,0
3645,61,36450.170,0.219,OK,0
3646,62,36460.172,0.216,OK,0
3647,63,36470.153,0.236,OK,0
3648,64,36480.136,0.240,OK,0
3649,65,36490.115,0.303,OK,0
3650,66,36500.096,0.286,OK,0
3651,67,36510.106,0.293,OK,0
3652,68,36520.116,0.302,OK,0
3653,69,36530.077,0.257,OK,0
3654,70,36540.094,0.272,OK,0
3655,71,36550.098,0.381,OK,0
3656,72,36560.084,0.322,OK,0
3657,73,36570.132,0.306,OK,0
3658,74,36580.098,0.363,OK,0
3659,75,36590.103,0.402,OK,0
3660,76,36600.101,0.436,OK,0
3661,77,36610.073,0.208,OK,0
3662,78,36620.096,0.305,OK,0
3663,79,36630.086,0.202,OK,0
3664,80,36640.098,0.304,OK,0
3665,81,36650.091,0.233,OK,0
3666,82,36660.161,0.240,OK,0
3667,83,36670.116,0.294,OK,0
3668,84,36680.083,0.230,OK,0
3669,85,36690.091,0.231,OK,0
3670,86,36700.070,0.300,OK,0
3671,87,36710.089,0.249,OK,0
3672,88,36720.123,0.328,OK,0
3673,89,36730.087,0.287,OK,0
3674,90,36740.104,0.381,OK,0
3675,91,36750.089,0.308,OK,0
3676,92,36760.182,0.288,OK,0
3677,93,36770.183,0.309,OK,0
3678,94,36780.152,0.327,OK,0
3679,95,36790.180,0.256,OK,0
3680,96,36800.132,0.300,OK,0
3681,97,36810.156,0.236,OK,0
3682,98,36820.079,0.204,OK,0
3683,99,36830.119,0.372,OK,0
3684,100,36840.106,0.383,OK,0
3685,101,36850.170,0.427,OK,0
3686,102,36860.148,0.501,OK,0
3687,103,36870.157,0.444,OK,0
3688,104,36880.146,0.330,OK,0
3689,105,36890.236,0.495,OK,0
3690,106,36900.174,0.381,OK,0
3691,107,36910.148,0.462,OK,0
3692,108,36920.082,0.413,OK,0
3693,109,36930.149,0.528,OK,0
3694,110,36940.170,0.454,OK,0
3695,111,36950.178,0.627,OK,0
3696,112,36960.161,0.416,OK,0
3697,113,36970.181,0.206,OK,0
3698,114,36980.153,0.465,OK,0
3699,115,36990.138,0.297,OK,0
3700,116,37000.100,0.206,OK,0
3701,117,37010.116,0.316,OK,0
3702,118,37020.110,0.276,OK,0
3703,119,37030.089,0.211,OK,0
3704,120,37040.099,0.237,OK,0
3705,121,37050.110,0.341,OK,0
3706,122,37060.099,0.212,OK,0
3707,123,37070.113,0.328,OK,0
3708,124,37080.113,0.238,OK,0
3709,125,37090.096,0.328,OK,0
3710,126,37100.101,0.317,OK,0
3711,127,37110.127,0.551,OK,0
3712,128,37120.088,0.358,OK,0
3713,129,37130.116,0.362,OK,0
3714,130,37140.149,0.334,OK,0
3715,131,37150.148,0.382,OK,0
3716,132,37160.087,0.322,OK,0
3717,133,37170.192,0.360,OK,0
3718,134,37180.159,0.445,OK,0
3719,135,37190.183,0.226,OK,0
3720,136,37200.265,0.493,OK,0
3721,137,37210.123,0.365,OK,0
3722,138,37220.155,0.376,OK,0
3723,139,37230.161,0.368,OK,0
3724,140,37240.154,0.368,OK,0
3725,141,37250.162,0.338,OK,0
3726,142,37260.210,0.302,OK,0
3727,143,37270.112,0.214,OK,0
3728,144,37280.089,0.205,OK,0
3729,145,37290.085,0.238,OK,0
3730,146,37300.086,0.305,OK,0
3731,147,37310.084,0.271,OK,0
3732,148,37320.094,0.309,OK,0
3733,149,37330.074,0.290,OK,0
3734,150,37340.196,0.249,OK,0
3735,151,37350.185,0.365,OK,0
3736,152,37360.101,0.198,OK,0
3737,153,37370.102,0.216,OK,0
3738,154,37380.074,0.238,OK,0
3739,155,37390.141,0.201,OK,0
3740,156,37400.145,0.211,OK,0
3741,157,37410.093,0.356,OK,0
3742,158,37420.168,0.395,OK,0
3743,159,37430.160,0.362,OK,0
3744,160,37440.150,0.288,OK,0
3745,161,37450.184,0.394,OK,0
3746,162,37460.191,0.356,OK,0
3747,163,37470.095,0.330,OK,0
3748,164,37480.172,0.367,OK,0
3749,165,37490.152,0.339,OK,0
3750,166,37500.209,0.487,OK,0
3751,167,37510.144,0.326,OK,0
3752,168,37520.152,0.279,OK,0
3753,169,37530.156,0.308,OK,0
3754,170,37540.175,0.407,OK,0
3755,171,37550.169,0.439,OK,0
3756,172,37560.164,0.424,OK,0
3757,173,37570.158,0.367,OK,0
3758,174,37580.175,0.347,OK,0
3759,175,37590.170,0.277,OK,0
3760,176,37600.180,0.333,OK,0
3761,177,37610.165,0.358,OK,0
3762,178,37620.091,0.378,OK,0
3763,179,37630.180,0.394,OK,0
3764,180,37640.177,0.312,OK,0
3765,181,37650.176,0.278,OK,0
3766,182,37660.157,0.217,OK,0
3767,183,37670.091,0.246,OK,0
3768,184,37680.097,0.232,OK,0
3769,185,37690.195,0.419,OK,0
3770,186,37700.119,0.425,OK,0
3771,187,37710.096,0.364,OK,0
3772,188,37720.110,0.233,OK,0
3773,189,37730.090,0.319,OK,0
3774,190,37740.135,0.266,OK,0
3775,191,37750.120,0.244,OK,0
3776,192,37760.108,0.351,OK,0
3777,193,37770.084,0.256,OK,0
3778,194,37780.092,0.251,OK,0
3779,195,37790.109,0.383,OK,0
3780,196,37800.091,0.260,OK,0
3781,197,37810.086,0.260,OK,0
3782,198,37820.077,0.245,OK,0
3783,199,37830.095,0.406,OK,0
3784,200,37840.105,0.242,OK,0
3785,201,37850.124,0.255,OK,0
3786,202,37860.098,0.409,OK,0
3787,203,37870.085,0.280,OK,0
3788,204,37880.086,0.258,OK,0
3789,205,37890.117,0.240,OK,0
3790,206,37900.102,0.395,OK,0
3791,207,37910.083,0.373,OK,0
3792,208,37920.088,0.351,OK,0
3793,209,37930.080,0.332,OK,0
3794,210,37940.106,0.369,OK,0
3795,211,37950.081,0.358,OK,0
3796,212,37960.095,0.362,OK,0
3797,213,37970.075,0.486,OK,0
3798,214,37980.124,0.333,OK,0
3799,215,37990.096,0.287,OK,0
3800,216,38000.109,0.230,OK,0
3801,217,38010.123,0.418,OK,0
3802,218,38020.090,0.315,OK,0
3803,219,38030.117,0.293,OK,0
3804,220,38040.137,0.388,OK,0
3805,221,38050.144,0.334,OK,0
3806,222,38060.173,0.282,OK,0
3807,223,38070.094,0.286,OK,0
3808,224,38080.161,0.366,OK,0
3809,225,38090.118,0.291,OK,0
3810,226,38100.094,0.290,OK,0
3811,227,38110.103,0.307,OK,0
3812,228,38120.118,0.296,OK,0
3813,229,38130.099,0.280,OK,0
3814,230,38140.096,0.404,OK,0
3815,231,38150.082,0.345,OK,0
3816,232,38160.082,0.337,OK,0
3817,233,38170.089,0.360,OK,0
3818,234,38180.088,0.315,OK,0
3819,235,38190.084,0.267,OK,0
3820,236,38200.077,0.356,OK,0
3821,237,38210.126,0.281,OK,0
3822,238,38220.090,0.288,OK,0
3823,239,38230.097,0.289,OK,0
3824,240,38240.104,0.261,OK,0
3825,241,38250.106,0.254,OK,0
3826,242,38260.079,0.434,OK,0
3827,243,38270.082,0.204,OK,0
3828,244,38280.092,0.285,OK,0
3829,245,38290.094,0.274,OK,0
3830,246,38300.099,0.315,OK,0
3831,247,38310.078,0.230,OK,0
3832,248,38320.096,0.266,OK,0
3833,249,38330.147,0.329,OK,0
3834,250,38340.163,0.310,OK,0
3835,251,38350.088,0.378,OK,0
3836,252,38360.158,0.298,OK,0
3837,253,38370.087,0.387,OK,0
3838,254,38380.087,0.292,OK,0
3839,255,38390.085,0.371,OK,0
3840,0,38400.084,0.280,OK,0
3841,1,38410.093,0.595,OK,0
3842,2,38420.084,0.274,OK,0
3843,3,38430.077,0.332,OK,0
3844,4,38440.154,0.263,OK,0
3845,5,38450.085,0.198,OK,0
3846,6,38460.092,0.453,OK,0
3847,7,38470.097,0.269,OK,0
3848,8,38480.097,0.283,OK,0
3849,9,38490.082,0.223,OK,0
3850,10,38500.085,0.250,OK,0
3851,11,38510.087,0.453,OK,0
3852,12,38520.084,0.238,OK,0
3853,13,38530.079,0.216,OK,0
3854,14,38540.090,0.297,OK,0
3855,15,38550.095,0.360,OK,0
3856,16,38560.096,0.308,OK,0
3857,17,38570.092,0.412,OK,0
3858,18,38580.092,0.324,OK,0
3859,19,38590.083,0.195,OK,0
3860,20,38600.127,0.446,OK,0
3861,21,38610.141,0.456,OK,0
3862,22,38620.173,0.328,OK,0
3863,23,38630.092,0.344,OK,0
3864,24,38640.183,0.268,OK,0
3865,25,38650.121,0.324,OK,0
3866,26,38660.118,0.325,OK,0
3867,27,38670.115,0.405,OK,0
3868,28,38680.087,0.335,OK,0
3869,29,38690.093,0.328,OK,0
3870,30,38700.094,0.350,OK,0
3871,31,38710.098,0.278,OK,0
3872,32,38720.096,0.345,OK,0
3873,33,38730.085,0.394,OK,0
3874,34,38740.107,0.351,OK,0
3875,35,38750.099,0.356,OK,0
3876,36,38760.098,0.396,OK,0
3877,37,38770.107,0.496,OK,0
3878,38,38780.100,0.400,OK,0
3879,39,38790.095,0.539,OK,0
3880,40,38800.080,0.452,OK,0
3881,41,38810.099,0.414,OK,0
3882,42,38820.092,0.273,OK,0
3883,43,38830.106,0.325,OK,0
3884,44,38840.083,0.299,OK,0
3885,45,38850.105,0.295,OK,0
3886,46,38860.104,0.473,OK,0
3887,47,38870.092,0.288,OK,0
3888,48,38880.081,0.426,OK,0
3889,49,38890.086,0.299,OK,0
3890,50,38900.112,0.241,OK,0
3891,51,38910.091,0.319,OK,0
3892,52,38920.105,0.445,OK,0
3893,53,38930.120,0.320,OK,0
3894,54,38940.106,0.316,OK,0
3895,55,38950.102,0.224,OK,0
3896,56,38960.092,0.474,OK,0
3897,57,38970.089,0.343,OK,0
3898,58,38980.121,0.326,OK,0
3899,59,38990.090,0.288,OK,0
3900,60,39000.093,0.322,OK,0
3901,61,39010.108,0.382,OK,0
3902,62,39020.089,0.356,OK,0
3903,63,39030.108,0.438,OK,0
3904,64,39040.113,0.236,OK,0
3905,65,39050.102,0.329,OK,0
3906,66,39060.111,0.213,OK,0
3907,67,39070.091,0.223,OK,0
3908,68,39080.104,0.383,OK,0
3909,69,39090.090,0.518,OK,0
3910,70,39100.119,0.594,OK,0
3911,71,39110.083,0.286,OK,0
3912,72,39120.086,0.280,OK,0
3913,73,39130.095,0.421,OK,0
3914,74,39140.071,0.299,OK,0
3915,75,39150.080,0.387,OK,0
3916,76,39160.087,0.489,OK,0
3917,77,39170.108,0.308,OK,0
3918,78,39180.101,0.321,OK,0
3919,79,39190.078,0.210,OK,0
3920,80,39200.109,0.378,OK,0
3921,81,39210.100,0.379,OK,0
3922,82,39220.087,0.336,OK,0
3923,83,39230.092,0.359,OK,0
3924,84,39240.110,0.452,OK,0
3925,85,39250.086,0.369,OK,0
3926,86,39260.084,0.376,OK,0
3927,87,39270.072,0.431,OK,0
3928,88,39280.118,0.529,OK,0
3929,89,39290.076,0.409,OK,0
3930,90,39300.089,0.368,OK,0
3931,91,39310.132,0.314,OK,0
3932,92,39320.101,0.243,OK,0
3933,93,39330.106,0.254,OK,0
3934,94,39340.076,0.221,OK,0
3935,95,39350.089,0.193,OK,0
3936,96,39360.110,0.251,OK,0
3937,97,39370.081,0.200,OK,0
3938,98,39380.093,0.221,OK,0
3939,99,39390.104,0.205,OK,0
3940,100,39400.106,0.236,OK,0
3941,101,39410.142,0.360,OK,0
3942,102,39420.135,0.227,OK,0
3943,103,39430.142,0.399,OK,0
3944,104,39440.184,0.326,OK,0
3945,105,39450.183,0.310,OK,0
3946,106,39460.171,0.587,OK,0
3947,107,39470.126,0.399,OK,0
3948,108,39480.154,0.388,OK,0
3949,109,39490.225,0.471,OK,0
3950,110,39500.146,0.281,OK,0
3951,111,39510.173,0.287,OK,0
3952,112,39520.168,0.315,OK,0
3953,113,39530.115,0.309,OK,0
3954,114,39540.126,0.257,OK,0
3955,115,39550.110,0.227,OK,0
3956,116,39560.122,0.255,OK,0
3957,117,39570.119,0.263,OK,0
3958,118,39580.098,0.294,OK,0
3959,119,39590.116,0.292,OK,0
3960,120,39600.110,0.261,OK,0
3961,121,39610.095,0.271,OK,0
3962,122,39620.113,0.383,OK,0
3963,123,39630.107,0.265,OK,0
3964,124,39640.096,0.294,OK,0
3965,125,39650.104,0.267,OK,0
3966,126,39660.080,0.263,OK,0
3967,127,39670.106,0.374,OK,0
3968,128,39680.095,0.238,OK,0
3969,129,39690.078,0.354,OK,0
3970,130,39700.072,0.198,OK,0
3971,131,39710.077,0.298,OK,0
3972,132,39720.091,0.226,OK,0
3973,133,39730.089,0.356,OK,0
3974,134,39740.104,0.229,OK,0
3975,135,39750.095,0.209,OK,0
3976,136,39760.079,0.360,OK,0
3977,137,39770.094,0.294,OK,0
3978,138,39780.089,0.268,OK,0
3979,139,39790.086,0.224,OK,0
3980,140,39800.087,0.332,OK,0
3981,141,39810.085,0.259,OK,0
3982,142,39820.099,0.230,OK,0
3983,143,39830.086,0.223,OK,0
3984,144,39840.097,0.257,OK,0
3985,145,39850.057,0.211,OK,0
3986,146,39860.082,0.334,OK,0
3987,147,39870.076,0.337,OK,0
3988,148,39880.099,0.247,OK,0
3989,149,39890.088,0.345,OK,0
3990,150,39900.071,0.290,OK,0
3991,151,39910.081,0.290,OK,0
3992,152,39920.092,0.299,OK,0
3993,153,39930.090,0.224,OK,0
3994,154,39940.089,0.222,OK,0
3995,155,39950.080,0.307,OK,0
3996,156,39960.090,0.340,OK,0
3997,157,39970.113,0.322,OK,0
3998,158,39980.090,0.228,OK,0
3999,159,39990.079,0.288,OK,0
4000,160,40000.077,0.190,OK,0
4001,161,40010.104,0.258,OK,0
4002,162,40020.096,0.377,OK,0
4003,163,40030.076,0.224,OK,0
4004,164,40040.094,0.242,OK,0
4005,165,40050.079,0.212,OK,0
4006,166,40060.094,0.325,OK,0
4007,167,40070.094,0.372,OK,0
4008,168,40080.091,0.243,OK,0
4009,169,40090.070,0.410,OK,0
4010,170,40100.083,0.331,OK,0
4011,171,40110.085,0.382,OK,0
4012,172,40120.102,0.345,OK,0
4013,173,40130.107,0.355,OK,0
4014,174,40140.089,0.351,OK,0
4015,175,40150.079,0.405,OK,0
4016,176,40160.078,0.413,OK,0
4017,177,40170.098,0.378,OK,0
4018,178,40180.079,0.435,OK,0
4019,179,40190.081,0.214,OK,0
4020,180,40200.082,0.364,OK,0
4021,181,40210.156,0.421,OK,0
4022,182,40220.179,0.326,OK,0
4023,183,40230.171,0.358,OK,0
4024,184,40240.150,0.314,OK,0
4025,185,40250.179,0.448,OK,0
4026,186,40260.091,0.345,OK,0
4027,187,40270.079,0.204,OK,0
4028,188,40280.090,0.337,OK,0
4029,189,40290.092,0.477,OK,0
4030,190,40300.108,0.387,OK,0
4031,191,40310.085,0.360,OK,0
4032,192,40320.180,0.356,OK,0
4033,193,40330.089,0.419,OK,0
4034,194,40340.094,0.336,OK,0
4035,195,40350.084,0.361,OK,0
4036,196,40360.089,0.350,OK,0
4037,197,40370.091,0.246,OK,0
4038,198,40380.088,0.291,OK,0
4039,199,40390.088,0.325,OK,0
4040,200,40400.081,0.434,OK,0
4041,201,40410.080,0.446,OK,0
4042,202,40420.090,0.401,OK,0
4043,203,40430.090,0.384,OK,0
4044,204,40440.083,0.295,OK,0
4045,205,40450.101,0.370,OK,0
4046,206,40460.095,0.226,OK,0
4047,207,40470.097,0.227,OK,0
4048,208,40480.099,0.334,OK,0
4049,209,40490.091,0.474,OK,0
4050,210,40500.080,0.473,OK,0
4051,211,40510.081,0.390,OK,0
4052,212,40520.086,0.397,OK,0
4053,213,40530.099,0.403,OK,0
4054,214,40540.230,0.658,OK,0
4055,215,40550.134,0.430,OK,0
4056,216,40560.155,0.335,OK,0
4057,217,40570.150,0.349,OK,0
4058,218,40580.142,0.359,OK,0
4059,219,40590.172,0.334,OK,0
4060,220,40600.134,0.390,OK,0
4061,221,40610.156,0.383,OK,0
4062,222,40620.185,0.439,OK,0
4063,223,40630.145,0.395,OK,0
4064,224,40640.184,0.513,OK,0
4065,225,40650.155,0.418,OK,0
4066,226,40660.182,0.362,OK,0
4067,227,40670.151,0.350,OK,0
4068,228,40680.179,0.311,OK,0
4069,229,40690.182,0.508,OK,0
4070,230,40700.120,0.353,OK,0
4071,231,40710.158,0.282,OK,0
4072,232,40720.224,0.637,OK,0
4073,233,40730.211,0.394,OK,0
4074,234,40740.185,0.279,OK,0
4075,235,40750.145,0.280,OK,0
4076,236,40760.166,0.312,OK,0
4077,237,40770.147,0.314,OK,0
4078,238,40780.164,0.290,OK,0
4079,239,40790.153,0.403,OK,0
4080,240,40800.171,0.449,OK,0
4081,241,40810.192,0.328,OK,0
4082,242,40820.178,0.347,OK,0
4083,243,40830.161,0.396,OK,0
4084,244,40840.124,0.219,OK,0
4085,245,40850.151,0.261,OK,0
4086,246,40860.094,0.406,OK,0
4087,247,40870.173,0.402,OK,0
4088,248,40880.152,0.346,OK,0
4089,249,40890.105,0.357,OK,0
4090,250,40900.150,0.430,OK,0
4091,251,40910.137,0.270,OK,0
4092,252,40920.142,0.338,OK,0
4093,253,40930.192,0.399,OK,0
4094,254,40940.165,0.432,OK,0
4095,255,40950.156,0.369,OK,0
4096,0,40960.169,0.387,OK,0
4097,1,40970.113,0.471,OK,0
4098,2,40980.095,0.289,OK,0
4099,3,40990.086,0.431,OK,0
4100,4,41000.078,0.224,OK,0
4101,5,41010.100,0.326,OK,0
4102,6,41020.095,0.247,OK,0
4103,7,41030.095,0.210,OK,0
4104,8,41040.107,0.249,OK,0
4105,9,41050.106,0.355,OK,0
4106,10,41060.086,0.222,OK,0
4107,11,41070.103,0.378,OK,0
4108,12,41080.077,0.376,OK,0
4109,13,41090.086,0.286,OK,0
4110,14,41100.080,0.198,OK,0
4111,15,41110.086,0.413,OK,0
4112,16,41120.084,0.271,OK,0
4113,17,41130.082,0.393,OK,0
4114,18,41140.082,0.329,OK,0
4115,19,41150.084,0.330,OK,0
4116,20,41160.096,0.368,OK,0
4117,21,41170.089,0.361,OK,0
4118,22,41180.088,0.397,OK,0
4119,23,41190.082,0.274,OK,0
4120,24,41200.096,0.212,OK,0
4121,25,41210.099,0.352,OK,0
4122,26,41220.081,0.356,OK,0
4123,27,41230.096,0.271,OK,0
4124,28,41240.095,0.319,OK,0
4125,29,41250.091,0.346,OK,0
4126,30,41260.093,0.325,OK,0
4127,31,41270.163,0.244,OK,0
4128,32,41280.091,0.234,OK,0
4129,33,41290.108,0.221,OK,0
4130,34,41300.093,0.217,OK,0
4131,35,41310.141,0.322,OK,0
4132,36,41320.114,0.290,OK,0
4133,37,41330.086,0.220,OK,0
4134,38,41340.089,0.246,OK,0
4135,39,41350.098,0.348,OK,0
4136,40,41360.085,0.202,OK,0
4137,41,41370.092,0.252,OK,0
4138,42,41380.113,0.254,OK,0
4139,43,41390.094,0.254,OK,0
4140,44,41400.085,0.219,OK,0
4141,45,41410.106,0.237,OK,0
4142,46,41420.123,0.283,OK,0
4143,47,41430.096,0.219,OK,0
4144,48,41440.093,0.305,OK,0
4145,49,41450.151,0.426,OK,0
4146,50,41460.142,0.310,OK,0
4147,51,41470.143,0.322,OK,0
4148,52,41480.106,0.229,OK,0
4149,53,41490.119,0.236,OK,0
4150,54,41500.113,0.235,OK,0
4151,55,41510.114,0.360,OK,0
4152,56,41520.111,0.223,OK,0
4153,57,41530.106,0.249,OK,0
4154,58,41540.115,0.238,OK,0
4155,59,41550.096,0.216,OK,0
4156,60,41560.099,0.244,OK,0
4157,61,41570.098,0.231,OK,0
4158,62,41580.108,0.244,OK,0
4159,63,41590.101,0.360,OK,0
4160,64,41600.129,0.232,OK,0
4161,65,41610.092,0.356,OK,0
4162,66,41620.089,0.214,OK,0
4163,67,41630.090,0.235,OK,0
4164,68,41640.086,0.325,OK,0
4165,69,41650.091,0.225,OK,0
4166,70,41660.096,0.231,OK,0
4167,71,41670.087,0.397,OK,0
4168,72,41680.096,0.227,OK,0
4169,73,41690.100,0.344,OK,0
4170,74,41700.080,0.357,OK,0
4171,75,41710.093,0.200,OK,0
4172,76,41720.076,0.205,OK,0
4173,77,41730.079,0.226,OK,0
4174,78,41740.103,0.313,OK,0
4175,79,41750.103,0.208,OK,0
4176,80,41760.100,0.347,OK,0
4177,81,41770.070,0.352,OK,0
4178,82,41780.101,0.351,OK,0
4179,83,41790.094,0.359,OK,0
4180,84,41800.083,0.331,OK,0
4181,85,41810.095,0.208,OK,0
4182,86,41820.085,0.335,OK,0
4183,87,41830.076,0.361,OK,0
4184,88,41840.084,0.333,OK,0
4185,89,41850.127,0.363,OK,0
4186,90,41860.114,0.348,OK,0
4187,91,41870.087,0.377,OK,0
4188,92,41880.085,0.303,OK,0
4189,93,41890.079,0.299,OK,0
4190,94,41900.083,0.238,OK,0
4191,95,41910.085,0.233,OK,0
4192,96,41920.091,0.387,OK,0
4193,97,41930.098,0.340,OK,0
4194,98,41940.090,0.292,OK,0
4195,99,41950.103,0.390,OK,0
4196,100,41960.097,0.359,OK,0
4197,101,41970.086,0.348,OK,0
4198,102,41980.107,0.240,OK,0
4199,103,41990.114,0.322,OK,0
4200,104,42000.097,0.263,OK,0
4201,105,42010.120,0.369,OK,0
4202,106,42020.083,0.388,OK,0
4203,107,42030.094,0.378,OK,0
4204,108,42040.088,0.327,OK,0
4205,109,42050.090,0.360,OK,0
4206,110,42060.086,0.268,OK,0
4207,111,42070.102,0.340,OK,0
4208,112,42080.111,0.292,OK,0
4209,113,42090.096,0.255,OK,0
4210,114,42100.105,0.216,OK,0
4211,115,42110.082,0.332,OK,0
4212,116,42120.083,0.339,OK,0
4213,117,42130.076,0.249,OK,0
4214,118,42140.091,0.278,OK,0
4215,119,42150.099,0.491,OK,0
4216,120,42160.085,0.322,OK,0
4217,121,42170.103,0.385,OK,0
4218,122,42180.086,0.279,OK,0
4219,123,42190.085,0.318,OK,0
4220,124,42200.090,0.435,OK,0
4221,125,42210.108,0.303,OK,0
4222,126,42220.083,0.296,OK,0
4223,127,42230.073,0.293,OK,0
4224,128,42240.098,0.312,OK,0
4225,129,42250.082,0.268,OK,0
4226,130,42260.086,0.284,OK,0
4227,131,42270.104,0.326,OK,0
4228,132,42280.082,0.373,OK,0
4229,133,42290.086,0.303,OK,0
4230,134,42300.084,0.287,OK,0
4231,135,42310.078,0.256,OK,0
4232,136,42320.085,0.332,OK,0
4233,137,42330.082,0.265,OK,0
4234,138,42340.093,0.328,OK,0
4235,139,42350.082,0.283,OK,0
4236,140,42360.082,0.237,OK,0
4237,141,42370.084,0.326,OK,0
4238,142,42380.089,0.325,OK,0
4239,143,42390.088,0.292,OK,0
4240,144,42400.076,0.305,OK,0
4241,145,42410.079,0.282,OK,0
4242,146,42420.082,0.287,OK,0
4243,147,42430.113,0.306,OK,0
4244,148,42440.092,0.313,OK,0
4245,149,42450.101,0.310,OK,0
4246,150,42460.157,0.275,OK,0
4247,151,42470.086,0.304,OK,0
4248,152,42480.079,0.281,OK,0
4249,153,42490.081,0.296,OK,0
4250,154,42500.079,0.290,OK,0
4251,155,42510.083,0.332,OK,0
4252,156,42520.096,0.440,OK,0
4253,157,42530.071,0.296,OK,0
4254,158,42540.082,0.309,OK,0
4255,159,42550.078,0.320,OK,0
4256,160,42560.074,0.256,OK,0
4257,161,42570.096,0.281,OK,0
4258,162,42580.083,0.238,OK,0
4259,163,42590.084,0.227,OK,0
4260,164,42600.082,0.243,OK,0
4261,165,42610.091,0.275,OK,0
4262,166,42620.079,0.453,OK,0
4263,167,42630.097,0.317,OK,0
4264,168,42640.091,0.326,OK,0
4265,169,42650.079,0.339,OK,0
4266,170,42660.151,0.312,OK,0
4267,171,42670.120,0.348,OK,0
4268,172,42680.104,0.314,OK,0
4269,173,42690.110,0.317,OK,0
4270,174,42700.096,0.277,OK,0
4271,175,42710.082,0.321,OK,0
4272,176,42720.096,0.231,OK,0
4273,177,42730.132,0.220,OK,0
4274,178,42740.166,0.527,OK,0
4275,179,42750.093,0.333,OK,0
4276,180,42760.092,0.371,OK,0
4277,181,42770.089,0.483,OK,0
4278,182,42780.094,0.351,OK,0
4279,183,42790.094,0.376,OK,0
4280,184,42800.090,0.401,OK,0
4281,185,42810.118,0.327,OK,0
4282,186,42820.089,0.386,OK,0
4283,187,42830.086,0.274,OK,0
4284,188,42840.109,0.312,OK,0
4285,189,42850.100,0.250,OK,0
4286,190,42860.105,0.343,OK,0
4287,191,42870.081,0.187,OK,0
4288,192,42880.080,0.266,OK,0
4289,193,42890.108,0.364,OK,0
4290,194,42900.097,0.332,OK,0
4291,195,42910.080,0.266,OK,0
4292,196,42920.084,0.362,OK,0
4293,197,42930.090,0.377,OK,0
4294,198,42940.095,0.348,OK,0
4295,199,42950.086,0.264,OK,0
4296,200,42960.094,0.221,OK,0
4297,201,42970.093,0.237,OK,0
4298,202,42980.094,0.242,OK,0
4299,203,42990.119,0.265,OK,0
4300,204,43000.130,0.283,OK,0
4301,205,43010.104,0.248,OK,0
4302,206,43020.096,0.332,OK,0
4303,207,43030.114,0.348,OK,0
4304,208,43040.097,0.447,OK,0
4305,209,43050.108,0.330,OK,0
4306,210,43060.075,0.356,OK,0
4307,211,43070.090,0.273,OK,0
4308,212,43080.112,0.298,OK,0
4309,213,43090.094,0.229,OK,0
4310,214,43100.093,0.244,OK,0
4311,215,43110.095,0.369,OK,0
4312,216,43120.090,0.303,OK,0
4313,217,43130.151,0.279,OK,0
4314,218,43140.137,0.232,OK,0
4315,219,43150.148,0.231,OK,0
4316,220,43160.145,0.270,OK,0
4317,221,43170.152,0.322,OK,0
4318,222,43180.142,0.259,OK,0
4319,223,43190.075,0.286,OK,0
4320,224,43200.088,0.262,OK,0
4321,225,43210.091,0.269,OK,0
4322,226,43220.169,0.319,OK,0
4323,227,43230.223,0.240,OK,0
4324,228,43240.156,0.279,OK,0
4325,229,43250.150,0.209,OK,0
4326,230,43260.156,0.455,OK,0
4327,231,43270.136,0.279,OK,0
4328,232,43280.138,0.327,OK,0
4329,233,43290.180,0.442,OK,0
4330,234,43300.165,0.322,OK,0
4331,235,43310.178,0.347,OK,0
4332,236,43320.146,0.420,OK,0
4333,237,43330.097,0.342,OK,0
4334,238,43340.094,0.297,OK,0
4335,239,43350.106,0.501,OK,0
4336,240,43360.083,0.421,OK,0
4337,241,43370.112,0.446,OK,0
4338,242,43380.097,0.401,OK,0
4339,243,43390.085,0.222,OK,0
4340,244,43400.071,0.260,OK,0
4341,245,43410.178,0.296,OK,0
4342,246,43420.188,0.469,OK,0
4343,247,43430.158,0.491,OK,0
4344,248,43440.153,0.451,OK,0
4345,249,43450.148,0.292,OK,0
4346,250,43460.184,0.313,OK,0
4347,251,43470.097,0.343,OK,0
4348,252,43480.105,0.337,OK,0
4349,253,43490.165,0.316,OK,0
4350,254,43500.166,0.301,OK,0
4351,255,43510.148,0.327,OK,0
4352,0,43520.150,0.309,OK,0
4353,1,43530.145,0.287,OK,0
4354,2,43540.163,0.313,OK,0
4355,3,43550.138,0.292,OK,0
4356,4,43560.144,0.325,OK,0
4357,5,43570.094,0.239,OK,0
4358,6,43580.114,0.238,OK,0
4359,7,43590.096,0.341,OK,0
4360,8,43600.094,0.342,OK,0
4361,9,43610.089,0.313,OK,0
4362,10,43620.080,0.298,OK,0
4363,11,43630.081,0.307,OK,0
4364,12,43640.082,0.295,OK,0
4365,13,43650.081,0.280,OK,0
4366,14,43660.100,0.377,OK,0
4367,15,43670.081,0.345,OK,0
4368,16,43680.091,0.293,OK,0
4369,17,43690.079,0.295,OK,0
4370,18,43700.088,0.470,OK,0
4371,19,43710.139,0.375,OK,0
4372,20,43720.159,0.443,OK,0
4373,21,43730.133,0.356,OK,0
4374,22,43740.094,0.313,OK,0
4375,23,43750.159,0.419,OK,0
4376,24,43760.152,0.382,OK,0
4377,25,43770.086,0.390,OK,0
4378,26,43780.098,0.219,OK,0
4379,27,43790.290,0.430,OK,0
4380,28,43800.078,0.401,OK,0
4381,29,43810.150,0.627,OK,0
4382,30,43820.100,0.421,OK,0
4383,31,43830.094,0.438,OK,0
4384,32,43840.097,0.396,OK,0
4385,33,43850.104,0.370,OK,0
4386,34,43860.091,0.330,OK,0
4387,35,43870.096,0.363,OK,0
4388,36,43880.124,0.432,OK,0
4389,37,43890.092,0.385,OK,0
4390,38,43900.091,0.391,OK,0
4391,39,43910.149,0.378,OK,0
4392,40,43920.092,0.416,OK,0
4393,41,43930.181,0.364,OK,0
4394,42,43940.095,0.413,OK,0
4395,43,43950.098,0.366,OK,0
4396,44,43960.080,0.466,OK,0
4397,45,43970.080,0.206,OK,0
4398,46,43980.080,0.206,OK,0
4399,47,43990.084,0.209,OK,0
4400,48,44000.081,0.221,OK,0
4401,49,44010.085,0.341,OK,0
4402,50,44020.101,0.332,OK,0
4403,51,44030.085,0.294,OK,0
4404,52,44040.089,0.301,OK,0
4405,53,44050.088,0.341,OK,0
4406,54,44060.079,0.350,OK,0
4407,55,44070.087,0.370,OK,0
4408,56,44080.095,0.370,OK,0
4409,57,44090.088,0.297,OK,0
4410,58,44100.084,0.283,OK,0
4411,59,44110.083,0.293,OK,0
4412,60,44120.080,0.351,OK,0
4413,61,44130.139,0.364,OK,0
4414,62,44140.164,0.402,OK,0
4415,63,44150.100,0.676,OK,0
4416,64,44160.166,0.679,OK,0
4417,65,44170.093,0.343,OK,0
4418,66,44180.161,0.336,OK,0
4419,67,44190.149,0.265,OK,0
4420,68,44200.094,0.307,OK,0
4421,69,44210.129,0.356,OK,0
4422,70,44220.118,0.369,OK,0
4423,71,44230.098,0.388,OK,0
4424,72,44240.086,0.193,OK,0
4425,73,44250.110,0.349,OK,0
4426,74,44260.105,0.237,OK,0
4427,75,44270.088,0.351,OK,0
4428,76,44280.078,0.245,OK,0
4429,77,44290.110,0.230,OK,0
4430,78,44300.097,0.335,OK,0
4431,79,44310.090,0.344,OK,0
4432,80,44320.088,0.228,OK,0
4433,81,44330.084,0.336,OK,0
4434,82,44340.087,0.217,OK,0
4435,83,44350.103,0.357,OK,0
4436,84,44360.087,0.357,OK,0
4437,85,44370.084,0.457,OK,0
4438,86,44380.078,0.252,OK,0
4439,87,44390.087,0.328,OK,0
4440,88,44400.084,0.381,OK,0
4441,89,44410.085,0.329,OK,0
4442,90,44420.116,0.354,OK,0
4443,91,44430.076,0.331,OK,0
4444,92,44440.095,0.270,OK,0
4445,93,44450.143,0.280,OK,0
4446,94,44460.139,0.297,OK,0
4447,95,44470.155,0.339,OK,0
4448,96,44480.095,0.328,OK,0
4449,97,44490.162,0.303,OK,0
4450,98,44500.079,0.241,OK,0
4451,99,44510.085,0.384,OK,0
4452,100,44520.082,0.384,OK,0
4453,101,44530.160,0.308,OK,0
4454,102,44540.106,0.375,OK,0
4455,103,44550.110,0.250,OK,0
4456,104,44560.084,0.356,OK,0
4457,105,44570.112,0.395,OK,0
4458,106,44580.095,0.319,OK,0
4459,107,44590.085,0.347,OK,0
4460,108,44600.102,0.359,OK,0
4461,109,44610.086,0.305,OK,0
4462,110,44620.085,0.278,OK,0
4463,111,44630.102,0.307,OK,0
4464,112,44640.092,0.342,OK,0
4465,113,44650.162,0.323,OK,0
4466,114,44660.091,0.364,OK,0
4467,115,44670.092,0.282,OK,0
4468,116,44680.141,0.326,OK,0
4469,117,44690.207,0.309,OK,0
4470,118,44700.165,0.279,OK,0
4471,119,44710.167,0.291,OK,0
4472,120,44720.173,0.294,OK,0
4473,121,44730.152,0.285,OK,0
4474,122,44740.073,0.224,OK,0
4475,123,44750.108,0.449,OK,0
4476,124,44760.107,0.307,OK,0
4477,125,44770.088,0.248,OK,0
4478,126,44780.106,0.246,OK,0
4479,127,44790.087,0.335,OK,0
4480,128,44800.100,0.262,OK,0
4481,129,44810.082,0.341,OK,0
4482,130,44820.102,0.359,OK,0
4483,131,44830.083,0.386,OK,0
4484,132,44840.160,0.321,OK,0
4485,133,44850.111,0.269,OK,0
4486,134,44860.094,0.288,OK,0
4487,135,44870.115,0.594,OK,0
4488,136,44880.159,0.372,OK,0
4489,137,44890.155,0.309,OK,0
4490,138,44900.147,0.328,OK,0
4491,139,44910.095,0.358,OK,0
4492,140,44920.099,0.420,OK,0
4493,141,44930.093,0.350,OK,0
4494,142,44940.141,0.287,OK,0
4495,143,44950.095,0.345,OK,0
4496,144,44960.094,0.317,OK,0
4497,145,44970.162,0.322,OK,0
4498,146,44980.117,0.303,OK,0
4499,147,44990.115,0.347,OK,0
4500,148,45000.093,0.366,OK,0
4501,149,45010.110,0.368,OK,0
4502,150,45020.099,0.354,OK,0
4503,151,45030.092,0.214,OK,0
4504,152,45040.080,0.297,OK,0
4505,153,45050.076,0.281,OK,0
4506,154,45060.092,0.341,OK,0
4507,155,45070.096,0.312,OK,0
4508,156,45080.100,0.479,OK,0
4509,157,45090.137,0.339,OK,0
4510,158,45100.134,0.342,OK,0
4511,159,45110.174,0.284,OK,0
4512,160,45120.136,0.515,OK,0
4513,161,45130.138,0.306,OK,0
4514,162,45140.148,0.285,OK,0
4515,163,45150.182,0.318,OK,0
4516,164,45160.144,0.378,OK,0
4517,165,45170.166,0.304,OK,0
4518,166,45180.146,0.387,OK,0
4519,167,45190.220,0.462,OK,0
4520,168,45200.093,0.424,OK,0
4521,169,45210.226,0.425,OK,0
4522,170,45220.133,0.328,OK,0
4523,171,45230.146,0.388,OK,0
4524,172,45240.175,0.341,OK,0
4525,173,45250.104,0.340,OK,0
4526,174,45260.180,0.454,OK,0
4527,175,45270.227,0.416,OK,0
4528,176,45280.148,0.430,OK,0
4529,177,45290.181,0.294,OK,0
4530,178,45300.184,0.426,OK,0
4531,179,45310.243,0.425,OK,0
4532,180,45320.189,0.464,OK,0
4533,181,45330.169,0.454,OK,0
4534,182,45340.216,0.475,OK,0
4535,183,45350.170,0.499,OK,0
4536,184,45360.181,0.395,OK,0
4537,185,45370.230,0.376,OK,0
4538,186,45380.193,0.357,OK,0
4539,187,45390.129,0.368,OK,0
4540,188,45400.086,0.390,OK,0
4541,189,45410.130,0.329,OK,0
4542,190,45420.098,0.344,OK,0
4543,191,45430.078,0.442,OK,0
4544,192,45440.085,0.255,OK,0
4545,193,45450.175,0.378,OK,0
4546,194,45460.128,0.299,OK,0
4547,195,45470.136,0.229,OK,0
4548,196,45480.090,0.222,OK,0
4549,197,45490.148,0.507,OK,0
4550,198,45500.088,0.417,OK,0
4551,199,45510.195,0.450,OK,0
4552,200,45520.133,0.608,OK,0
4553,201,45530.175,0.434,OK,0
4554,202,45540.120,0.404,OK,0
4555,203,45550.109,0.326,OK,0
4556,204,45560.144,0.332,OK,0
4557,205,45570.075,0.274,OK,0
4558,206,45580.078,0.287,OK,0
4559,207,45590.107,0.300,OK,0
4560,208,45600.082,0.328,OK,0
4561,209,45610.140,0.276,OK,0
4562,210,45620.089,0.298,OK,0
4563,211,45630.078,0.291,OK,0
4564,212,45640.077,0.244,OK,0
4565,213,45650.097,0.354,OK,0
4566,214,45660.083,0.266,OK,0
4567,215,45670.088,0.250,OK,0
4568,216,45680.091,0.359,OK,0
4569,217,45690.098,0.219,OK,0
4570,218,45700.103,0.322,OK,0
4571,219,45710.112,0.215,OK,0
4572,220,45720.082,0.214,OK,0
4573,221,45730.186,0.225,OK,0
4574,222,45740.160,0.205,OK,0
4575,223,45750.146,0.209,OK,0
4576,224,45760.134,0.295,OK,0
4577,225,45770.191,0.338,OK,0
4578,226,45780.196,0.331,OK,0
4579,227,45790.105,0.249,OK,0
4580,228,45800.139,0.234,OK,0
4581,229,45810.142,0.215,OK,0
4582,230,45820.157,0.292,OK,0
4583,231,45830.112,0.363,OK,0
4584,232,45840.083,0.226,OK,0
4585,233,45850.090,0.244,OK,0
4586,234,45860.078,0.333,OK,0
4587,235,45870.078,0.297,OK,0
4588,236,45880.137,0.419,OK,0
4589,237,45890.135,0.444,OK,0
4590,238,45900.137,0.345,OK,0
4591,239,45910.157,0.364,OK,0
4592,240,45920.144,0.322,OK,0
4593,241,45930.189,0.319,OK,0
4594,242,45940.158,0.357,OK,0
4595,243,45950.165,0.374,OK,0
4596,244,45960.091,0.394,OK,0
4597,245,45970.136,0.211,OK,0
4598,246,45980.080,0.321,OK,0
4599,247,45990.100,0.215,OK,0
4600,248,46000.108,0.247,OK,0
4601,249,46010.093,0.223,OK,0
4602,250,46020.079,0.409,OK,0
4603,251,46030.079,0.199,OK,0
4604,252,46040.098,0.259,OK,0
4605,253,46050.096,0.367,OK,0
4606,254,46060.089,0.237,OK,0
4607,255,46070.088,0.274,OK,0
4608,0,46080.105,0.341,OK,0
4609,1,46090.083,0.279,OK,0
4610,2,46100.087,0.289,OK,0
4611,3,46110.082,0.343,OK,0
4612,4,46120.080,0.286,OK,0
4613,5,46130.078,0.285,OK,0
4614,6,46140.108,0.239,OK,0
4615,7,46150.110,0.421,OK,0
4616,8,46160.081,0.202,OK,0
4617,9,46170.089,0.267,OK,0
4618,10,46180.114,0.235,OK,0
4619,11,46190.113,0.255,OK,0
4620,12,46200.100,0.238,OK,0
4621,13,46210.083,0.381,OK,0
4622,14,46220.158,0.253,OK,0
4623,15,46230.164,0.366,OK,0
4624,16,46240.154,0.259,OK,0
4625,17,46250.152,0.225,OK,0
4626,18,46260.113,0.404,OK,0
4627,19,46270.093,0.202,OK,0
4628,20,46280.082,0.231,OK,0
4629,21,46290.103,0.408,OK,0
4630,22,46300.097,0.306,OK,0
4631,23,46310.079,0.215,OK,0
4632,24,46320.083,0.211,OK,0
4633,25,46330.098,0.251,OK,0
4634,26,46340.098,0.233,OK,0
4635,27,46350.083,0.215,OK,0
4636,28,46360.090,0.323,OK,0
4637,29,46370.079,0.274,OK,0
4638,30,46380.075,0.246,OK,0
4639,31,46390.073,0.253,OK,0
4640,32,46400.083,0.415,OK,0
4641,33,46410.100,0.255,OK,0
4642,34,46420.090,0.321,OK,0
4643,35,46430.087,0.305,OK,0
4644,36,46440.184,0.342,OK,0
4645,37,46450.180,0.398,OK,0
4646,38,46460.149,0.353,OK,0
4647,39,46470.166,0.383,OK,0
4648,40,46480.145,0.373,OK,0
4649,41,46490.180,0.442,OK,0
4650,42,46500.130,0.209,OK,0
4651,43,46510.137,0.228,OK,0
4652,44,46520.142,0.268,OK,0
4653,45,46530.155,0.330,OK,0
4654,46,46540.157,0.344,OK,0
4655,47,46550.141,0.361,OK,0
4656,48,46560.166,0.273,OK,0
4657,49,46570.188,0.243,OK,0
4658,50,46580.168,0.324,OK,0
4659,51,46590.137,0.287,OK,0
4660,52,46600.175,0.299,OK,0
4661,53,46610.144,0.271,OK,0
4662,54,46620.131,0.456,OK,0
4663,55,46630.174,0.329,OK,0
4664,56,46640.162,0.288,OK,0
4665,57,46650.131,0.350,OK,0
4666,58,46660.080,0.266,OK,0
4667,59,46670.162,0.243,OK,0
4668,60,46680.157,0.399,OK,0
4669,61,46690.159,0.286,OK,0
4670,62,46700.151,0.292,OK,0
4671,63,46710.182,0.302,OK,0
4672,64,46720.172,0.343,OK,0
4673,65,46730.133,0.309,OK,0
4674,66,46740.155,0.419,OK,0
4675,67,46750.185,0.405,OK,0
4676,68,46760.175,0.369,OK,0
4677,69,46770.158,0.325,OK,0
4678,70,46780.172,0.351,OK,0
4679,71,46790.152,0.468,OK,0
4680,72,46800.173,0.430,OK,0
4681,73,46810.163,0.517,OK,0
4682,74,46820.169,0.270,OK,0
4683,75,46830.162,0.366,OK,0
4684,76,46840.169,0.551,OK,0
4685,77,46850.150,0.367,OK,0
4686,78,46860.096,0.376,OK,0
4687,79,46870.083,0.292,OK,0
4688,80,46880.079,0.302,OK,0
4689,81,46890.156,0.382,OK,0
4690,82,46900.093,0.433,OK,0
4691,83,46910.149,0.239,OK,0
4692,84,46920.150,0.483,OK,0
4693,85,46930.165,0.311,OK,0
4694,86,46940.169,0.246,OK,0
4695,87,46950.080,0.198,OK,0
4696,88,46960.077,0.321,OK,0
4697,89,46970.078,0.329,OK,0
4698,90,46980.095,0.210,OK,0
4699,91,46990.082,0.267,OK,0
4700,92,47000.086,0.208,OK,0
4701,93,47010.086,0.224,OK,0
4702,94,47020.080,0.307,OK,0
4703,95,47030.099,0.362,OK,0
4704,96,47040.188,0.285,OK,0
4705,97,47050.167,0.324,OK,0
4706,98,47060.187,0.289,OK,0
4707,99,47070.156,0.474,OK,0
4708,100,47080.163,0.407,OK,0
4709,101,47090.119,0.315,OK,0
4710,102,47100.164,0.304,OK,0
4711,103,47110.158,0.437,OK,0
4712,104,47120.246,0.407,OK,0
4713,105,47130.204,0.452,OK,0
4714,106,47140.167,0.363,OK,0
4715,107,47150.202,0.258,OK,0
4716,108,47160.094,0.424,OK,0
4717,109,47170.156,0.388,OK,0
4718,110,47180.152,0.320,OK,0
4719,111,47190.109,0.353,OK,0
4720,112,47200.110,0.366,OK,0
4721,113,47210.088,0.398,OK,0
4722,114,47220.091,0.352,OK,0
4723,115,47230.129,0.352,OK,0
4724,116,47240.098,0.211,OK,0
4725,117,47250.090,0.243,OK,0
4726,118,47260.099,0.220,OK,0
4727,119,47270.112,0.264,OK,0
4728,120,47280.107,0.245,OK,0
4729,121,47290.092,0.291,OK,0
4730,122,47300.080,0.294,OK,0
4731,123,47310.100,0.394,OK,0
4732,124,47320.094,0.286,OK,0
4733,125,47330.099,0.242,OK,0
4734,126,47340.075,0.266,OK,0
4735,127,47350.095,0.297,OK,0
4736,128,47360.097,0.235,OK,0
4737,129,47370.073,0.285,OK,0
4738,130,47380.114,0.242,OK,0
4739,131,47390.098,0.372,OK,0
4740,132,47400.102,0.206,OK,0
4741,133,47410.098,0.238,OK,0
4742,134,47420.137,0.303,OK,0
4743,135,47430.195,0.247,OK,0
4744,136,47440.153,0.382,OK,0
4745,137,47450.161,0.311,OK,0
4746,138,47460.138,0.273,OK,0
4747,139,47470.108,0.264,OK,0
4748,140,47480.104,0.232,OK,0
4749,141,47490.082,0.277,OK,0
4750,142,47500.072,0.338,OK,0
4751,143,47510.088,0.212,OK,0
4752,144,47520.081,0.325,OK,0
4753,145,47530.079,0.186,OK,0
4754,146,47540.110,0.255,OK,0
4755,147,47550.088,0.171,OK,0
4756,148,47560.083,0.186,OK,0
4757,149,47570.090,0.195,OK,0
4758,150,47580.088,0.220,OK,0
4759,151,47590.084,0.334,OK,0
4760,152,47600.073,0.295,OK,0
4761,153,47610.071,0.494,OK,0
4762,154,47620.086,0.350,OK,0
4763,155,47630.083,0.346,OK,0
4764,156,47640.090,0.293,OK,0
4765,157,47650.084,0.330,OK,0
4766,158,47660.082,0.295,OK,0
4767,159,47670.086,0.331,OK,0
4768,160,47680.085,0.324,OK,0
4769,161,47690.081,0.264,OK,0
4770,162,47700.131,0.490,OK,0
4771,163,47710.091,0.381,OK,0
4772,164,47720.099,0.387,OK,0
4773,165,47730.091,0.288,OK,0
4774,166,47740.191,0.386,OK,0
4775,167,47750.076,0.299,OK,0
4776,168,47760.084,0.446,OK,0
4777,169,47770.167,0.354,OK,0
4778,170,47780.154,0.230,OK,0
4779,171,47790.171,0.259,OK,0
4780,172,47800.118,0.234,OK,0
4781,173,47810.083,0.316,OK,0
4782,174,47820.084,0.229,OK,0
4783,175,47830.118,0.225,OK,0
4784,176,47840.190,0.226,OK,0
4785,177,47850.199,0.290,OK,0
4786,178,47860.135,0.213,OK,0
4787,179,47870.094,0.229,OK,0
4788,180,47880.095,0.277,OK,0
4789,181,47890.099,0.337,OK,0
4790,182,47900.165,0.317,OK,0
4791,183,47910.145,0.264,OK,0
4792,184,47920.146,0.324,OK,0
4793,185,47930.127,0.329,OK,0
4794,186,47940.110,0.447,OK,0
4795,187,47950.095,0.412,OK,0
4796,188,47960.135,0.359,OK,0
4797,189,47970.093,0.230,OK,0
4798,190,47980.100,0.225,OK,0
4799,191,47990.116,0.253,OK,0
4800,192,48000.080,0.439,OK,0
4801,193,48010.101,0.319,OK,0
4802,194,48020.074,0.525,OK,0
4803,195,48030.138,0.415,OK,0
4804,196,48040.097,0.354,OK,0
4805,197,48050.096,0.368,OK,0
4806,198,48060.090,0.468,OK,0
4807,199,48070.090,0.464,OK,0
4808,200,48080.086,0.469,OK,0
4809,201,48090.095,0.462,OK,0
4810,202,48100.094,0.483,OK,0
4811,203,48110.084,0.393,OK,0
4812,204,48120.072,0.441,OK,0
4813,205,48130.092,0.425,OK,0
4814,206,48140.098,0.382,OK,0
4815,207,48150.088,0.384,OK,0
4816,208,48160.094,0.429,OK,0
4817,209,48170.094,0.425,OK,0
4818,210,48180.086,0.493,OK,0
4819,211,48190.114,0.488,OK,0
4820,212,48200.082,0.400,OK,0
4821,213,48210.103,0.404,OK,0
4822,214,48220.079,0.400,OK,0
4823,215,48230.094,0.428,OK,0
4824,216,48240.094,0.273,OK,0
4825,217,48250.094,0.347,OK,0
4826,218,48260.090,0.445,OK,0
4827,219,48270.111,0.234,OK,0
4828,220,48280.103,0.269,OK,0
4829,221,48290.094,0.257,OK,0
4830,222,48300.105,0.234,OK,0
4831,223,48310.096,0.408,OK,0
4832,224,48320.077,0.342,OK,0
4833,225,48330.161,0.217,OK,0
4834,226,48340.111,0.274,OK,0
4835,227,48350.120,0.335,OK,0
4836,228,48360.148,0.345,OK,0
4837,229,48370.143,0.300,OK,0
4838,230,48380.136,0.341,OK,0
4839,231,48390.130,0.317,OK,0
4840,232,48400.099,0.329,OK,0
4841,233,48410.103,0.338,OK,0
4842,234,48420.137,0.424,OK,0
4843,235,48430.106,0.328,OK,0
4844,236,48440.092,0.292,OK,0
4845,237,48450.113,0.456,OK,0
4846,238,48460.112,0.515,OK,0
4847,239,48470.083,0.369,OK,0
4848,240,48480.098,0.448,OK,0
4849,241,48490.109,0.467,OK,0
4850,242,48500.095,0.450,OK,0
4851,243,48510.104,0.285,OK,0
4852,244,48520.111,0.241,OK,0
4853,245,48530.098,0.224,OK,0
4854,246,48540.080,0.372,OK,0
4855,247,48550.088,0.341,OK,0
4856,248,48560.078,0.390,OK,0
4857,249,48570.083,0.396,OK,0
4858,250,48580.077,0.528,OK,0
4859,251,48590.091,0.456,OK,0
4860,252,48600.100,0.362,OK,0
4861,253,48610.164,0.324,OK,0
4862,254,48620.076,0.475,OK,0
4863,255,48630.096,0.285,OK,0
4864,0,48640.085,0.342,OK,0
4865,1,48650.109,0.473,OK,0
4866,2,48660.089,0.294,OK,0
4867,3,48670.085,0.304,OK,0
4868,4,48680.087,0.246,OK,0
4869,5,48690.241,0.352,OK,0
4870,6,48700.157,0.201,OK,0
4871,7,48710.159,0.397,OK,0
4872,8,48720.153,0.207,OK,0
4873,9,48730.077,0.234,OK,0
4874,10,48740.083,0.513,OK,0
4875,11,48750.158,0.334,OK,0
4876,12,48760.170,0.314,OK,0
4877,13,48770.186,0.451,OK,0
4878,14,48780.144,0.420,OK,0
4879,15,48790.171,0.461,OK,0
4880,16,48800.172,0.446,OK,0
4881,17,48810.090,0.430,OK,0
4882,18,48820.148,0.544,OK,0
4883,19,48830.102,0.432,OK,0
4884,20,48840.145,0.401,OK,0
4885,21,48850.155,0.390,OK,0
4886,22,48860.081,0.298,OK,0
4887,23,48870.108,0.306,OK,0
4888,24,48880.078,0.388,OK,0
4889,25,48890.097,0.324,OK,0
4890,26,48900.119,0.404,OK,0
4891,27,48910.092,0.432,OK,0
4892,28,48920.076,0.403,OK,0
4893,29,48930.094,0.394,OK,0
4894,30,48940.085,0.345,OK,0
4895,31,48950.073,0.348,OK,0
4896,32,48960.076,0.293,OK,0
4897,33,48970.090,0.302,OK,0
4898,34,48980.090,0.231,OK,0
4899,35,48990.145,0.384,OK,0
4900,36,49000.088,0.295,OK,0
4901,37,49010.081,0.290,OK,0
4902,38,49020.075,0.468,OK,0
4903,39,49030.096,0.370,OK,0
4904,40,49040.095,0.467,OK,0
4905,41,49050.090,0.386,OK,0
4906,42,49060.078,0.330,OK,0
4907,43,49070.093,0.395,OK,0
4908,44,49080.094,0.344,OK,0
4909,45,49090.098,0.317,OK,0
4910,46,49100.189,0.302,OK,0
4911,47,49110.184,0.377,OK,0
4912,48,49120.156,0.400,OK,0
4913,49,49130.076,0.313,OK,0
4914,50,49140.141,0.344,OK,0
4915,51,49150.095,0.334,OK,0
4916,52,49160.076,0.270,OK,0
4917,53,49170.085,0.219,OK,0
4918,54,49180.098,0.384,OK,0
4919,55,49190.102,0.422,OK,0
4920,56,49200.121,0.405,OK,0
4921,57,49210.090,0.296,OK,0
4922,58,49220.078,0.376,OK,0
4923,59,49230.099,0.335,OK,0
4924,60,49240.080,0.180,OK,0
4925,61,49250.087,0.299,OK,0
4926,62,49260.078,0.443,OK,0
4927,63,49270.135,0.296,OK,0
4928,64,49280.092,0.351,OK,0
4929,65,49290.091,0.381,OK,0
4930,66,49300.077,0.338,OK,0
4931,67,49310.095,0.237,OK,0
4932,68,49320.107,0.306,OK,0
4933,69,49330.097,0.319,OK,0
4934,70,49340.071,0.284,OK,0
4935,71,49350.172,0.443,OK,0
4936,72,49360.209,0.441,OK,0
4937,73,49370.090,0.331,OK,0
4938,74,49380.153,0.490,OK,0
4939,75,49390.085,0.381,OK,0
4940,76,49400.180,0.472,OK,0
4941,77,49410.097,0.325,OK,0
4942,78,49420.160,0.349,OK,0
4943,79,49430.105,0.414,OK,0
4944,80,49440.213,0.374,OK,0
4945,81,49450.076,0.407,OK,0
4946,82,49460.087,0.368,OK,0
4947,83,49470.155,0.366,OK,0
4948,84,49480.128,0.370,OK,0
4949,85,49490.168,0.297,OK,0
4950,86,49500.144,0.209,OK,0
4951,87,49510.179,0.253,OK,0
4952,88,49520.148,0.362,OK,0
4953,89,49530.077,0.327,OK,0
4954,90,49540.203,0.271,OK,0
4955,91,49550.181,0.315,OK,0
4956,92,49560.157,0.392,OK,0
4957,93,49570.195,0.339,OK,0
4958,94,49580.165,0.318,OK,0
4959,95,49590.181,0.351,OK,0
4960,96,49600.219,0.519,OK,0
4961,97,49610.190,0.532,OK,0
4962,98,49620.172,0.358,OK,0
4963,99,49630.137,0.330,OK,0
4964,100,49640.157,0.296,OK,0
4965,101,49650.131,0.295,OK,0
4966,102,49660.204,0.307,OK,0
4967,103,49670.152,0.299,OK,0
4968,104,49680.150,0.316,OK,0
4969,105,49690.162,0.308,OK,0
4970,106,49700.134,0.307,OK,0
4971,107,49710.171,0.295,OK,0
4972,108,49720.170,0.472,OK,0
4973,109,49730.173,0.403,OK,0
4974,110,49740.163,0.411,OK,0
4975,111,49750.142,0.417,OK,0
4976,112,49760.217,0.458,OK,0
4977,113,49770.161,0.372,OK,0
4978,114,49780.256,0.365,OK,0
4979,115,49790.084,0.200,OK,0
4980,116,49800.080,0.347,OK,0
4981,117,49810.159,0.305,OK,0
4982,118,49820.163,0.311,OK,0
4983,119,49830.177,0.355,OK,0
4984,120,49840.154,0.413,OK,0
4985,121,49850.079,0.369,OK,0
4986,122,49860.170,0.328,OK,0
4987,123,49870.183,0.373,OK,0
4988,124,49880.157,0.350,OK,0
4989,125,49890.142,0.331,OK,0
4990,126,49900.145,0.300,OK,0
4991,127,49910.077,0.343,OK,0
4992,128,49920.155,0.361,OK,0
4993,129,49930.104,0.234,OK,0
4994,130,49940.104,0.381,OK,0
4995,131,49950.078,0.303,OK,0
4996,132,49960.085,0.348,OK,0
4997,133,49970.141,0.291,OK,0
4998,134,49980.087,0.298,OK,0
4999,135,49990.077,0.313,OK,0
5000,136,50000.083,0.358,OK,0
5001,137,50010.076,0.350,OK,0
5002,138,50020.095,0.289,OK,0
5003,139,50030.095,0.375,OK,0
5004,140,50040.100,0.360,OK,0
5005,141,50050.076,0.216,OK,0
5006,142,50060.101,0.375,OK,0
5007,143,50070.086,0.325,OK,0
5008,144,50080.168,0.425,OK,0
5009,145,50090.077,0.378,OK,0
5010,146,50100.083,0.456,OK,0
5011,147,50110.094,0.466,OK,0
5012,148,50120.089,0.382,OK,0
5013,149,50130.098,0.413,OK,0
5014,150,50140.087,0.374,OK,0
5015,151,50150.149,0.296,OK,0
5016,152,50160.088,0.367,OK,0
5017,153,50170.079,0.350,OK,0
5018,154,50180.096,0.338,OK,0
5019,155,50190.157,0.307,OK,0
5020,156,50200.099,0.317,OK,0
5021,157,50210.089,0.357,OK,0
5022,158,50220.076,0.277,OK,0
5023,159,50230.108,0.301,OK,0
5024,160,50240.086,0.232,OK,0
5025,161,50250.075,0.300,OK,0
5026,162,50260.089,0.296,OK,0
5027,163,50270.077,0.341,OK,0
5028,164,50280.108,0.325,OK,0
5029,165,50290.087,0.365,OK,0
5030,166,50300.098,0.328,OK,0
5031,167,50310.095,0.371,OK,0
5032,168,50320.083,0.330,OK,0
5033,169,50330.155,0.454,OK,0
5034,170,50340.087,0.357,OK,0
5035,171,50350.080,0.397,OK,0
5036,172,50360.076,0.216,OK,0
5037,173,50370.087,0.394,OK,0
5038,174,50380.097,0.349,OK,0
5039,175,50390.201,0.214,OK,0
5040,176,50400.220,0.490,OK,0
5041,177,50410.206,0.500,OK,0
5042,178,50420.188,0.323,OK,0
5043,179,50430.078,0.261,OK,0
5044,180,50440.170,0.465,OK,0
5045,181,50450.158,0.274,OK,0
5046,182,50460.162,0.435,OK,0
5047,183,50470.098,0.232,OK,0
5048,184,50480.173,0.201,OK,0
5049,185,50490.157,0.369,OK,0
5050,186,50500.165,0.343,OK,0
5051,187,50510.210,0.271,OK,0
5052,188,50520.205,0.411,OK,0
5053,189,50530.084,0.350,OK,0
5054,190,50540.213,0.448,OK,0
5055,191,50550.196,0.403,OK,0
5056,192,50560.152,0.372,OK,0
5057,193,50570.199,0.325,OK,0
5058,194,50580.162,0.317,OK,0
5059,195,50590.155,0.264,OK,0
5060,196,50600.096,0.344,OK,0
5061,197,50610.074,0.453,OK,0
5062,198,50620.169,0.434,OK,0
5063,199,50630.086,0.214,OK,0
5064,200,50640.159,0.250,OK,0
5065,201,50650.077,0.377,OK,0
5066,202,50660.081,0.299,OK,0
5067,203,50670.102,0.404,OK,0
5068,204,50680.094,0.289,OK,0
5069,205,50690.090,0.275,OK,0
5070,206,50700.095,0.356,OK,0
5071,207,50710.089,0.317,OK,0
5072,208,50720.102,0.398,OK,0
5073,209,50730.087,0.221,OK,0
5074,210,50740.083,0.252,OK,0
5075,211,50750.076,0.277,OK,0
5076,212,50760.089,0.328,OK,0
5077,213,50770.094,0.229,OK,0
5078,214,50780.081,0.257,OK,0
5079,215,50790.075,0.256,OK,0
5080,216,50800.091,0.256,OK,0
5081,217,50810.094,0.334,OK,0
5082,218,50820.089,0.220,OK,0
5083,219,50830.093,0.298,OK,0
5084,220,50840.094,0.238,OK,0
5085,221,50850.088,0.244,OK,0
5086,222,50860.157,0.217,OK,0
5087,223,50870.089,0.236,OK,0
5088,224,50880.095,0.225,OK,0
5089,225,50890.077,0.208,OK,0
5090,226,50900.088,0.226,OK,0
5091,227,50910.091,0.224,OK,0
5092,228,50920.092,0.220,OK,0
5093,229,50930.096,0.227,OK,0
5094,230,50940.095,0.291,OK,0
5095,231,50950.090,0.281,OK,0
5096,232,50960.080,0.306,OK,0
5097,233,50970.175,0.250,OK,0
5098,234,50980.094,0.315,OK,0
5099,235,50990.093,0.262,OK,0
5100,236,51000.077,0.194,OK,0
5101,237,51010.104,0.194,OK,0
5102,238,51020.094,0.304,OK,0
5103,239,51030.099,0.402,OK,0
5104,240,51040.098,0.312,OK,0
5105,241,51050.093,0.331,OK,0
5106,242,51060.103,0.283,OK,0
5107,243,51070.074,0.268,OK,0
5108,244,51080.086,0.372,OK,0
5109,245,51090.093,0.327,OK,0
5110,246,51100.078,0.289,OK,0
5111,247,51110.076,0.298,OK,0
5112,248,51120.092,0.421,OK,0
5113,249,51130.087,0.324,OK,0
5114,250,51140.086,0.304,OK,0
5115,251,51150.088,0.288,OK,0
5116,252,51160.076,0.289,OK,0
5117,253,51170.076,0.300,OK,0
5118,254,51180.086,0.340,OK,0
5119,255,51190.077,0.345,OK,0
5120,0,51200.079,0.227,OK,0
5121,1,51210.076,0.219,OK,0
5122,2,51220.085,0.263,OK,0
5123,3,51230.085,0.205,OK,0
5124,4,51240.080,0.293,OK,0
5125,5,51250.083,0.306,OK,0
5126,6,51260.092,0.270,OK,0
5127,7,51270.075,0.339,OK,0
5128,8,51280.083,0.282,OK,0
5129,9,51290.103,0.277,OK,0
5130,10,51300.093,0.285,OK,0
5131,11,51310.089,0.221,OK,0
5132,12,51320.091,0.218,OK,0
5133,13,51330.076,0.227,OK,0
5134,14,51340.095,0.256,OK,0
5135,15,51350.078,0.304,OK,0
5136,16,51360.181,0.389,OK,0
5137,17,51370.156,0.310,OK,0
5138,18,51380.135,0.387,OK,0
5139,19,51390.133,0.306,OK,0
5140,20,51400.158,0.329,OK,0
5141,21,51410.157,0.439,OK,0
5142,22,51420.133,0.371,OK,0
5143,23,51430.146,0.344,OK,0
5144,24,51440.148,0.382,OK,0
5145,25,51450.178,0.226,OK,0
5146,26,51460.195,0.286,OK,0
5147,27,51470.096,0.282,OK,0
5148,28,51480.167,0.359,OK,0
5149,29,51490.092,0.268,OK,0
5150,30,51500.110,0.463,OK,0
5151,31,51510.098,0.237,OK,0
5152,32,51520.090,0.253,OK,0
5153,33,51530.118,0.241,OK,0
5154,34,51540.090,0.226,OK,0
5155,35,51550.104,0.242,OK,0
5156,36,51560.090,0.223,OK,0
5157,37,51570.094,0.232,OK,0
5158,38,51580.098,0.238,OK,0
5159,39,51590.083,0.240,OK,0
5160,40,51600.101,0.245,OK,0
5161,41,51610.076,0.290,OK,0
5162,42,51620.099,0.331,OK,0
5163,43,51630.087,0.339,OK,0
5164,44,51640.177,0.378,OK,0
5165,45,51650.145,0.321,OK,0
5166,46,51660.158,0.547,OK,0
5167,47,51670.080,0.345,OK,0
5168,48,51680.075,0.345,OK,0
5169,49,51690.090,0.292,OK,0
5170,50,51700.074,0.281,OK,0
5171,51,51710.083,0.318,OK,0
5172,52,51720.090,0.295,OK,0
5173,53,51730.151,0.452,OK,0
5174,54,51740.153,0.411,OK,0
5175,55,51750.094,0.318,OK,0
5176,56,51760.132,0.427,OK,0
5177,57,51770.155,0.383,OK,0
5178,58,51780.076,0.290,OK,0
5179,59,51790.089,0.326,OK,0
5180,60,51800.132,0.345,OK,0
5181,61,51810.189,0.332,OK,0
5182,62,51820.131,0.310,OK,0
5183,63,51830.165,0.346,OK,0
5184,64,51840.137,0.392,OK,0
5185,65,51850.108,0.374,OK,0
5186,66,51860.159,0.320,OK,0
5187,67,51870.160,0.280,OK,0
5188,68,51880.159,0.404,OK,0
5189,69,51890.157,0.401,OK,0
5190,70,51900.105,0.359,OK,0
5191,71,51910.159,0.454,OK,0
5192,72,51920.160,0.397,OK,0
5193,73,51930.169,0.401,OK,0
5194,74,51941.037,0.320,OK,0
5195,75,51950.107,0.320,OK,0
5196,76,51960.093,0.353,OK,0
5197,77,51970.110,0.313,OK,0
5198,78,51980.108,0.475,OK,0
5199,79,51990.105,0.234,OK,0
5200,80,52000.108,0.239,OK,0
5201,81,52010.099,0.271,OK,0
5202,82,52020.103,0.288,OK,0
5203,83,52030.190,0.228,OK,0
5204,84,52040.102,0.275,OK,0
5205,85,52050.098,0.285,OK,0
5206,86,52060.129,0.285,OK,0
5207,87,52070.107,0.239,OK,0
5208,88,52080.113,0.212,OK,0
5209,89,52090.085,0.190,OK,0
5210,90,52100.083,0.197,OK,0
5211,91,52110.077,0.195,OK,0
5212,92,52120.110,0.232,OK,0
5213,93,52130.113,0.236,OK,0
5214,94,52140.087,0.290,OK,0
5215,95,52150.082,0.211,OK,0
5216,96,52160.087,0.185,OK,0
5217,97,52170.096,0.214,OK,0
5218,98,52180.093,0.220,OK,0
5219,99,52190.088,0.203,OK,0
5220,100,52200.084,0.225,OK,0
5221,101,52210.080,0.330,OK,0
5222,102,52220.087,0.232,OK,0
5223,103,52230.092,0.287,OK,0
5224,104,52240.096,0.259,OK,0
5225,105,52250.095,0.304,OK,0
5226,106,52260.116,0.333,OK,0
5227,107,52270.113,0.247,OK,0
5228,108,52280.089,0.207,OK,0
5229,109,52290.083,0.230,OK,0
5230,110,52300.078,0.428,OK,0
5231,111,52310.081,0.348,OK,0
5232,112,52320.106,0.356,OK,0
5233,113,52330.080,0.290,OK,0
5234,114,52340.105,0.318,OK,0
5235,115,52350.101,0.267,OK,0
5236,116,52360.101,0.207,OK,0
5237,117,52370.085,0.237,OK,0
5238,118,52380.085,0.319,OK,0
5239,119,52390.104,0.264,OK,0
5240,120,52400.087,0.216,OK,0
5241,121,52410.093,0.218,OK,0
5242,122,52420.092,0.208,OK,0
5243,123,52430.080,0.200,OK,0
5244,124,52440.081,0.305,OK,0
5245,125,52450.090,0.249,OK,0
5246,126,52460.111,0.386,OK,0
5247,127,52470.094,0.413,OK,0
5248,128,52480.118,0.268,OK,0
5249,129,52490.105,0.206,OK,0
5250,130,52500.125,0.262,OK,0
5251,131,52510.107,0.236,OK,0
5252,132,52520.126,0.257,OK,0
5253,133,52530.120,0.250,OK,0
5254,134,52540.088,0.229,OK,0
5255,135,52550.098,0.224,OK,0
5256,136,52560.096,0.238,OK,0
5257,137,52570.183,0.255,OK,0
5258,138,52580.125,0.265,OK,0
5259,139,52590.115,0.245,OK,0
5260,140,52600.158,0.251,OK,0
5261,141,52610.094,0.319,OK,0
5262,142,52620.091,0.337,OK,0
5263,143,52630.156,0.232,OK,0
5264,144,52640.157,0.223,OK,0
5265,145,52650.147,0.267,OK,0
5266,146,52660.082,0.339,OK,0
5267,147,52670.093,0.233,OK,0
5268,148,52680.084,0.277,OK,0
5269,149,52690.109,0.202,OK,0
5270,150,52700.108,0.236,OK,0
5271,151,52710.094,0.221,OK,0
5272,152,52720.089,0.388,OK,0
5273,153,52730.103,0.219,OK,0
5274,154,52740.103,0.250,OK,0
5275,155,52750.099,0.240,OK,0
5276,156,52760.093,0.275,OK,0
5277,157,52770.104,0.233,OK,0
5278,158,52780.100,0.262,OK,0
5279,159,52790.083,0.308,OK,0
5280,160,52800.081,0.474,OK,0
5281,161,52810.106,0.265,OK,0
5282,162,52820.114,0.232,OK,0
5283,163,52830.109,0.299,OK,0
5284,164,52840.169,0.338,OK,0
5285,165,52850.119,0.280,OK,0
5286,166,52860.121,0.433,OK,0
5287,167,52870.130,0.341,OK,0
5288,168,52880.108,0.343,OK,0
5289,169,52890.084,0.345,OK,0
5290,170,52900.089,0.218,OK,0
5291,171,52910.095,0.380,OK,0
5292,172,52920.093,0.321,OK,0
5293,173,52930.188,0.271,OK,0
5294,174,52940.107,0.243,OK,0
5295,175,52950.107,0.254,OK,0
5296,176,52960.105,0.226,OK,0
5297,177,52970.107,0.246,OK,0
5298,178,52980.124,0.250,OK,0
5299,179,52990.095,0.281,OK,0
5300,180,53000.091,0.232,OK,0
5301,181,53010.093,0.224,OK,0
5302,182,53020.119,0.243,OK,0
5303,183,53030.127,0.263,OK,0
5304,184,53040.102,0.262,OK,0
5305,185,53050.097,0.292,OK,0
5306,186,53060.140,0.312,OK,0
5307,187,53070.113,0.217,OK,0
5308,188,53080.082,0.228,OK,0
5309,189,53090.095,0.291,OK,0
5310,190,53100.089,0.333,OK,0
5311,191,53110.083,0.327,OK,0
5312,192,53120.085,0.352,OK,0
5313,193,53130.094,0.327,OK,0
5314,194,53140.082,0.336,OK,0
5315,195,53150.093,0.385,OK,0
5316,196,53160.110,0.341,OK,0
5317,197,53170.091,0.422,OK,0
5318,198,53180.080,0.358,OK,0
5319,199,53190.087,0.354,OK,0
5320,200,53200.086,0.320,OK,0
5321,201,53210.083,0.307,OK,0
5322,202,53220.092,0.345,OK,0
5323,203,53230.080,0.300,OK,0
5324,204,53240.083,0.335,OK,0
5325,205,53250.076,0.353,OK,0
5326,206,53260.094,0.341,OK,0
5327,207,53270.085,0.318,OK,0
5328,208,53280.082,0.343,OK,0
5329,209,53290.088,0.315,OK,0
5330,210,53300.090,0.320,OK,0
5331,211,53310.221,0.344,OK,0
5332,212,53320.170,0.348,OK,0
5333,213,53330.072,0.316,OK,0
5334,214,53340.164,0.329,OK,0
5335,215,53350.083,0.531,OK,0
5336,216,53360.102,0.334,OK,0
5337,217,53370.081,0.361,OK,0
5338,218,53380.138,0.358,OK,0
5339,219,53390.180,0.246,OK,0
5340,220,53400.101,0.239,OK,0
5341,221,53410.111,0.270,OK,0
5342,222,53420.114,0.271,OK,0
5343,223,53430.156,0.217,OK,0
5344,224,53440.187,0.240,OK,0
5345,225,53450.109,0.280,OK,0
5346,226,53460.107,0.260,OK,0
5347,227,53470.109,0.258,OK,0
5348,228,53480.113,0.247,OK,0
5349,229,53490.104,0.315,OK,0
5350,230,53500.094,0.269,OK,0
5351,231,53510.173,0.266,OK,0
5352,232,53520.112,0.273,OK,0
5353,233,53530.097,0.269,OK,0
5354,234,53540.110,0.293,OK,0
5355,235,53550.179,0.238,OK,0
5356,236,53560.169,0.311,OK,0
5357,237,53570.136,0.294,OK,0
5358,238,53580.152,0.477,OK,0
5359,239,53590.076,0.266,OK,0
5360,240,53600.151,0.314,OK,0
5361,241,53610.152,0.349,OK,0
5362,242,53620.145,0.445,OK,0
5363,243,53630.145,0.314,OK,0
5364,244,53640.159,0.403,OK,0
5365,245,53650.159,0.315,OK,0
5366,246,53660.165,0.298,OK,0
5367,247,53670.166,0.299,OK,0
5368,248,53680.098,0.440,OK,0
5369,249,53690.151,0.437,OK,0
5370,250,53700.092,0.490,OK,0
5371,251,53710.161,0.323,OK,0
5372,252,53720.148,0.285,OK,0
5373,253,53730.165,0.217,OK,0
5374,254,53740.099,0.324,OK,0
5375,255,53750.162,0.229,OK,0
5376,0,53760.190,0.220,OK,0
5377,1,53770.140,0.244,OK,0
5378,2,53780.150,0.261,OK,0
5379,3,53790.194,0.227,OK,0
5380,4,53800.148,0.296,OK,0
5381,5,53810.196,0.263,OK,0
5382,6,53820.215,0.470,OK,0
5383,7,53830.183,0.350,OK,0
5384,8,53840.082,0.209,OK,0
5385,9,53850.090,0.222,OK,0
5386,10,53860.093,0.249,OK,0
5387,11,53870.087,0.226,OK,0
5388,12,53880.088,0.217,OK,0
5389,13,53890.162,0.244,OK,0
5390,14,53900.105,0.331,OK,0
5391,15,53910.095,0.285,OK,0
5392,16,53920.081,0.320,OK,0
5393,17,53930.160,0.359,OK,0
5394,18,53940.199,0.244,OK,0
5395,19,53950.086,0.316,OK,0
5396,20,53960.153,0.381,OK,0
5397,21,53970.078,0.265,OK,0
5398,22,53980.092,0.228,OK,0
5399,23,53990.132,0.316,OK,0
5400,24,54000.111,0.311,OK,0
5401,25,54010.123,0.322,OK,0
5402,26,54020.106,0.325,OK,0
5403,27,54030.120,0.320,OK,0
5404,28,54040.091,0.212,OK,0
5405,29,54050.122,0.348,OK,0
5406,30,54060.117,0.246,OK,0
5407,31,54070.113,0.325,OK,0
5408,32,54080.115,0.305,OK,0
5409,33,54090.086,0.225,OK,0
5410,34,54100.115,0.302,OK,0
5411,35,54110.087,0.219,OK,0
5412,36,54120.109,0.230,OK,0
5413,37,54130.123,0.289,OK,0
5414,38,54140.095,0.276,OK,0
5415,39,54150.091,0.327,OK,0
5416,40,54160.073,0.387,OK,0
5417,41,54170.094,0.319,OK,0
5418,42,54180.097,0.273,OK,0
5419,43,54190.095,0.230,OK,0
5420,44,54200.100,0.328,OK,0
5421,45,54210.089,0.309,OK,0
5422,46,54220.089,0.348,OK,0
5423,47,54230.084,0.267,OK,0
5424,48,54240.078,0.231,OK,0
5425,49,54250.109,0.250,OK,0
5426,50,54260.086,0.231,OK,0
5427,51,54270.082,0.208,OK,0
5428,52,54280.096,0.262,OK,0
5429,53,54290.081,0.264,OK,0
5430,54,54300.111,0.259,OK,0
5431,55,54310.112,0.274,OK,0
5432,56,54320.093,0.212,OK,0
5433,57,54330.089,0.204,OK,0
5434,58,54340.126,0.296,OK,0
5435,59,54350.116,0.369,OK,0
5436,60,54360.089,0.299,OK,0
5437,61,54370.110,0.249,OK,0
5438,62,54380.122,0.242,OK,0
5439,63,54390.111,0.387,OK,0
5440,64,54400.099,0.265,OK,0
5441,65,54410.118,0.234,OK,0
5442,66,54420.106,0.254,OK,0
5443,67,54430.085,0.269,OK,0
5444,68,54440.112,0.232,OK,0
5445,69,54450.118,0.301,OK,0
5446,70,54460.131,0.269,OK,0
5447,71,54470.161,0.410,OK,0
5448,72,54480.184,0.236,OK,0
5449,73,54490.101,0.245,OK,0
5450,74,54500.089,0.233,OK,0
5451,75,54510.096,0.273,OK,0
5452,76,54520.098,0.254,OK,0
5453,77,54530.095,0.268,OK,0
5454,78,54540.117,0.269,OK,0
5455,79,54550.106,0.276,OK,0
5456,80,54560.093,0.231,OK,0
5457,81,54570.088,0.249,OK,0
5458,82,54580.084,0.243,OK,0
5459,83,54590.091,0.235,OK,0
5460,84,54600.092,0.272,OK,0
5461,85,54610.105,0.232,OK,0
5462,86,54620.118,0.245,OK,0
5463,87,54630.087,0.222,OK,0
5464,88,54640.097,0.215,OK,0
5465,89,54650.082,0.249,OK,0
5466,90,54660.106,0.256,OK,0
5467,91,54670.092,0.286,OK,0
5468,92,54680.085,0.292,OK,0
5469,93,54690.097,0.246,OK,0
5470,94,54700.083,0.396,OK,0
5471,95,54710.091,0.275,OK,0
5472,96,54720.081,0.222,OK,0
5473,97,54730.096,0.238,OK,0
5474,98,54740.122,0.268,OK,0
5475,99,54750.082,0.310,OK,0
5476,100,54760.084,0.285,OK,0
5477,101,54770.082,0.370,OK,0
5478,102,54780.115,0.330,OK,0
5479,103,54790.199,0.299,OK,0
5480,104,54800.170,0.345,OK,0
5481,105,54810.118,0.243,OK,0
5482,106,54820.096,0.269,OK,0
5483,107,54830.110,0.259,OK,0
5484,108,54840.111,0.273,OK,0
5485,109,54850.100,0.239,OK,0
5486,110,54860.101,0.288,OK,0
5487,111,54870.132,0.281,OK,0
5488,112,54880.096,0.225,OK,0
5489,113,54890.120,0.239,OK,0
5490,114,54900.091,0.289,OK,0
5491,115,54910.112,0.271,OK,0
5492,116,54920.097,0.337,OK,0
5493,117,54930.184,0.384,OK,0
5494,118,54940.120,0.379,OK,0
5495,119,54950.103,0.346,OK,0
5496,120,54960.098,0.304,OK,0
5497,121,54970.161,0.232,OK,0
5498,122,54980.104,0.278,OK,0
5499,123,54990.089,0.249,OK,0
5500,124,55000.095,0.294,OK,0
5501,125,55010.122,0.304,OK,0
5502,126,55020.084,0.255,OK,0
5503,127,55030.094,0.245,OK,0
5504,128,55040.087,0.254,OK,0
5505,129,55050.147,0.230,OK,0
5506,130,55060.174,0.354,OK,0
5507,131,55070.168,0.393,OK,0
5508,132,55080.129,0.334,OK,0
5509,133,55090.100,0.362,OK,0
5510,134,55100.157,0.391,OK,0
5511,135,55110.093,0.515,OK,0
5512,136,55120.122,0.350,OK,0
5513,137,55130.111,0.365,OK,0
5514,138,55140.104,0.270,OK,0
5515,139,55150.122,0.345,OK,0
5516,140,55160.181,0.415,OK,0
5517,141,55170.094,0.279,OK,0
5518,142,55180.171,0.401,OK,0
5519,143,55190.126,0.266,OK,0
5520,144,55200.126,0.223,OK,0
5521,145,55210.121,0.254,OK,0
5522,146,55220.125,0.311,OK,0
5523,147,55230.093,0.369,OK,0
5524,148,55240.102,0.269,OK,0
5525,149,55250.089,0.338,OK,0
5526,150,55260.088,0.341,OK,0
5527,151,55270.069,0.406,OK,0
5528,152,55280.113,0.329,OK,0
5529,153,55290.114,0.317,OK,0
5530,154,55300.099,0.327,OK,0
5531,155,55310.091,0.390,OK,0
5532,156,55320.096,0.410,OK,0
5533,157,55330.105,0.367,OK,0
5534,158,55340.092,0.271,OK,0
5535,159,55350.100,0.256,OK,0
5536,160,55360.124,0.233,OK,0
5537,161,55370.131,0.251,OK,0
5538,162,55380.097,0.268,OK,0
5539,163,55390.124,0.243,OK,0
5540,164,55400.132,0.375,OK,0
5541,165,55410.104,0.353,OK,0
5542,166,55420.123,0.349,OK,0
5543,167,55430.093,0.287,OK,0
5544,168,55440.082,0.284,OK,0
5545,169,55450.089,0.268,OK,0
5546,170,55460.094,0.277,OK,0
5547,171,55470.084,0.283,OK,0
5548,172,55480.116,0.308,OK,0
5549,173,55490.098,0.306,OK,0
5550,174,55500.087,0.289,OK,0
5551,175,55510.168,0.321,OK,0
5552,176,55520.146,0.333,OK,0
5553,177,55530.151,0.295,OK,0
5554,178,55540.093,0.278,OK,0
5555,179,55550.110,0.404,OK,0
5556,180,55560.117,0.545,OK,0
5557,181,55570.094,0.373,OK,0
5558,182,55580.081,0.473,OK,0
5559,183,55590.093,0.326,OK,0
5560,184,55600.094,0.506,OK,0
5561,185,55610.085,0.293,OK,0
5562,186,55620.114,0.365,OK,0
5563,187,55630.109,0.274,OK,0
5564,188,55640.099,0.341,OK,0
5565,189,55650.086,0.195,OK,0
5566,190,55660.115,0.304,OK,0
5567,191,55670.090,0.289,OK,0
5568,192,55680.080,0.187,OK,0
5569,193,55690.104,0.301,OK,0
5570,194,55700.099,0.286,OK,0
5571,195,55710.074,0.181,OK,0
5572,196,55720.103,0.269,OK,0
5573,197,55730.104,0.282,OK,0
5574,198,55740.122,0.264,OK,0
5575,199,55750.124,0.266,OK,0
5576,200,55760.114,0.450,OK,0
5577,201,55770.117,0.284,OK,0
5578,202,55780.103,0.298,OK,0
5579,203,55790.112,0.314,OK,0
5580,204,55800.134,0.278,OK,0
5581,205,55810.097,0.329,OK,0
5582,206,55820.115,0.321,OK,0
5583,207,55830.101,0.315,OK,0
5584,208,55840.117,0.291,OK,0
5585,209,55850.099,0.308,OK,0
5586,210,55860.120,0.298,OK,0
5587,211,55870.133,0.321,OK,0
5588,212,55880.099,0.423,OK,0
5589,213,55890.134,0.299,OK,0
5590,214,55900.120,0.313,OK,0
5591,215,55910.096,0.312,OK,0
5592,216,55920.119,0.315,OK,0
5593,217,55930.081,0.213,OK,0
5594,218,55940.081,0.214,OK,0
5595,219,55950.092,0.472,OK,0
5596,220,55960.121,0.316,OK,0
5597,221,55970.096,0.311,OK,0
5598,222,55980.101,0.284,OK,0
5599,223,55990.102,0.361,OK,0
5600,224,56000.080,0.230,OK,0
5601,225,56010.116,0.375,OK,0
5602,226,56020.095,0.456,OK,0
5603,227,56030.099,0.396,OK,0
5604,228,56040.094,0.473,OK,0
5605,229,56050.098,0.288,OK,0
5606,230,56060.109,0.358,OK,0
5607,231,56070.087,0.340,OK,0
5608,232,56080.089,0.366,OK,0
5609,233,56090.094,0.369,OK,0
5610,234,56100.079,0.407,OK,0
5611,235,56110.091,0.291,OK,0
5612,236,56120.073,0.404,OK,0
5613,237,56130.094,0.213,OK,0
5614,238,56140.103,0.410,OK,0
5615,239,56150.111,0.379,OK,0
5616,240,56160.114,0.524,OK,0
5617,241,56170.110,0.560,OK,0
5618,242,56180.118,0.417,OK,0
5619,243,56190.132,0.377,OK,0
5620,244,56200.111,0.403,OK,0
5621,245,56210.127,0.482,OK,0
5622,246,56220.108,0.348,OK,0
5623,247,56230.106,0.321,OK,0
5624,248,56240.082,0.307,OK,0
5625,249,56250.106,0.449,OK,0
5626,250,56260.107,0.332,OK,0
5627,251,56270.181,0.361,OK,0
5628,252,56280.120,0.490,OK,0
5629,253,56290.116,0.589,OK,0
5630,254,56300.081,0.280,OK,0
5631,255,56310.115,0.304,OK,0
5632,0,56320.088,0.243,OK,0
5633,1,56330.106,0.331,OK,0
5634,2,56340.100,0.255,OK,0
5635,3,56350.112,0.461,OK,0
5636,4,56360.109,0.458,OK,0
5637,5,56370.082,0.280,OK,0
5638,6,56380.113,0.360,OK,0
5639,7,56390.127,0.538,OK,0
5640,8,56400.111,0.430,OK,0
5641,9,56410.113,0.410,OK,0
5642,10,56420.098,0.316,OK,0
5643,11,56430.113,0.408,OK,0
5644,12,56440.122,0.419,OK,0
5645,13,56450.105,0.396,OK,0
5646,14,56460.226,0.305,OK,0
5647,15,56470.113,0.270,OK,0
5648,16,56480.114,0.273,OK,0
5649,17,56490.093,0.285,OK,0
5650,18,56500.164,0.341,OK,0
5651,19,56510.114,0.334,OK,0
5652,20,56520.106,0.336,OK,0
5653,21,56530.115,0.308,OK,0
5654,22,56540.113,0.352,OK,0
5655,23,56550.105,0.253,OK,0
5656,24,56560.131,0.424,OK,0
5657,25,56570.113,0.262,OK,0
5658,26,56580.106,0.372,OK,0
5659,27,56590.080,0.260,OK,0
5660,28,56600.132,0.461,OK,0
5661,29,56610.125,0.319,OK,0
5662,30,56620.103,0.517,OK,0
5663,31,56630.090,0.318,OK,0
5664,32,56640.079,0.333,OK,0
5665,33,56650.104,0.541,OK,0
5666,34,56660.131,0.320,OK,0
5667,35,56670.179,0.348,OK,0
5668,36,56680.122,0.402,OK,0
5669,37,56690.118,0.349,OK,0
5670,38,56700.080,0.310,OK,0
5671,39,56710.081,0.253,OK,0
5672,40,56720.101,0.563,OK,0
5673,41,56730.109,0.248,OK,0
5674,42,56740.095,0.221,OK,0
5675,43,56750.094,0.277,OK,0
5676,44,56760.119,0.250,OK,0
5677,45,56770.102,0.359,OK,0
5678,46,56780.091,0.353,OK,0
5679,47,56790.109,0.307,OK,0
5680,48,56800.084,0.397,OK,0
5681,49,56810.083,0.344,OK,0
5682,50,56820.110,0.338,OK,0
5683,51,56830.141,0.505,OK,0
5684,52,56840.141,0.319,OK,0
5685,53,56850.121,0.323,OK,0
5686,54,56860.109,0.304,OK,0
5687,55,56870.107,0.410,OK,0
5688,56,56880.082,0.393,OK,0
5689,57,56890.104,0.298,OK,0
5690,58,56900.118,0.403,OK,0
5691,59,56910.099,0.408,OK,0
5692,60,56920.090,0.336,OK,0
5693,61,56930.081,0.323,OK,0
5694,62,56940.150,0.415,OK,0
5695,63,56950.149,0.526,OK,0
5696,64,56960.153,0.728,OK,0
5697,65,56970.137,0.600,OK,0
5698,66,56980.116,0.315,OK,0
5699,67,56990.111,0.330,OK,0
5700,68,57000.117,0.324,OK,0
5701,69,57010.118,0.318,OK,0
5702,70,57020.117,0.348,OK,0
5703,71,57030.087,0.373,OK,0
5704,72,57040.108,0.265,OK,0
5705,73,57050.113,0.256,OK,0
5706,74,57060.123,0.441,OK,0
5707,75,57070.186,0.436,OK,0
5708,76,57080.114,0.373,OK,0
5709,77,57090.112,0.313,OK,0
5710,78,57100.115,0.416,OK,0
5711,79,57110.095,0.356,OK,0
5712,80,57120.110,0.408,OK,0
5713,81,57130.115,0.437,OK,0
5714,82,57140.086,0.482,OK,0
5715,83,57150.118,0.341,OK,0
5716,84,57160.118,0.383,OK,0
5717,85,57170.135,0.444,OK,0
5718,86,57180.117,0.332,OK,0
5719,87,57190.111,0.482,OK,0
5720,88,57200.124,0.399,OK,0
5721,89,57210.119,0.417,OK,0
5722,90,57220.119,0.334,OK,0
5723,91,57230.093,0.391,OK,0
5724,92,57240.119,0.356,OK,0
5725,93,57250.117,0.396,OK,0
5726,94,57260.113,0.343,OK,0
5727,95,57270.110,0.375,OK,0
5728,96,57280.114,0.389,OK,0
5729,97,57290.113,0.403,OK,0
5730,98,57300.113,0.355,OK,0
5731,99,57310.127,0.404,OK,0
5732,100,57320.112,0.310,OK,0
5733,101,57330.109,0.368,OK,0
5734,102,57340.090,0.335,OK,0
5735,103,57350.190,0.522,OK,0
5736,104,57360.114,0.382,OK,0
5737,105,57370.084,0.214,OK,0
5738,106,57380.084,0.302,OK,0
5739,107,57390.094,0.319,OK,0
5740,108,57400.116,0.344,OK,0
5741,109,57410.125,0.316,OK,0
5742,110,57420.082,0.381,OK,0
5743,111,57430.184,0.502,OK,0
5744,112,57440.222,0.387,OK,0
5745,113,57450.097,0.403,OK,0
5746,114,57460.123,0.367,OK,0
5747,115,57470.143,0.292,OK,0
5748,116,57480.077,0.274,OK,0
5749,117,57490.087,0.353,OK,0
5750,118,57500.099,0.334,OK,0
5751,119,57510.150,0.312,OK,0
5752,120,57520.096,0.347,OK,0
5753,121,57530.102,0.416,OK,0
5754,122,57540.085,0.389,OK,0
5755,123,57550.175,0.328,OK,0
5756,124,57560.188,0.515,OK,0
5757,125,57570.115,0.340,OK,0
5758,126,57580.151,0.309,OK,0
5759,127,57590.089,0.302,OK,0
5760,128,57600.107,0.344,OK,0
5761,129,57610.093,0.317,OK,0
5762,130,57620.092,0.388,OK,0
5763,131,57630.080,0.396,OK,0
5764,132,57640.198,0.597,OK,0
5765,133,57650.165,0.364,OK,0
5766,134,57660.103,0.371,OK,0
5767,135,57670.081,0.242,OK,0
5768,136,57680.151,0.328,OK,0
5769,137,57690.098,0.333,OK,0
5770,138,57700.082,0.367,OK,0
5771,139,57710.130,0.331,OK,0
5772,140,57720.149,0.325,OK,0
5773,141,57730.156,0.241,OK,0
5774,142,57740.153,0.317,OK,0
5775,143,57750.094,0.448,OK,0
5776,144,57760.082,0.311,OK,0
5777,145,57770.079,0.298,OK,0
5778,146,57780.081,0.391,OK,0
5779,147,57790.083,0.444,OK,0
5780,148,57800.159,0.406,OK,0
5781,149,57810.165,0.375,OK,0
5782,150,57820.105,0.385,OK,0
5783,151,57830.080,0.261,OK,0
5784,152,57840.087,0.348,OK,0
5785,153,57850.105,0.329,OK,0
5786,154,57860.147,0.342,OK,0
5787,155,57870.202,0.633,OK,0
5788,156,57880.094,0.476,OK,0
5789,157,57890.160,0.483,OK,0
5790,158,57900.153,0.371,OK,0
5791,159,57910.143,0.332,OK,0
5792,160,57920.093,0.377,OK,0
5793,161,57930.096,0.384,OK,0
5794,162,57940.107,0.326,OK,0
5795,163,57950.137,0.348,OK,0
5796,164,57960.092,0.295,OK,0
5797,165,57970.087,0.339,OK,0
5798,166,57980.153,0.353,OK,0
5799,167,57990.108,0.356,OK,0
5800,168,58000.094,0.226,OK,0
5801,169,58010.107,0.319,OK,0
5802,170,58020.245,0.531,OK,0
5803,171,58030.079,0.310,OK,0
5804,172,58040.100,0.328,OK,0
5805,173,58050.230,0.516,OK,0
5806,174,58060.181,0.474,OK,0
5807,175,58070.162,0.486,OK,0
5808,176,58080.136,0.320,OK,0
5809,177,58090.075,0.460,OK,0
5810,178,58100.090,0.446,OK,0
5811,179,58110.102,0.526,OK,0
5812,180,58120.153,0.434,OK,0
5813,181,58130.163,0.447,OK,0
5814,182,58140.084,0.404,OK,0
5815,183,58150.087,0.394,OK,0
5816,184,58160.161,0.405,OK,0
5817,185,58170.085,0.349,OK,0
5818,186,58180.093,0.416,OK,0
5819,187,58190.133,0.366,OK,0
5820,188,58200.150,0.333,OK,0
5821,189,58210.115,0.443,OK,0
5822,190,58220.087,0.530,OK,0
5823,191,58230.141,0.363,OK,0
5824,192,58240.072,0.355,OK,0
5825,193,58250.076,0.397,OK,0
5826,194,58260.151,0.405,OK,0
5827,195,58270.125,0.360,OK,0
5828,196,58280.075,0.450,OK,0
5829,197,58290.072,0.371,OK,0
5830,198,58300.145,0.412,OK,0
5831,199,58310.129,0.370,OK,0
5832,200,58320.094,0.518,OK,0
5833,201,58330.112,0.511,OK,0
5834,202,58340.094,0.388,OK,0
5835,203,58350.118,0.396,OK,0
5836,204,58360.162,0.421,OK,0
5837,205,58370.095,0.340,OK,0
5838,206,58380.158,0.388,OK,0
5839,207,58390.104,0.350,OK,0
5840,208,58400.183,0.251,OK,0
5841,209,58410.103,0.383,OK,0
5842,210,58420.194,0.281,OK,0
5843,211,58430.125,0.291,OK,0
5844,212,58440.111,0.237,OK,0
5845,213,58450.089,0.284,OK,0
5846,214,58460.120,0.405,OK,0
5847,215,58470.180,0.315,OK,0
5848,216,58480.191,0.244,OK,0
5849,217,58490.096,0.343,OK,0
5850,218,58500.190,0.323,OK,0
5851,219,58510.193,0.282,OK,0
5852,220,58520.106,0.374,OK,0
5853,221,58530.215,0.465,OK,0
5854,222,58540.109,0.358,OK,0
5855,223,58550.205,0.296,OK,0
5856,224,58560.093,0.286,OK,0
5857,225,58570.237,0.426,OK,0
5858,226,58580.185,0.290,OK,0
5859,227,58590.161,0.351,OK,0
5860,228,58600.106,0.317,OK,0
5861,229,58610.079,0.303,OK,0
5862,230,58620.158,0.336,OK,0
5863,231,58630.169,0.309,OK,0
5864,232,58640.154,0.294,OK,0
5865,233,58650.180,0.328,OK,0
5866,234,58660.096,0.329,OK,0
5867,235,58670.165,0.352,OK,0
5868,236,58680.087,0.343,OK,0
5869,237,58690.176,0.355,OK,0
5870,238,58700.104,0.402,OK,0
5871,239,58710.132,0.358,OK,0
5872,240,58720.091,0.382,OK,0
5873,241,58730.084,0.272,OK,0
5874,242,58740.105,0.453,OK,0
5875,243,58750.093,0.372,OK,0
5876,244,58760.144,0.339,OK,0
5877,245,58770.157,0.299,OK,0
5878,246,58780.101,0.326,OK,0
5879,247,58790.207,0.369,OK,0
5880,248,58800.208,0.422,OK,0
5881,249,58810.136,0.442,OK,0
5882,250,58820.167,0.318,OK,0
5883,251,58830.199,0.330,OK,0
5884,252,58840.140,0.325,OK,0
5885,253,58850.106,0.384,OK,0
5886,254,58860.187,0.342,OK,0
5887,255,58870.197,0.231,OK,0
5888,0,58880.163,0.299,OK,0
5889,1,58890.170,0.292,OK,0
5890,2,58900.164,0.275,OK,0
5891,3,58910.163,0.435,OK,0
5892,4,58920.195,0.261,OK,0
5893,5,58930.113,0.321,OK,0
5894,6,58940.088,0.330,OK,0
5895,7,58950.082,0.341,OK,0
5896,8,58960.098,0.257,OK,0
5897,9,58970.163,0.369,OK,0
5898,10,58980.082,0.285,OK,0
5899,11,58990.153,0.318,OK,0
5900,12,59000.102,0.239,OK,0
5901,13,59010.083,0.327,OK,0
5902,14,59020.080,0.247,OK,0
5903,15,59030.098,0.335,OK,0
5904,16,59040.095,0.225,OK,0
5905,17,59050.085,0.305,OK,0
5906,18,59060.147,0.292,OK,0
5907,19,59070.143,0.327,OK,0
5908,20,59080.150,0.340,OK,0
5909,21,59090.149,0.321,OK,0
5910,22,59100.145,0.327,OK,0
5911,23,59110.095,0.306,OK,0
5912,24,59120.158,0.338,OK,0
5913,25,59130.086,0.258,OK,0
5914,26,59140.077,0.220,OK,0
5915,27,59150.089,0.249,OK,0
5916,28,59160.090,0.314,OK,0
5917,29,59170.164,0.251,OK,0
5918,30,59180.195,0.278,OK,0
5919,31,59190.167,0.314,OK,0
5920,32,59200.176,0.275,OK,0
5921,33,59210.148,0.270,OK,0
5922,34,59220.207,0.279,OK,0
5923,35,59230.147,0.270,OK,0
5924,36,59240.165,0.304,OK,0
5925,37,59250.090,0.372,OK,0
5926,38,59260.186,0.474,OK,0
5927,39,59270.105,0.323,OK,0
5928,40,59280.188,0.298,OK,0
5929,41,59290.165,0.360,OK,0
5930,42,59300.160,0.380,OK,0
5931,43,59310.158,0.267,OK,0
5932,44,59320.085,0.317,OK,0
5933,45,59330.177,0.427,OK,0
5934,46,59340.189,0.434,OK,0
5935,47,59350.089,0.463,OK,0
5936,48,59360.102,0.237,OK,0
5937,49,59370.189,0.241,OK,0
5938,50,59380.105,0.220,OK,0
5939,51,59390.089,0.242,OK,0
5940,52,59400.081,0.410,OK,0
5941,53,59410.084,0.350,OK,0
5942,54,59420.094,0.336,OK,0
5943,55,59430.157,0.305,OK,0
5944,56,59440.095,0.330,OK,0
5945,57,59450.074,0.525,OK,0
5946,58,59460.082,0.365,OK,0
5947,59,59470.109,0.362,OK,0
5948,60,59480.087,0.373,OK,0
5949,61,59490.092,0.256,OK,0
5950,62,59500.092,0.380,OK,0
5951,63,59510.092,0.414,OK,0
5952,64,59520.239,0.515,OK,0
5953,65,59530.103,0.284,OK,0
5954,66,59540.182,0.317,OK,0
5955,67,59550.093,0.239,OK,0
5956,68,59560.089,0.453,OK,0
5957,69,59570.192,0.492,OK,0
5958,70,59580.179,0.337,OK,0
5959,71,59590.118,0.240,OK,0
5960,72,59600.100,0.386,OK,0
5961,73,59610.114,0.343,OK,0
5962,74,59620.198,0.327,OK,0
5963,75,59630.115,0.300,OK,0
5964,76,59640.191,0.344,OK,0
5965,77,59650.163,0.343,OK,0
5966,78,59660.199,0.345,OK,0
5967,79,59670.087,0.239,OK,0
5968,80,59680.139,0.294,OK,0
5969,81,59690.100,0.326,OK,0
5970,82,59700.164,0.310,OK,0
5971,83,59710.109,0.439,OK,0
5972,84,59720.083,0.321,OK,0
5973,85,59730.186,0.420,OK,0
5974,86,59740.090,0.443,OK,0
5975,87,59750.078,0.296,OK,0
5976,88,59760.083,0.392,OK,0
5977,89,59770.206,0.271,OK,0
5978,90,59780.173,0.224,OK,0
5979,91,59790.089,0.322,OK,0
5980,92,59800.165,0.358,OK,0
5981,93,59810.122,0.253,OK,0
5982,94,59820.079,0.202,OK,0
5983,95,59830.167,0.223,OK,0
5984,96,59840.104,0.258,OK,0
5985,97,59850.110,0.273,OK,0
5986,98,59860.112,0.236,OK,0
5987,99,59870.120,0.336,OK,0
5988,100,59880.095,0.196,OK,0
5989,101,59890.095,0.204,OK,0
5990,102,59900.111,0.361,OK,0
5991,103,59910.110,0.335,OK,0
5992,104,59920.081,0.299,OK,0
5993,105,59930.100,0.292,OK,0
5994,106,59940.095,0.294,OK,0
5995,107,59950.120,0.377,OK,0
5996,108,59960.089,0.362,OK,0
5997,109,59970.122,0.253,OK,0
5998,110,59980.119,0.228,OK,0
5999,111,59990.099,0.215,OK,0
